/*
Navicat MySQL Data Transfer

Source Server         : mysql
Source Server Version : 50703
Source Host           : 127.0.0.1:3306
Source Database       : brs

Target Server Type    : MYSQL
Target Server Version : 50703
File Encoding         : 65001

Date: 2017-05-30 22:14:55
*/

SET FOREIGN_KEY_CHECKS=0;

-- ----------------------------
-- Table structure for administrator
-- ----------------------------
DROP TABLE IF EXISTS `administrator`;
CREATE TABLE `administrator` (
  `id` int(11) NOT NULL AUTO_INCREMENT,
  `account` varchar(20) NOT NULL,
  `password` varchar(20) NOT NULL,
  `power` varchar(10) NOT NULL,
  `last_login_time` datetime NOT NULL,
  PRIMARY KEY (`id`),
  UNIQUE KEY `account` (`account`)
) ENGINE=InnoDB DEFAULT CHARSET=utf8;

-- ----------------------------
-- Records of administrator
-- ----------------------------

-- ----------------------------
-- Table structure for blacklist
-- ----------------------------
DROP TABLE IF EXISTS `blacklist`;
CREATE TABLE `blacklist` (
  `id` int(11) NOT NULL,
  `black_id` int(11) NOT NULL,
  KEY `id` (`id`),
  KEY `black_id` (`black_id`),
  CONSTRAINT `blacklist_ibfk_1` FOREIGN KEY (`id`) REFERENCES `user_info` (`id`),
  CONSTRAINT `blacklist_ibfk_2` FOREIGN KEY (`black_id`) REFERENCES `user_info` (`id`)
) ENGINE=InnoDB DEFAULT CHARSET=utf8;

-- ----------------------------
-- Records of blacklist
-- ----------------------------

-- ----------------------------
-- Table structure for booklist
-- ----------------------------
DROP TABLE IF EXISTS `booklist`;
CREATE TABLE `booklist` (
  `booklist_id` int(11) NOT NULL,
  `book_id` int(11) NOT NULL,
  KEY `booklist_id` (`booklist_id`),
  KEY `book_id` (`book_id`),
  CONSTRAINT `booklist_ibfk_1` FOREIGN KEY (`booklist_id`) REFERENCES `booklist_info` (`booklist_id`),
  CONSTRAINT `booklist_ibfk_2` FOREIGN KEY (`book_id`) REFERENCES `books_info` (`book_id`)
) ENGINE=InnoDB DEFAULT CHARSET=utf8;

-- ----------------------------
-- Records of booklist
-- ----------------------------
INSERT INTO `booklist` VALUES ('1', '1');
INSERT INTO `booklist` VALUES ('1', '4');
INSERT INTO `booklist` VALUES ('1', '12');
INSERT INTO `booklist` VALUES ('1', '27');
INSERT INTO `booklist` VALUES ('1', '28');
INSERT INTO `booklist` VALUES ('1', '36');
INSERT INTO `booklist` VALUES ('1', '49');
INSERT INTO `booklist` VALUES ('1', '50');
INSERT INTO `booklist` VALUES ('2', '7');
INSERT INTO `booklist` VALUES ('2', '10');
INSERT INTO `booklist` VALUES ('2', '38');

-- ----------------------------
-- Table structure for booklist_info
-- ----------------------------
DROP TABLE IF EXISTS `booklist_info`;
CREATE TABLE `booklist_info` (
  `booklist_id` int(11) NOT NULL AUTO_INCREMENT,
  `booklist_name` varchar(20) NOT NULL,
  `booklist_synopsis` varchar(200) NOT NULL,
  `creater_id` int(11) NOT NULL,
  `picture` varchar(100) DEFAULT NULL,
  PRIMARY KEY (`booklist_id`)
) ENGINE=InnoDB AUTO_INCREMENT=3 DEFAULT CHARSET=utf8;

-- ----------------------------
-- Records of booklist_info
-- ----------------------------
INSERT INTO `booklist_info` VALUES ('1', '青春之旅', '时光的轮盘一刻不停地转动着，恍若间已过去十几个春秋。拿着镜子，呆呆地看着————我已不再是当年懵懂的孩子了，进入了一生中最美好的青春时代。', '46', 'booklist_picture/暂无封面.jpg');
INSERT INTO `booklist_info` VALUES ('2', '推理大侦探', '科学的逻辑推理，运用推理手段拨开疑云迷雾，揭示案情和破案过程。推理、情节，曲折离奇，引人入胜，通过深入细致的分析和准确的判断使人佩服。', '78', 'booklist_picture/暂无封面.jpg');

-- ----------------------------
-- Table structure for books_info
-- ----------------------------
DROP TABLE IF EXISTS `books_info`;
CREATE TABLE `books_info` (
  `book_id` int(11) NOT NULL AUTO_INCREMENT,
  `title` varchar(20) NOT NULL,
  `writer_id` int(11) NOT NULL,
  `isbn` varchar(25) DEFAULT NULL,
  `press` varchar(30) DEFAULT NULL,
  `publish_date` date DEFAULT NULL,
  `op_date` date NOT NULL,
  `if_free` tinyint(4) NOT NULL,
  `price` double NOT NULL,
  `evaluation_level` double DEFAULT NULL,
  `category` varchar(50) DEFAULT NULL,
  `num_of_words` int(11) DEFAULT NULL,
  `context` text,
  `brief_introduction` text,
  `picture` varchar(100) DEFAULT NULL,
  PRIMARY KEY (`book_id`),
  KEY `writer_id` (`writer_id`),
  CONSTRAINT `books_info_ibfk_1` FOREIGN KEY (`writer_id`) REFERENCES `writers_info` (`writer_id`)
) ENGINE=InnoDB AUTO_INCREMENT=51 DEFAULT CHARSET=utf8;

-- ----------------------------
-- Records of books_info
-- ----------------------------
INSERT INTO `books_info` VALUES ('1', '你是人间四月天', '1', '9787550238770', '北京联合出版公司', '2014-12-12', '2017-05-15', '1', '0', '4.34', '文学', null, '你是人间四月天――诗歌<br<br />/>\r\n你是人间的四月天――一句爱的赞颂<br />\r\n谁爱这不息的变幻<br />\r\n八月的忧愁<br />\r\n一首桃花<br />\r\n莲　灯<br />\r\n激　昂<br />\r\n情　愿<br />\r\n深　笑<br />\r\n深夜里听到乐声<br />\r\n山中一个夏夜<br />\r\n六点钟在下午<br />\r\n笑<br />\r\n昼　梦<br />\r\n那一晚<br />\r\n雨后天<br />\r\n过杨柳<br />\r\n秋天，这秋天<br />\r\n城楼上<br />\r\n冥　思<br />\r\n红叶里的信念<br />\r\n题剔空菩提叶<br />\r\n时　间<br />\r\n记　忆<br />\r\n无　题<br />\r\n黄昏过泰山<br />\r\n哭三弟恒――一九四一年空战阵亡<br />\r\n静　坐<br />\r\n诗（三首）<br />\r\n仍　然<br />\r\n中夜钟声<br />\r\n年　关<br />\r\n灵　感<br />\r\n别丢掉<br />\r\n空想（外四章）<br />\r\n前　后<br />\r\n病中杂诗<br />\r\n昆明即景<br />\r\n一串疯话<br />\r\n吊玮德<br />\r\n十月独行<br />\r\n去　春<br />\r\n除夕看花<br />\r\n我们的雄鸡<br />\r\n山　中<br />\r\n古城春景<br />\r\n忆<br />\r\n风　筝<br />\r\n静　院<br />\r\n<br />\r\n谁爱这不息的变幻<br />――散文<br />\r\n悼志摩<br />\r\n窗子以外<br />\r\n纪念志摩去世四周年<br />\r\n蛛丝和梅花<br />\r\n一片阳光<br />\r\n彼　此<br />\r\n山西通信<br />\r\n<br />\r\n你若安好，便是晴天――小说<br />\r\n九十九度中<br />\r\n模影零篇<br />\r\n窘<br />', '《你是人间四月天》收录了林徽因几乎所有的诗歌、散文、小说。包括诗歌《谁爱这不息的变幻》《你是人间的四月天》《激昂》，散文《悼志摩》《一片阳光》，小说《九十九度中》《模影零篇》等脍炙人口的名篇，内容含量大且丰富，一本书即可了解全部的林徽因。', 'book_picture/你是人间四月天.jpg');
INSERT INTO `books_info` VALUES ('2', '人间词话', '2', '9787550249691', '北京联合出版公司', '2015-06-23', '2017-05-15', '1', '0', '3', '文学', null, '人间词话\r\n附录\r\n附录一　人间词话未刊稿\r\n附录二　人间词话删稿\r\n人间词话<br />\r\n附录<br />\r\n附录一　人间词话未刊稿<br />\r\n附录二　人间词话删稿<br />\r\n附录三　常用词版简编', '《人间词话》是王国维的代表作，是中国近代最负盛名的一部词话著作。他用传统的词话形式及传统的概念、术语和思维逻辑，较为自然地融进了一些新的观念和方法，其总结的理论问题又具有相当普遍的意义，这就使它在当时新旧两代的读者中产生了重大反响，在中国近代文学批评史上具有崇高的地位。本书的理论核心是“境界”说，该书观点新颖，立论精辟，自成体系，特别是书中提出的三重境界说一直受到国内外学者的重视。', 'book_picture/人间词话.jpg');
INSERT INTO `books_info` VALUES ('3', '瓦尔登湖', '3', '9787802236516', '中国三峡出版社', '2010-12-03', '2017-05-15', '1', '0', '3.2', '文学', null, '简朴生活<br />\r\n补充诗篇<br />\r\n我生活在何处，我为何而生<br />\r\n阅读<br />\r\n声响<br />\r\n独居林中<br />\r\n访客<br />\r\n种豆<br />\r\n乡村<br />\r\n湖泊<br />\r\n贝克农庄<br />\r\n更高的法则<br />\r\n与兽为邻<br />\r\n搬家<br />\r\n旧居民；冬天的访客<br />\r\n冬之兽<br />\r\n冬天的湖泊<br />\r\n春<br />\r\n结束语', '瓦尔登湖(Walden；or，Life in the Woods)是美国作家亨利·戴维．梭罗所著的一本著名散文集。该书出版于1854年，梭罗在书中详尽地描述了他在瓦尔登湖湖畔一片再生林中度过两年零两个月的生活以及期间他的许多思考。瓦尔登湖地处美国马萨诸塞州东部的康科德城，离梭罗家不远。梭罗把这次经历称为简朴隐居生活的一次尝试。', 'book_picture/瓦尔登湖.jpg');
INSERT INTO `books_info` VALUES ('4', '浮生六记', '4', '9787201094014', '天津人民出版社', '2015-08-12', '2017-05-15', '1', '0', '3.29', '文学', null, '译记（代序） / 张佳玮<br />\r\n【译文】<br />\r\n闺房记乐<br />\r\n闲情记趣<br />\r\n坎坷记愁<br />\r\n浪游记快<br />\r\n【沈复三十年游历图】<br />\r\n【原文】<br />\r\n光绪三年初版序<br />\r\n潘麐生题记<br />\r\n闺房记乐<br />\r\n闲情记趣<br />\r\n坎坷记愁<br />\r\n浪游记快<br />\r\n光绪三年初版跋<br />\r\n【附录：沈复的一生（年表）】', '《浮生六记》是清代文人沈复写作的自传散文。因其以真言述真情，从不刻意造作，得以浑然天成，独树一帜，达“乐而不淫，哀而不伤”之境界，深为后世文人所推崇，流传至今，已成经典。本次出版选开明书店民国本为底本，考以《雁来红丛报》本、霜枫社民国本、林语堂英译本重新点校；并请张佳玮精心译述，作长文译记为读者导读；独家收录“沈复的一生”（年表）“沈复三十年游历图”，附“光绪三年初版序”“潘麐生题记”“光绪三年初版跋”，便于读者朋友更好读懂中国挚美经典，从中获益。', 'book_picture/浮生六记.jpg');
INSERT INTO `books_info` VALUES ('5', '孤独是生命的礼物', '5', '9787535482051', '长江文艺出版社', '2017-03-12', '2017-05-15', '1', '0', '3.99', '文学', null, '第一章 我有幸孤身独处<br />\r\n眼前的轮回 / 002<br />\r\n今昔惊梦 / 006<br />\r\n四个音符 / 013<br />\r\n生活练习 / 016<br />\r\n我　看 / 025<br />\r\n夜踯躅 / 028<br />\r\n散步在传奇里 / 033<br />\r\n第二章 掩于岁月的故事<br />\r\n于心有愧 / 038<br />\r\n浴女图 / 047<br />\r\n无名浴伴 / 051<br />\r\n故事 / 054<br />\r\n物质的美好 / 058<br />\r\n变成男人 / 061<br />\r\n焚稿断痴情 / 069<br />\r\n蓝天•大海•结婚曲 / 075<br />\r\n第三章 生命中典藏的力量<br />\r\n一根扁担 / 080<br />\r\n四季桂 / 082<br />\r\n超马行 / 087<br />\r\n并不会怎样 / 095<br />\r\n一只爱吃辣的狗 / 098<br />\r\n从后火车站出发的人生 / 109<br />\r\n河流——最后一堂语文课 / 111<br />\r\n做一位内外兼顾的知识人——新竹清华大学毕业典礼致辞 / 117<br />\r\n一棵种在梦境边缘的水树 / 123<br />\r\n第四章 最难是面对真实的生活<br />\r\n大同小异的苦闷 / 128<br />\r\n旅行，是一首诗 / 130<br />\r\n色不迷人人自迷 / 135<br />\r\n诗史再掀一页 / 137<br />\r\n闲居河堤边 / 140<br />\r\n暮光秋色 / 142<br />\r\n百花深处 / 145<br />\r\n简　讯 / 148<br />\r\n我的小物业 / 152<br />\r\n第五章 黑暗里，一盏一盏的灯<br />\r\n父亲与民国 / 156<br />\r\n黑暗里，一盏一盏的灯 / 162<br />\r\n沧海，蓝田 / 166<br />\r\n人物两题 / 170<br />\r\n八十自述 /174<br />\r\n缪思的子民 / 180<br />\r\n小子！何莫学夫诗？ /183<br />\r\n时间的绿藻·光的游戏 / 188<br />\r\n第六章 做梦的好时光<br />\r\n木心三帖 / 192<br />\r\n罗兰的笑谈 / 197<br />\r\n含泪读诗怀钟老 / 200<br />\r\n朱介凡先生二三事 / 203<br />\r\n文学传播的掌舵者 / 206<br />\r\n台湾早就遗忘了我的朋友胡适之 / 212<br />\r\n马华文学无风带 / 215<br />\r\n散文Pi的奇幻漂流 / 223<br />\r\n第七章 那就无所畏惧地生活<br />\r\n恐惧游戏 / 234<br />\r\n战地断鸿 / 241<br />\r\n噩梦里的日本 / 246<br />\r\n世界贸易中心看人 / 248<br />\r\n全球化中说相声 / 254<br />\r\n斗室里的“大观园” / 257<br />\r\n台湾人懒得提的十件事 / 260', '本书收录了余光中、林清玄、白先勇、刘克襄、马家辉、朱天衣等知名作家的散文作品，还可在作家笔下看见关于前辈木心、胡适、罗兰、林海音、潘人木、钟鼎文等的往事回忆。\r\n这是一本关于孤独的散文集子。作家们在书中谈论亲情、友谊、久别的故乡、逝去的时光，或直击主题，或慢慢铺叙。在他们的文字里，无一不彰显着对生命、对孤独绵密的思考和体悟。\r\n你的孤独以及你所畏惧的，都将被时光锻造成钢。', 'book_picture/孤独是生命的礼物.jpg');
INSERT INTO `books_info` VALUES ('6', '自在独行', '6', '9787535488473', '长江文艺出版社', '2016-05-01', '2017-05-15', '1', '0', '4.93', '文学', '220000', '第一章：孤独地走向未来<br />\r\n第二章：默默看世界<br />\r\n第三章：独自走一走<br />\r\n第四章：独处的安宁<br />\r\n第五章：自在的禅意<br />', '平凹先生素来喜静，很怕有人来敲他的房门。让他觉得自在的，要么就是行走于西北的大地，要么就是隐居在自己的书房。\r\n先生其实也喜欢热闹，只是先生的热闹并不是灯火灿烂，而是内心的安宁与独行的自在。\r\n这本书写情感、聊爱好、谈社会、说人生。有俗世的智慧，也有生活的趣味。\r\n对于匆匆的路人，平凹先生这部文集只是用来附庸风雅的玩物。但这本书却要写给生命的行者。愿他们能懂得孤独的真义，在生活里多一些从容潇洒。', 'book_picture/自在独行.jpg');
INSERT INTO `books_info` VALUES ('7', '解忧杂货店', '7', '9787544270878', '南海出版公司', '2014-05-01', '2017-05-15', '1', '0', '3.9', '小说', null, '第一章 回答在牛奶箱里<br />\r\n第二章 深夜的口琴声<br />\r\n第三章 在思域车上等到天亮<br />\r\n第四章 听着披头士默祷<br />\r\n第五章 来自天上的祈祷', '日本著名作家东野圭吾的《解忧杂货店》，出版当年即获中央公论文艺奖。作品超越推理小说的范围，却比推理小说更加扣人心弦。\r\n　　僻静的街道旁有一家杂货店，只要写下烦恼投进店前门卷帘门的投信口，第二天就会在店后的牛奶箱里得到回答：因男友身患绝症，年轻女孩静子在爱情与梦想间徘徊；克郎为了音乐梦想离家漂泊，却在现实中寸步难行；少年浩介面临家庭巨变，挣扎在亲情与未来的迷茫中……\r\n　　他们将困惑写成信投进杂货店，奇妙的事情随即不断发生。生命中的一次偶然交会，将如何演绎出截然不同的人生？', 'book_picture/解忧杂货店.jpg');
INSERT INTO `books_info` VALUES ('8', '摆渡人', '8', '9787550013247', '百花洲文艺出版社', '2015-06-01', '2017-05-15', '1', '0', '4.94', '小说', null, '无', '　　单亲女孩迪伦，15岁的世界一片狼藉：与母亲总是无话可说，在学校里经常受到同学的捉弄，*谈得来的好友也因为转学离开了。这一切都让迪伦感到无比痛苦。\r\n　　她决定去看望久未谋面的父亲，然而，路上突发交通事故。等她拼命爬出火车残骸之后，却惊恐地发现，自己是*的幸存者，而眼前，竟是一片荒原。\r\n　　此时，迪伦看到不远处的山坡上一个男孩的身影。\r\n　　男孩将她带离了事故现场。但是，迪伦很快意识到，男孩并不是偶然出现的路人，他似乎是特意在此等候。\r\n　　命运，从他们相遇的那刻开始，发生了无法预料的转变……', 'book_picture/摆渡人.jpg');
INSERT INTO `books_info` VALUES ('9', '岛上书店', '9', '9787539971810', '江苏文艺出版社', '2015-05-01', '2017-05-15', '1', '0', '4.45', '小说', null, '第一部<br />\r\n《待宰的羔羊》<br />\r\n《像里兹饭店那样大的钻石》<br />\r\n《咆哮营的幸运儿》<br />\r\n《世界的感觉》<br />\r\n《好人难寻》<br />\r\n《卡拉维拉县驰名的跳蛙》<br />\r\n《穿夏裙的女孩》<br />\r\n第二部<br />\r\n《与父亲的对话》<br />\r\n《逮香蕉鱼的最佳日子》<br />\r\n《泄密的心》<br />\r\n《铁头》<br />\r\n《当我们谈论爱情时我们在谈论什么》<br />\r\n《书店老板》<br />', '岛上书店是间维多利亚风格的小屋，门廊上挂着褪色的招牌，上面写着：\r\n没有谁是一座孤岛，每本书都是一个世界 \r\nA．J．费克里，人近中年，在一座与世隔绝的小岛上，经营一家书店。\r\n命运从未眷顾过他，爱妻去世，书店危机，就连*值钱的宝贝也遭窃。他的人生陷入僵局，他的内心沦为荒岛。\r\n就在此时，一个神秘的包袱出现在书店中，意外地拯救了陷于孤独绝境中的A．J．，成为了连接他和妻姐伊斯梅、警长兰比亚斯、出版社女业务员阿米莉娅之间的纽带，为他的生活带来了转机。\r\n小岛上的几个生命紧紧相依，走出了人生的困境，而所有对书和生活的热爱都周而复始，愈加汹涌。', 'book_picture/岛上书店.jpg');
INSERT INTO `books_info` VALUES ('10', '白夜行', '7', '9787544258609', '南海出版公司', '2013-01-01', '2017-05-15', '1', '0', '3.55', '小说', null, '无', '   我的天空里没有太阳，总是黑夜。但并不暗，因为有东西代替了太阳。虽然没有太阳那么明亮，但对我来说已经足够。凭借着这份光，我便能把黑夜当成白天。我从来就没有太阳，所以不怕失去。\r\n    1973年，大阪，一名男子在废弃建筑中遭利器刺死，案件悬而未决。此后20年间，案件相关者的人生被越来越重的阴影笼罩……\r\n     只希望能手牵手在太阳下散步——这句象征本书故事内核的绝望念想，有如一个美丽的幌子。随着无数凌乱、压抑、悲凉的事件片段如纪录片一样一一还原，*后一丝温情也被完全抛弃，万千读者在一曲救赎罪恶的爱情之中悲切动容。', 'book_picture/白夜行.jpg');
INSERT INTO `books_info` VALUES ('11', '人间失格', '10', '9787506380263', '作家出版社', '2015-08-01', '2017-05-16', '1', '0', '4.36', '小说', null, '人间失格<br />\r\n维庸之妻<br />\r\nGood-bye<br />\r\n灯笼<br />\r\n满愿<br />\r\n美男子与香烟<br />\r\n皮肤与心<br />\r\n蟋蟀<br />\r\n樱桃', '胆小鬼连幸福都害怕，碰到棉花都会受伤\r\n　　人间失格，即丧失为人的资格。这是太宰治生平*后一部作品，也是他*重要的作品。全书由作者的序言、后记，以及主角大庭叶藏的三个手札组成，描写主角从青少年到中年，为了逃避现实而不断沉沦，经历自我放逐、酗酒、自杀、用药物麻痹自己，终于一步步走向自我毁灭的悲剧，在自我否定的过程中，抒发自己内心深处的苦闷，以及渴望被爱的情愫……\r\n　　借由主角叶藏的人生遭遇，太宰治巧妙地将自己的一生与思想刻画其中，这部小说一直被认定为他的自传性作品，并且藉此提出身为人*真切的痛苦问题，从滞涩的行文中更可体会其内心深切的苦楚，完成本篇作品之后，太宰治终归还是选择了投水的方式，为自己划下*后的句点。', 'book_picture/人间失格.jpg');
INSERT INTO `books_info` VALUES ('12', '追风筝的人', '11', '9787208061644', '上海人民出版社', '2006-05-01', '2017-05-16', '1', '0', '4.48', '小说', null, '无', '　　“许多年过去了，人们说陈年旧事可以被埋葬，然而我终于明白这是错的，因为往事会自行爬上来。回首前尘，我意识到在过去二十六年里，自己始终在窥视着那荒芜的小径。”\r\n　　12岁的阿富汗富家少爷阿米尔与仆人哈桑情同手足。然而，在一场风筝比赛后，发生了一件悲惨不堪的事，阿米尔为自己的懦弱感到自责和痛苦，逼走了哈桑，不久，自己也跟随父亲逃往美国。\r\n　　成年后的阿米尔始终无法原谅自己当年对哈桑的背叛。为了赎罪，阿米尔再度踏上暌违二十多年的故乡，希望能为不幸的好友尽*后一点心力，却发现一个惊天谎言，儿时的噩梦再度重演，阿米尔该如何抉择？\r\n　　小说如此残忍而又美丽，作者以温暖细腻的笔法勾勒人性的本质与救赎，读来令人荡气回肠。', 'book_picture/追风筝的人.jpg');
INSERT INTO `books_info` VALUES ('13', '万历十五年', '12', '9787108009821', '生活.读书.新知三联书店', '2006-06-01', '2017-05-16', '1', '0', '4.7', '历史', null, '自序<br />\r\n第一章 万历皇帝<br />\r\n第二章 首辅申时行<br />\r\n第三章 世间已无张居正<br />\r\n第四章 活着的祖宗<br />\r\n第五章 海瑞——古怪的模范官僚<br />\r\n第六章 戚继光——孤独的将领<br />\r\n第七章 李贽——自相冲突的哲学家<br />\r\n参考书目<br />\r\n附录一<br />\r\n附录二<br />\r\n《万历十五年》和我的“大”历史观', '明万历十五年，即公元1587年，在中国历史上原本是极其普通的年份。作者以该年前后的史事件及生活在那个时代的人物为中心，抽丝剥茧，梳理了中国传统社会管理层面存在的种种问题，并在此基础上探索现代中国应当涉取的经验和教训。作者以其“大历史”观而闻名于世，本书中这一观念初露头角，“叙事不妨细致，但是结论却要看远不顾近”。本书自80年代初在中国大陆出版以来，好评如潮，在学术界和文化界有广泛的影响。\r\n　　《万历十五年》是一部改变中国人阅读方式的经典，是美籍华裔历史学家黄仁宇先生的成名之作，也是他的代表作之一，融会黄先生数十年人生经验与治学体会与一体，首次以“大历史观”分析明代社会之症结，观察现代中国之来路，发人深思。书名虽为万历十五年，然而其内容却俯瞰了整个明朝的兴衰，并且告诉我们与以往历史书中不同的海瑞、张居正……读黄仁宇的书，你会深刻体会“历史给人以智慧”！\r\n　　这本《万历十五年》，意在说明16世纪中国社会的传统的历史背景，也就是尚未与世界潮流冲突时的侧面形态。有了这样一个历史的大失败，就可以保证冲突既开，恢复故态决无可能，因之而给中国留下了一个翻天覆地、彻底创造历史的机缘。', 'book_picture/万历十五年.jpg');
INSERT INTO `books_info` VALUES ('14', '明朝那些事儿', '13', '22788660', '北京联合出版公司', '2011-10-01', '2017-05-16', '1', '0', '3.94', '历史', null, '第1部 朱元璋：从和尚到皇帝<br />\r\n　序 言　竿头添彩，后出转精——图文版《明朝那些事儿》赘语/毛佩琦<br />\r\n　引 言　引子<br />\r\n　第一章　童年<br />\r\n　第二章　灾难<br />\r\n　第三章　踏上征途<br />\r\n　第四章　就从这里起步<br />\r\n　第五章　储蓄资本<br />\r\n　第六章　霸业的开始<br />\r\n　第七章　可怕的对手<br />\r\n　第八章　可怕的陈友谅<br />\r\n　第九章　决战不可避免<br />\r\n　第十章　等待最好的时机<br />\r\n　第十一章 洪都的奇迹<br />\r\n　第十二章 鄱阳湖！决死战！<br />\r\n　第十三章 下一个目标，张士诚！<br />\r\n　第十四章 复仇<br />\r\n　第十五章 远征沙漠<br />\r\n　第十六章 建国<br />\r\n　第十七章 胡惟庸案件<br />\r\n　第十八章 扫除一切腐败者！<br />\r\n　第十九章 空印案 郭恒案<br />\r\n　第二十章 最后的名将——蓝玉<br />\r\n　第二十一章 蓝玉的覆灭<br />\r\n　第二十二章 制度后的秘密<br />\r\n　第二十三章 终点，起点：最后的朋友<br />\r\n第2部 朱棣：逆子还是明君<br />\r\n　第一章　建文帝：建文的忧虑<br />\r\n　第二章　等待中的朱棣：朱棣的痛苦<br />\r\n　第三章　准备行动<br />\r\n　第四章　不得不反了！<br />\r\n　第五章　你死我活的战争<br />\r\n　第六章　朱棣的对手<br />\r\n　第七章　离胜利只差一步！<br />\r\n　第八章　殉国、疑团、残暴、软弱<br />\r\n　第九章　帝王的烦恼<br />\r\n　第十章　帝王的荣耀<br />\r\n　第十一章 帝王的抉择<br />\r\n　第十二章 郑和之后，再无郑和<br />\r\n　第十三章 纵横天下<br />\r\n　第十四章 天子守国门！<br />\r\n　第十五章 逆命者必剪除之！<br />\r\n　第十六章 帝王的财产<br />\r\n　第十七章 生死相搏<br />\r\n　第十八章 最后的秘密<br />\r\n第3部 太监弄乱的王朝<br />\r\n　第一章　朱高炽的勇气和疑团<br />\r\n　第二章　朱瞻基是个好同志<br />\r\n　第三章　祸根<br />\r\n　第四章　土木堡<br />\r\n　第五章　力挽狂澜<br />\r\n　第六章　决断！<br />\r\n　第七章　信念<br />\r\n　第八章　北京保卫战<br />\r\n　第九章　朱祁镇的奋斗<br />\r\n　第十章　回家<br />\r\n　第十一章　囚徒朱祁镇<br />\r\n　第十二章　夺门<br />\r\n　第十三章　有冤报冤，有仇报仇<br />\r\n　第十四章　隐藏的敌人<br />\r\n　第十五章　公道<br />\r\n　第十六章　不伦之恋<br />\r\n　第十七章　武林大会<br />\r\n第4部 妖孽横行的宫廷<br />\r\n　第一章 明君<br />\r\n　第二章 斗争，还是隐忍<br />\r\n　第三章 传奇就此开始<br />\r\n　第四章 悟道<br />\r\n　第五章 机会终于到来<br />\r\n　第六章 必杀刘瑾<br />\r\n　第七章 皇帝的幸福生活<br />\r\n　第八章 无人知晓的胜利<br />\r\n　第九章 东山再起<br />\r\n　第十章 孤军<br />\r\n　第十一章 奋战<br />\r\n　第十二章 死亡的阴谋<br />\r\n　第十三章 沉默的较量<br />\r\n　第十四章 终结的归宿<br />\r\n　第十五章 新的开始<br />\r\n　第十六章 皇帝很脆弱<br />\r\n　第十七章 大臣很强悍<br />\r\n　第十八章 解脱<br />\r\n　第十九章 龙争虎斗<br />\r\n　第二十章 锋芒<br />\r\n第5部 内阁不相信眼泪<br />\r\n　第一章　最阴险的敌人<br />\r\n　第二章　徐阶的觉醒<br />\r\n　第三章　天下，三人而已<br />\r\n　第四章　致命的疏漏<br />\r\n　第五章　隐藏的精英<br />\r\n　第六章　勇气<br />\r\n　第七章　东南的奇才<br />\r\n　第八章　天下第一幕僚<br />\r\n　第九章　强敌<br />\r\n　第十章　天才的谋略<br />\r\n　第十一章　战争——最后的抉择<br />\r\n　第十二章　名将的起点<br />\r\n　第十三章　制胜之道<br />\r\n　第十四章　侵略者的末日<br />\r\n　第十五章　英雄的结局<br />\r\n　第十六章　曙光<br />\r\n　第十七章　胜利<br />\r\n　第十八章　致命的正义<br />\r\n第6部 帝国，山雨欲来<br />\r\n　第一章　奇怪的人<br />\r\n　第二章　天才的对弈<br />\r\n　第三章　成熟<br />\r\n　第四章　最终的乱战<br />\r\n　第五章　高拱的成就<br />\r\n　第六章　死斗<br />\r\n　第七章　阴谋<br />\r\n　第八章　张居正的缺陷<br />\r\n　第九章　敌人<br />\r\n　第十章　千古，唯此一人<br />\r\n　第十一章 谜团<br />\r\n　第十二章 野心的起始<br />\r\n　第十三章 明朝的愤怒<br />\r\n　第十四章 兵不厌诈<br />\r\n　第十五章 平壤血战<br />\r\n　第十六章 不世出之名将<br />\r\n第7部 拐弯中的帝国<br />\r\n　第一章　二次摊牌<br />\r\n　第二章　胜算<br />\r\n　第三章　为了忘却的纪念<br />\r\n　第四章　绝顶的官僚<br />\r\n　第五章　和稀泥的艺术<br />\r\n　第六章　游戏的开始<br />\r\n　第七章　混战<br />\r\n　第八章　东林崛起<br />\r\n　第九章　谋杀<br />\r\n　第十章　不起眼的敌人<br />\r\n　第十一章 萨尔浒<br />\r\n　第十二章 东林党的实力<br />\r\n　第十三章 小人物的奋斗<br />\r\n第8部 人间再无魏忠贤<br />\r\n　第一章　强大，无比强大<br />\r\n　第二章　天才的敌手<br />\r\n　第三章　一个监狱看守<br />\r\n　第四章　毁灭之路<br />\r\n　第五章　道统<br />\r\n　第六章　杨涟<br />\r\n　第七章　殉道<br />\r\n　第八章　袁崇焕<br />\r\n　第九章　决心<br />\r\n　第十章　胜利　结局<br />\r\n　第十一章 皇太极<br />\r\n　第十二章 宁远，决战<br />\r\n　第十三章 疑惑<br />\r\n　第十四章 夜半歌声<br />\r\n　第十五章 算账<br />\r\n　第十六章 复起<br />\r\n第9部 1644，最后的较量<br />\r\n　第一章 杀人<br />\r\n　第二章 坚持到底的人<br />\r\n　第三章 阴谋<br />\r\n　第四章 斗争技术<br />\r\n　第五章 投降？<br />\r\n　第六章 纯属偶然<br />\r\n　第七章 第二个猛人<br />\r\n　第八章 突围<br />\r\n　第九章 一个文雅的人<br />\r\n　第十章 孙传庭<br />\r\n　第十一章 传奇<br />\r\n　第十二章 天才的计划<br />\r\n　第十三章 选择<br />\r\n　第十四章 没有选择<br />\r\n　第十五章 结束了<br />\r\n　后记', '《明朝那些事儿》主要讲述的是从1344年到1644年这三百年间关于明朝的一些事情，以史料为基础，以年代和具体人物为主线，并加入了小说的笔法，对明朝十七帝和其他王公权贵和小人物的命运进行全景展示，尤其对官场政治、战争、帝王心术着墨最多，并加入对当时政治经济制度、人伦道德的演义。', 'book_picture/明朝那些事儿.jpg');
INSERT INTO `books_info` VALUES ('15', '丝绸之路', '14', '9787308161459', '浙江大学出版社', '2016-08-17', '2017-05-16', '1', '0', '3.55', '历史', null, '前言<br />\r\n中文版序言<br />\r\n第一章  丝绸之路的诞生<br />\r\n第二章  宗教之路<br />\r\n第三章  基督之路<br />\r\n第四章  变革之路<br />\r\n第五章  和睦之路<br />\r\n第六章  皮毛之路<br />\r\n第七章  奴隶之路<br />\r\n第八章  天堂之路<br />\r\n第九章  铁蹄之路<br />\r\n第十章  重生之路<br />\r\n第十一章  黄金之路<br /> \r\n第十二章  白银之路<br /> \r\n第十三章  西欧之路<br /> \r\n第十四章  帝国之路<br /> \r\n第十五章  危机之路<br /> \r\n第十六章  战争之路<br /> \r\n第十七章  黑金之路<br /> \r\n第十八章  妥协之路<br /> \r\n第十九章  小麦之路<br /> \r\n第二十章  纳粹之路<br /> \r\n第二十一章  冷战之路<br />\r\n第二十二章  美国之路<br />\r\n第二十三章  争霸之路<br />\r\n第二十四章  中东之路<br />\r\n第二十五章  伊战之路<br />\r\n结语  新丝绸之路<br />\r\n尾注<br />\r\n致谢<br />\r\n译后记', '两千年来，丝绸之路始终主宰着人类文明的进程。不同种族、不同信仰、不同文化背景的帝王、军队、商人、学者、僧侣、奴隶，往来在这条道路上，创造并传递着财富、智慧、宗教、艺术、战争、疾病和灾难。\r\n        丝绸之路让中国的丝绸和文明风靡全球；罗马和波斯在路边缔造了各自的帝国；佛教、基督教和伊斯兰教沿着丝绸之路迅速崛起并传遍世界，融汇出耶路撒冷三千年的历史；成吉思汗的蒙古铁蹄一路向西，在带来杀戮的同时促进了东西方文明的交融；大英帝国通过搜刮丝绸之路上的财富，铸就了日不落的辉煌；希特勒为了丝绸之路上的资源，将世界推入了战争和屠杀的深渊。时至今日，丝绸之路上的难民与恐怖主义ISIS，依然是欧洲与美国挥之不去的梦魇。\r\n       翻开这部包罗万象的史诗巨著，您将发现，丝绸之路的历史就是一部浓缩的世界史，丝绸之路就是人类文明耀眼的舞台。它不仅塑造了人类的过去，更将主宰世界的未来。', 'book_picture/丝绸之路.jpg');
INSERT INTO `books_info` VALUES ('16', '人类简史：从动物到上帝', '15', '9787508660752', '中信出版社', '2017-01-01', '2017-05-16', '1', '0', '4.57', '历史', '3070000', '推荐序  高毅<br />\r\n第一部分认知革命<br />\r\n1. 人类：一种也没什么特别的动物<br />\r\n2. 知善恶树<br />\r\n3. 亚当和夏娃的一天<br />\r\n4. 毁天灭地的人类洪水<br />\r\n<br />\r\n第二部分农业革命<br />\r\n5. 史上最大骗局<br />\r\n6. 盖起金字塔<br />\r\n7. 记忆过载<br />\r\n8. 历史从无正义<br />\r\n<br />\r\n第三部分人类的融合统一<br />\r\n9. 历史的方向<br />\r\n10. 金钱的味道<br />\r\n11. 帝国的愿景<br />\r\n12. 宗教的法则<br />\r\n13. 成功的秘密<br />\r\n<br />\r\n第四部分科学革命<br />\r\n14. 发现自己的无知<br />\r\n15. 科学与帝国的联姻<br />\r\n16. 资本主义教条<br />\r\n17. 工业的巨轮<br />\r\n18. 一场永远的革命<br />\r\n19. 从此过着幸福快乐的日子<br />\r\n20. 智人末日<br />\r\n后记：变成神的这种动物<br />\r\n参考书目', '这是一部“瘦身版”人类简史。如果说给我一本书，不到五百页，没有一堆令人晕头转 向的年份、人名、地名、称号，就能涵盖了人类如何崛起、影响现代生活甚巨的资本主义、一神教、自由人文主义、基因工程如何兴盛的人类历史重大脉络……这是仅有的一部！\r\n分4大部分描述人类大历史。1大开创性在于打通文字发明前后历史的界限；填补传统人类史的3大鸿沟：历史观与哲学观之间的鸿沟（提供有史实根据的深刻哲学思考）人类和生态系统之间的鸿沟（读者多从生态来思考，而不是只讲人类的利益）集体和个人之间的鸿沟（检视历史事件如何影响到当时一般人的生活）。学界和大众都一致认可，戴蒙德推荐。', 'book_picture/人类简史：从动物到上帝.jpg');
INSERT INTO `books_info` VALUES ('17', '未来简史', '15', '9787508672069', '中信出版社', '2017-01-01', '2017-05-16', '1', '0', '3.99', '历史', null, '目录<br / >\r\n第1 章人类的新议题 1<br / >\r\n生物贫穷线 2<br / >\r\n看不见的舰队 5<br / >\r\n打破弱肉强食的“丛林法则” 13<br / >\r\n死亡的末日 18<br / >\r\n幸福快乐的权利 26<br / >\r\n地球的神 38<br / >\r\n可以请哪位踩个刹车吗？ 44<br / >\r\n知识的矛盾 49<br / >\r\n一段关于草坪的历史 52<br / >\r\n第一幕中出现的一把枪 58<br / >\r\n <br / >\r\n第一部分智人征服世界<br / >\r\n第2 章人类世 65<br / >\r\n蛇的孩子 68<br / >\r\n祖先的需求 71<br / >\r\n生物也是算法 75<br / >\r\n农业交易 81<br / >\r\n五百年孤寂 87<br / >\r\n <br / >\r\n第3 章人类的特殊之处 91<br / >\r\n谁怕达尔文？ 92<br / >\r\n为什么股票交易所没有意识？ 95<br / >\r\n生命的等式 99<br / >\r\n实验室大鼠的抑郁生活 109<br / >\r\n有自我意识的黑猩猩 112<br / >\r\n聪明的马 114<br / >\r\n革命万岁！ 119<br / >\r\n在色情与暴力之外 123<br / >\r\n意义的网 128<br / >\r\n大同世界 134<br / >\r\n <br / >\r\n第二部分智人为世界赋予意义<br / >\r\n第4 章说书人 139<br / >\r\n纸上的生活 146<br / >\r\n神圣的经文 149<br / >\r\n但这就是有用 156<br / >\r\n <br / >\r\n第5 章一对冤家 161<br / >\r\n细菌和恶魔 162<br / >\r\n如果遇见佛陀 166<br / >\r\n伪造上帝 169<br / >\r\n神圣教条 176<br / >\r\n猎巫行动 178<br / >\r\n <br / >\r\n第6 章与“现代”的契约 181<br / >\r\n银行家与吸血蝙蝠有何不同？ 183<br / >\r\n奇迹般的大饼 186<br / >\r\n方舟综合征 191<br / >\r\n毫无意义的竞赛追逐 197<br / >\r\n <br / >\r\n第7 章人文主义革命 201<br / >\r\n向内心探寻 202<br / >\r\n踏上绿野仙踪的黄砖路 215<br / >\r\n战争的真相 220<br / >\r\n人文主义的分裂 225<br / >\r\n贝多芬比查克•贝里更高级吗？ 234<br / >\r\n宗教的人文战争 238<br / >\r\n电力、基因学、伊斯兰激进主义 243<br / >\r\n <br / >\r\n第三部分智人失去控制权<br / >\r\n第8 章实验室里的定时炸弹 255<br / >\r\n我是谁 263<br / >\r\n生命的意义 270<br / >\r\n <br / >\r\n第9 章大分离 277<br / >\r\n无用的阶级 288<br / >\r\n87% 的可能性 297<br / >\r\n从神使到君主 309<br / >\r\n不平等的再升级 313<br / >\r\n <br / >\r\n第10 章意识的海洋 319<br / >\r\n心智的差距 320<br / >\r\n我闻到恐惧的气味 326<br / >\r\n宇宙凭依的钉子 330<br / >\r\n <br / >\r\n第11 章信数据得永生 335<br / >\r\n所有的权力都去了哪？ 340<br / >\r\n概括历史 344<br / >\r\n信息渴求自由 346<br / >\r\n记录、上传、分享！ 350<br / >\r\n认识你自己 352<br / >\r\n数据流里的一片涟漪 357<br / >\r\n图片来源 363<br / >\r\n致谢 366<br / >\r\n注释 369', '★人类未来面临的三大议题\r\n进入21世纪后，曾经长期威胁人类生存、发展的瘟疫、饥荒和战争已经被攻克，智人面临着新的待办议题：永生不老、幸福快乐和成为具有“神性”的升级人类。\r\n★人类将迎来第二次认知革命\r\n如果说*次认知革命是因为智人的DNA起了一点小变化，让人类拥有了虚构的能力，创造了宗教、国家、企业等概念，使其成为地球的统治者。那么，未来算法和生物技术将带来人类的第二次认知革命，完成从智人到神人的物种进化。\r\n★人类认知升级的三个知识公式\r\n中世纪时期，人类获取的知识公式：知识=经文×逻辑。\r\n想知道某个重要问题的答案，我们会阅读相关经文，再用逻辑来理解经文的确切含义。', 'book_picture/未来简史.jpg');
INSERT INTO `books_info` VALUES ('18', '这个历史挺靠谱', '16', '9787543894440', '湖南人民出版社', '2013-07-01', '2017-05-16', '1', '0', '4.41', '历史', '760000', '第一章 从远古走来的牛人们（先秦）<br />\r\n01.?禅让制终，夏朝立<br />\r\n禅让制，靠的就是自觉性＼夏启：我的王位我做主<br />\r\n02.?殷商毁于纣王手<br />\r\n商汤的名字挺奇怪＼这个朝代爱迁都＼纣王很有干坏事的天赋<br />\r\n03.?晃晃悠悠的周王朝<br />\r\n东方的大国，西方的城邦＼“城里人”赶走了周厉王<br />\r\n西周被灭，谁之错＼普天之下，莫非王土＼主流武器大棒子<br />\r\n洋人不懂中国玉<br />\r\n04.?春秋五霸和战国七雄<br />\r\n齐桓公打造超级强国＼头可断，发型不能乱＼昭王中了楚国的计<br />\r\n三家分晋与田氏代齐＼七个爷们儿欲争霸<br />\r\n05.?学习、同化两不误<br />\r\n太子开始追时髦/顽强的民族<br />\r\n06.?改革缘于形势变<br />\r\n大家一起干私活/秦国在变法中崛起<br />\r\n07.?百家争鸣，科技发展<br />\r\n无为才能无不为/既要仁爱，又要有礼/素质教育的鼻祖<br />\r\n百家争鸣/法家、儒家区别大/科技在发展<br />\r\n第二章 文治武功大一统（秦汉）<br />\r\n01.?对付敌人，靠的就是谋略<br />\r\n轻轻松松灭六国＼修道长城防着你<br />\r\n02.?你们得按我的规矩来<br />\r\n皇帝，就从我嬴政开始吧＼官制设置，那叫一个森严＼两大功绩传万世<br />\r\n03.?来也匆匆，去也匆匆<br />\r\n不搞分封搞郡县＼焚书坑儒为哪般？＼秦朝为何如此短命<br />\r\n04.?风水轮流转，轮到老刘家<br />\r\n刘邦的玩儿法＼把危机扼杀在摇篮里＼人才“选秀”花样多<br />\r\n汉朝的户口簿<br />\r\n05.?打打闹闹不消停<br />\r\n真悲摧，就是打不过＼“外甥”挑衅“舅舅”＼“舅舅”狂殴“外甥”<br />\r\n一个王昭君，息战五十年＼西迁匈奴太彪悍＼张骞确实很点儿背<br />\r\n老子博学儿好汉＼汉字文化圈<br />\r\n06.?秦汉时的文化人<br />\r\n个个有前途＼此“儒”非彼“儒”＼厚葬，盗墓贼的最爱<br />\r\n高僧弘法白马寺＼猛人司马迁<br />\r\n第三章 各领风骚数十年（三国、两晋、南北朝）<br />\r\n01.?角斗场上三选手<br />\r\n宦官外戚斗得欢＼三足鼎立<br />\r\n02.?谁抢到皇位算谁的<br />\r\n两晋更替走马灯＼你方唱罢我登场<br />\r\n03.?士族PK庶族：谁赢谁上台<br />\r\n想当废物也要有资格＼受了屈辱？忍着吧<br />\r\n04.?“汉化”辅导班<br />\r\n不汉化，哪儿来回哪儿去＼这个粉丝很大腕<br />\r\n05.?江南好，只待君开发<br />\r\n北人南下大开荒＼北方农业拉抽屉<br />\r\n06.?魏晋流行风<br />\r\n魏晋“潮人”<br />\r\n07.?庙宇煌煌僧众多<br />\r\n舶来者居上＼三赎皇帝六亿钱＼过犹不及<br />\r\n第四章 天命所归是大国（隋唐）<br />\r\n01.?隋朝闪亮登场<br />\r\n姥爷夺了外孙的权＼火候到了动手吧<br />\r\n02.?子不类父<br />\r\n隋文帝工作很努力＼杨广的烦恼<br />\r\n03.?战火中的“亲情”<br />\r\n替表哥报仇＼玄武门之变<br />\r\n04.?往昔荣光又重现<br />\r\n贞观之治＼唐太宗的“镜子”＼窝囊废当太子＼妻为夫之纲<br />\r\n明君贤相很般配<br />\r\n05.?皇老板那是相当精明<br />\r\n皇权相权大博弈＼宰相成了临时工＼天下英雄尽白头<br />\r\n06.?红红火火好日子<br />\r\n有地，你就给我缴税＼经济大繁荣＼银行现雏形＼要做生意规矩多<br />\r\n07.?条条大路通大唐<br />\r\n收编东突厥＼打败西突厥＼回纥人很聪明＼两大公主去和亲<br />\r\n身在异乡老想家＼韩国曾经是这样＼仿效，我就仿效＼大和尚东渡<br />\r\n三藏佛法高又深＼四面套交情<br />\r\n08.?先进文化的代表<br />\r\n书生亦豪杰＼科技发展的春天＼唐诗甲天下', '《这个历史挺靠谱：袁腾飞讲历史》是《历史是个什么玩意儿》系列的升级珍藏版。本系列开启全民读史新潮流，自问世以来畅销至今，第一册为《这个历史挺靠谱：袁腾飞讲中国史.上》，第二册为《这个历史挺靠谱：袁腾飞讲中国史.下》，第三册为《这个历史挺靠谱：袁腾飞讲世界史》（注：将原《历史是个什么玩意儿3：袁腾飞说世界史上》和《历史是个什么玩意儿4：袁腾飞说世界史下》合并为一本，内容更扎实、更实惠）。', 'book_picture/这个历史挺靠谱.jpg');
INSERT INTO `books_info` VALUES ('19', '阿米巴经营', '17', '9787500097167', '中国大百科全书出版社', '2016-03-01', '2017-05-16', '1', '0', '4.86', '经管', null, '目 录<br />\r\n译者序 体制、哲学、领导人....................................005<br />\r\n中文版自序 致中国读者 ..........................................017<br />\r\n日文版自序 阿米巴经营 ..........................................019<br />\r\n <br />\r\n第一章 每一位员工都是主角<br />\r\n一、阿米巴经营的诞生<br />\r\n与七名同志一起开创的企业 ...................................... 002<br />\r\n确立经营理念 .......................................................... 004<br />\r\n把变大的组织划小 ................................................... 008<br />\r\n阿米巴经营的三个目的.............................................. 011<br />\r\n二、目的之一：确立与市场直接挂钩的分部门核算制度<br />\r\n需要的不是过去的数字，<br />\r\n而是“现在的数字” ................................................ 012<br />\r\n判断基准：“作为人，何谓正确？”......................... 015<br />\r\n销售最大化、费用最小化 ......................................... 016<br />\r\n依据原理原则诞生的分部门核算制度......................... 018<br />\r\n直接传递市场动向，迅疾对应................................... 020<br />\r\n三、目的之二：培养具有经营者意识的人才<br />\r\n希望获得共同经营的伙伴 ......................................... 024<br />\r\n四、目的之三：实现全员参与的经营<br />\r\n化解劳资对立的“大家族主义” ............................... 028<br />\r\n经营理念共有、信息共有，<br />\r\n就能提高员工的经营者意识 ...................................... 032<br />\r\n让全体员工在工作中感觉到工作价值，<br />\r\n体验成就感 ............................................................. 035<br />\r\n <br />\r\n第二章 经营需要哲学<br />\r\n一、把组织细分为小单位，小单位成立的条件是能够独立核算<br />\r\n组织并非分得越小越好............................................. 040<br />\r\n经常调整组织 .......................................................... 044<br />\r\n二、阿米巴之间的定价<br />\r\n需要公平公正的判断 ................................................ 048<br />\r\n三、领导人需要经营哲学<br />\r\n利害对立破坏整个公司的道德，<br />\r\n损害整体利益 .......................................................... 051<br />\r\n领导人应该成为公正的裁判 ...................................... 055<br />\r\n不撒谎，不骗人，要正直 ......................................... 057<br />\r\n哲学要在经营中具体活用 ......................................... 059<br />\r\n要把有实力的人提拔为组织的领导者......................... 061<br />\r\n绩效主义和人的心理 ................................................ 064<br />\r\n做成他人无法模仿的事业 ......................................... 066<br />\r\n <br />\r\n第三章 阿米巴的组织构建<br />\r\n一、划分小集体，明确其职能<br />\r\n首先有职能，然后依据职能构建组织......................... 072<br />\r\n打造每个人都具备使命感的组织 ............................... 074<br />\r\n细分组织的 3个条件................................................ 076<br />\r\n要让经营者看清经营实态 ......................................... 078<br />\r\n选拔年轻人才当阿米巴长，培养他们......................... 081<br />\r\n划分组织，拓展事业 ................................................ 083<br />\r\n二、迅速应对市场变化的柔性组织<br />\r\n现在就能战斗 .......................................................... 085<br />\r\n因为组织的自由度很高，所以经营理念特别重要............................................. 087<br />\r\n三、支撑阿米巴经营的经营管理部门<br />\r\n制定阿米巴经营正常运行的基础制度......................... 092<br />\r\n正确、迅速地反馈经营信息 ...................................... 094<br />\r\n正确管理公司资产 ................................................... 095<br />\r\n <br />\r\n第四章 现场是核算管理的主角—单位时间核算制度<br />\r\n一、提高全体员工的核算意识——分部门核算<br />\r\n贯彻“销售最大化、费用最小化”的原则 .................. 098<br />\r\n现场可以活用的管理会计手法................................... 099<br />\r\n标准成本方式与阿米巴经营的区别 ............................ 101<br />\r\n从核算表看出阿米巴的实相 ...................................... 104<br />\r\n凝聚所有阿米巴、所有员工的力量 ............................ 106<br />\r\n二、“单位时间核算表”催生创意<br />\r\n阿米巴中的核算管理 ................................................ 108<br />\r\n销售部门、制造部门都是利润中心 ............................. 116<br />\r\n用金额表示目标和成果.............................................. 118<br />\r\n即时掌握各部门收支情况 .......................................... 119<br />\r\n强化时间意识，提高工作效率................................... 120<br />\r\n用单位时间核算表来统一管理................................... 122<br />\r\n三、实践京瓷会计原则<br />\r\n一一对应的原则....................................................... 124<br />\r\n多重确认的原则....................................................... 125<br />\r\n完美主义的原则....................................................... 127<br />\r\n筋肉坚实的原则....................................................... 128<br />\r\n提升效益的原则....................................................... 129<br />\r\n现金本位的经营原则 ................................................ 131<br />\r\n玻璃般透明的经营原则............................................. 132<br />\r\n四、实绩管理的要点基于部门职能的活动结果，要在核算表里正确反映出来 ...................................... 134<br />\r\n公平公正、简单通俗 ................................................ 135<br />\r\n用“实绩”和“余额”来掌握业务流程 ..................... 135<br />\r\n五、收入的计算方法<br />\r\n计算阿米巴收入的三种形式 ...................................... 138<br />\r\n六、经费的计算方法——正确掌握经营状况，实行精细管理<br />\r\n购入时点记录费用 ................................................... 165<br />\r\n受益者负担 ............................................................. 166<br />\r\n劳务费处理 ............................................................. 168<br />\r\n把经费细分 ............................................................. 170<br />\r\n七、 时间的计算方法——关注部门的总时间<br />\r\n催生工作现场的紧张感和速度感 ............................... 172<br />\r\n <br />\r\n第五章 打造激情燃烧的团队<br />\r\n一、用自己的意志来创造收支核算的结果——核算管理的实践<br />\r\n制定年度计划 .......................................................... 178<br />\r\n通过设定目标来统一组织的方向 ............................... 179<br />\r\n按月度为单位进行核算管理 ...................................... 181<br />\r\n二、支撑阿米巴经营的经营哲学<br />\r\n定价即经营 ............................................................. 189<br />\r\n定价与降本联动....................................................... 190<br />\r\n应对市场变动，经营者的使命感必不可缺 .................. 191<br />\r\n能力要用将来进行时 ................................................ 193<br />\r\n追求事业的持续性 ................................................... 195<br />\r\n销售与制造共同发展 ................................................ 197<br />\r\n不断从事创造性的工作............................................. 198<br />\r\n设定具体的目标....................................................... 200<br />\r\n把每个阿米巴都做强 ................................................ 202<br />\r\n具备“公司整体”意识............................................. 203<br />\r\n上级领导要站在前头，不能完全放权给下级............... 205<br />\r\n三、培养领导人<br />\r\n提高经营者意识的最佳体制 ...................................... 207<br />\r\n通过会议发言，端正干部思想................................... 209<br />\r\n树立高目标，每天全力以赴 ...................................... 210<br />\r\n拥有共同的事业目的和判断基准 ............................... 212<br />\r\n后记....................................................................... 215', '阿米巴经营模式被誉为“京瓷经营成功的两大支柱之一”。本书详细阐述了阿米巴经营的操作方法，总结了稻盛和夫的经营观点和实践经验，是学习阿米巴经营的必读书。\r\n阿米巴经营基于牢固的经营哲学和精细的部门独立核算管理，将企业划分为“小集体”，像自由自在的重复进行细胞分裂的阿米巴——以各个阿米巴为核心，自行制订计划，独立核算，持续自主成长，让每一位员工成为主角，全员参与经营，打造激情燃烧的集体，依靠全体智慧和努力完成企业经营目标，实现企业的飞速发展。\r\n全球超过500家的企业引进了阿米巴经营模式，业绩得以大幅提升。', 'book_picture/阿米巴经营.jpg');
INSERT INTO `books_info` VALUES ('20', '工匠精神', '18', '9787543894440', '中华工商联合出版社', '2015-11-20', '2017-05-17', '1', '0', '4.08', '经管', null, '导言我们为什么需要工匠精神？ 001<br />\r\n生命的觉醒――树立正确的工作观<br />\r\n从钱谈起：你拥有正确的金钱观吗？ 007<br />\r\n工作是纯粹赚钱的工具吗？ 013<br />\r\n放下功利心、浮躁心、投机心 017<br />\r\n一切问题的根源都是“心的问题” 021<br />\r\n觉醒，从践行“佛性”开始 026<br />\r\n案例链接――施华洛世奇：小水晶中的工匠精神 028<br />\r\n工匠之魂――工作是一种修行<br />\r\n用信仰累积生命的厚重 037<br />\r\n心性转变是修行的原点 040<br />\r\n修行，从爱上工作出发 044<br />\r\n精进，把每一个当下做到极致 048<br />\r\n开启心门，力行正道 052<br />\r\n案例链接：稻盛和夫――六项精进的修行之道 055<br />\r\n工匠之道――正念引领生命新航道<br />\r\n先做人，后做事 065<br />\r\n先专注，后专业 071<br />\r\n先增值，后回报 076<br />\r\n先沉淀，后成才 079<br />\r\n先有为，后有位 082<br />\r\n案例链接：经典缔造――解读爱马仕的百年传奇 085<br />\r\n工匠之术――用对方法，创造价值<br />\r\n明确目标，把梦想当做信仰 095<br />\r\n找准靶心，培养重点思维 099<br />\r\n第一次就把事情做对 103<br />\r\n问题就是人生，价值在于解决 106<br />\r\n慢慢来，比较快 109<br />\r\n案例链接――德胜洋楼：我们都是工匠 114<br />\r\n工匠之器――唤醒生命中的正能量<br />\r\n带着爱去处理人际关系 126<br />\r\n有效沟通，和他人一起修行 129<br />\r\n保持初学者心态 134<br />\r\n用智慧驾驭你的情绪 139<br />\r\n案例链接――原一平：价值百万美元的微笑 143<br />\r\n工匠之行――在行动中体悟修行的乐趣<br />\r\n幸福与财富无关，和内心相连 155<br />\r\n投入感情，疯狂地爱上你的岗位 159<br />\r\n做一个时间的吝啬鬼 164<br />\r\n在工作中散发你的人格魅力 168<br />\r\n世上没有好工作，只有好事业 171<br />\r\n案例链接──乔布斯：最伟大的工匠 175<br />\r\n<br />\r\n后记工作是一种修行 181<br />\r\n后序一明灯 184<br />\r\n后序二你也可以掌握自己的命运 187<br />\r\n工匠小语 190<br />\r\n工匠精神――向价值型员工进化 192<br />\r\n参考书目 195', '《工匠精神》\r\n工匠平静、安适、充实、愉悦、幸福，活在当下，强在内心；\r\n打工者焦躁、忧郁、惶恐，永远为看不清的明天奔忙，外表强悍,内心空虚。\r\n \r\n工匠精神，是美国家族企业历经百年而不倒的秘诀，是瑞士品牌屹立世界之巅的利器，更是一种生命态度。其价值在于精益求精，对匠心、精品的坚持和追求，其利虽微，却长久造福于世。\r\n如果你希望改变现状、打造一个与众不同的自己，成为被需要、被尊重、众望所归的成功者，就从当下的事情做起，成为一个充满魅力的工匠。拥有工匠精神，拥有内外丰盛的人生', 'book_picture/工匠精神.jpg');
INSERT INTO `books_info` VALUES ('21', '卓有成效的管理者', '19', '9787111280712', '机械工业出版社', '2009-09-01', '2017-05-17', '1', '0', '4.13', '经管', null, '推荐序一（邵明路）<br />\r\n推荐序二（张瑞敏）<br />\r\n推荐序三（赵曙明）<br />\r\n推荐序四（包政）<br />\r\n推荐序五（陈春花）<br />\r\n推荐序六（彼得·德鲁克管理学院）<br />\r\n前言<br />\r\n第1章 卓有成效是可以学会的<br />\r\n为什么需要卓有成效的管理者<br />\r\n谁是管理者<br />\r\n管理者必须面对的现实<br />\r\n对有效性的认识<br />\r\n卓有成效可以学会吗？<br />\r\n第2章 掌握自己的时间<br />\r\n时间对管理者的压力<br />\r\n如何诊断自己的时间<br />\r\n消除浪费时间的活动<br />\r\n统一安排可以自由支配的时间<br />\r\n第3章 我能贡献什么<br />\r\n管理者的承诺<br />\r\n如何使专业人员的工作卓有成效<br />\r\n正确的人际关系<br />\r\n有效的会议<br />\r\n第4章 如何发挥人的长处<br />\r\n要用人所长<br />\r\n如何管理上司<br />\r\n充分发挥自己的长处<br />\r\n第5章 要事优先<br />\r\n摆脱昨天<br />\r\n先后次序的考虑<br />\r\n第6章 决策的要素<br />\r\n有关决策的案例研究<br />\r\n决策的五个要素<br />\r\n第7章 有效的决策<br />\r\n个人见解和决策的关系<br />\r\n反面意见的运用<br />\r\n决策与电脑<br />\r\n第8章 结论：管理者必须卓有成效', '卓有成效是管理者必须做到的事，但是在所有的知识组织中，每一位知识工作者其实都是管理者——即使他没有所谓的职权，只要他能为组织做出突出的贡献。\r\n管理者的成效往往是决定组织工作成效的*关键因素；并不是只有高级管理人员才是管理者，所有负责行动和决策而又有助于提高机构工作效能的人，都应该像管理者一样工作和思考。\r\n本书中，德鲁克集中论述了一个管理者如何做到卓有成效。这本书是德鲁克*著名的管理学著作之一，倾注了德鲁克极大的心血。一位卓有成效的管理者，一般具有以下6个特征：（1）重视目标和绩效；只做正确的事情。（2）一次只做一件事情，并只做*重要的事情。（3）作为一名知识工作者，他知道自己所能做出的贡献。（4）在选用高层管理者时，他注重的是出色的绩效和正直的品格。（5）他知道增进沟通的重要性；他有选择性地搜集所需要的信息。（6）他只做有效的决策。', 'book_picture/卓有成效的管理者.jpg');
INSERT INTO `books_info` VALUES ('22', '影响力', '20', '9787550284531', '北京联合出版公司', '2016-09-01', '2017-05-17', '1', '0', '4.49', '经管', null, '第1章 影响力的武器<br />\r\n动物可能会因为看到某种颜色的羽毛而变得具有攻击性，或是听到某种叫声就对自己的天敌呵护有加。动物这种愚蠢可笑的机械反应在人类身上也有，当某一个触发特征出现时，我们会不假思索地作出相应的反应。之所以会这样，就是因为我们被难以察觉的影响力武器摆布了。<br />\r\n    为什么无人问津的东西，价格乘以2以后，反而被一抢而空？<br />\r\n    为什么房地产商在售楼时，会先带顾客去看没人会买的破房子？<br />\r\n    为什么汽车经销商在顾客掏钱买车之后才会建议顾客购买各种配件？<br />\r\n第2章 互惠<br />\r\n互惠原理认为，我们应该尽量以类似的方式报答他人为我们所做的一切。简单地说，就是对他人的某种行为，我们要以一种类似的行为去加以回报。如果人家施恩于你，你就应该以恩情报之，而不能对此不理不睬，更不能以怨报德。于是，我们身边这一最有效的影响力武器，就被某些人利用谋取利益了。<br />\r\n   为什么精明的政客会让连普通人都能看出来的愚蠢的“水门事件”发生？<br />\r\n   为什么我们明明不喜欢某个人，却对他提出的要求无法拒绝？<br />\r\n   为什么超市总喜欢提供“免费试用”？<br />\r\n第3章 承诺和一致<br />\r\n承诺和一致原理认为，一旦作出了一个选择或采取了某种立场，我们就会立刻碰到来自内心和外部的压力迫使我们的言行与它保持一致。在这样的压力之下，我们想法设法地以行动证明自己先前的决定是正确的。<br />\r\n   为什么像宝洁和通用食品这样的大公司，经常发起有奖征文比赛，参赛者无需购买该公司任何产品，却有机会获得大奖？<br />\r\n   为什么一些二手车经销商在收购旧车时，会故意高估旧车的价格？<br />\r\n第4章 社会认同<br />\r\n社会认同原理认为，在判断何为正确时，我们会根据别人的意见行事。尤其是当我们正赛特定情形下判断某一行为是否正确时。如果我们看到别人在某种场合做某件事，我们就会断定这样做是有道理的。<br />\r\n   在遇到紧急情况时，什么才是最有效的求救方式？<br />\r\n   为什么当自杀事件广为报道时，报道所覆盖的地区自杀事件反而增多了？<br />\r\n   为什么圭亚那琼斯城的910名教徒会集体自杀？<br />\r\n第5章 喜好<br />\r\n我们大多数人总是更容易答应自己认识和喜爱的人所提出的要求，对于这一点，恐怕不会有人感到吃惊。令人吃惊的是，有些我们完全不认识的人却想出了上百种方法利用这条简单的原理，让我们顺从他们的要求。<br />\r\n  为什么特百惠公司的家庭聚会能使每天的销售额超过250万美元？<br />\r\n  为什么在审讯嫌疑犯的过程中“好警察”、“坏警察”搭档的方法巧妙地运用了喜好原理？<br />\r\n  为什么狂怒的球迷会在比赛输掉以后杀死运动员和裁判员？<br />\r\n第6章 权威<br />\r\n权威所具有的强大力量会影响我们的行为，即使是具有独立思考能力的成年人也会为了服从权威的命令而作出一些完全丧失理智的事情来。<br />\r\n   为什么受过正规培训的护理人员会毫不犹豫地执行一个来自医生的明明漏洞百出的指示？<br />\r\n  为什么行骗高手们总是以换装作为一种行骗手段？<br />\r\n第7章 稀缺<br />\r\n“机会越少见，价值似乎就越高”的稀缺原理会对我们行为的方方面面造成影响，对失去某种东西的恐惧似乎要比对获得同一物品的渴望，更能激发人们的行动力。<br />\r\n   为什么面值一元的错版纸币，其价值远远超过了面值的几百倍？<br />\r\n   为什么在拍卖场里，人们会不由自主地不停举牌？<br />\r\n   青少年反叛的根源在哪里？<br />\r\n尾声即时的影响力<br />\r\n在正常情况下,促使我们作出顺从决策的几个最常用的信息，都可以引导我们作出正确的决策，这就是为什么我们在决策时频繁、机械地使用互惠、言行一致、社会认同、喜好、权威以及稀缺原理的原因。每个原理本身都能够极为可靠地提示我们，什么时候说“是”比说“不”更加有利。但现实中，大量的、极易伪造的信息被人利用，他们借此引诱我们作出机械的反应并从中获利，我们不得不防。', '    自出版以来，《影响力》就一直是畅销佳作。由于它的影响，劝说得以成为一门科学。无论你是普通人还是为某一产品或事业观点游说的人，这都是一本最基本的书，是你理解人们心理的基石。\r\n     在这本书中，心理学家罗伯特·B·西奥迪尼博士为我们解释了为什么有些人极具说服力，而我们总是容易上当受骗。隐藏在冲动地顺从他人行为背后的6大心理秘笈，正是这一切的根源。那些劝说高手们，总是熟练地运用它们，让我们就范。', 'book_picture/影响力.jpg');
INSERT INTO `books_info` VALUES ('23', '金字塔原理', '21', '9787544268509', '南海出版公司', '2013-11-01', '2017-05-17', '1', '0', '3.98', '经管', '290000', '中文版序<br />\r\n前言　　<br />\r\n第1篇 表达的逻辑<br />\r\n　第1章 为什么要用金字塔结构<br />\r\n　　归类分组，将思想组织成金字塔　　<br />\r\n　　自上而下表达，结论先行<br />\r\n　　自下而上思考，总结概括<br />\r\n　第2章 金字塔内部的结构<br />\r\n　　纵向关系　　<br />\r\n　　横向关系　　<br />\r\n　　序言的结构　　<br />\r\n　第3章 如何构建金字塔　<br />\r\n　　自上而下法　　<br />\r\n　　自下而上法　　<br />\r\n　　初学者注意事项　　<br />\r\n　第4章 序言的具体写法　<br />\r\n　　序言的讲故事结构　<br />\r\n　　序言的常见模式　<br />\r\n　　序言的常见模式——以咨询为例<br />\r\n　第5章 演绎推理与归纳推理<br />\r\n　　归纳推理　　<br />\r\n　　演绎推理与归纳推理的区别<br />\r\n第2篇 思考的逻辑<br />\r\n　第6章 应用逻辑顺序　<br />\r\n　　时间顺序　　<br />\r\n　　结构顺序　　<br />\r\n　　程度顺序　　<br />\r\n　第7章 概括各组思想　<br />\r\n　　总结句避免使用“缺乏思想”的句子<br />\r\n　　总结句要说明行动产生的结果／目标<br />\r\n　　找出各结论之间的共性　　<br />\r\n第3篇 解决问题的逻辑<br />\r\n　第8章 界定问题<br />\r\n　　界定问题的框架　<br />\r\n　　展开问题的各要素　<br />\r\n　　发掘读者的疑问　<br />\r\n　　开始写序言　　<br />\r\n　　实战案例　　<br />\r\n　第9章 结构化分析问题　　<br />\r\n　　从信息资料入手<br />\r\n　　设计诊断框架　　<br />\r\n　　使用诊断框架　　<br />\r\n　　建立逻辑树　　<br />\r\n　　是非问题分析<br />\r\n第4篇　　演示的逻辑<br />\r\n　第10章 在书面上呈现金字塔<br />\r\n　　 突出显示文章的框架结构<br />\r\n　　 上下文之间要有过渡　　<br />\r\n　第11章 在PPT演示文稿中呈现金字塔　　<br />\r\n　　 设计文字PPT幻灯片　<br />\r\n　　 设计图表PPT幻灯片　<br />\r\n　　 故事梗概　<br />\r\n　第12章 在字里行间呈现金字塔<br />\r\n　　 画脑图（在大脑中画图像）　　<br />\r\n　　 把图像复制成文字　　<br />\r\n附录1 在无结构情况下解决问题的方法<br />\r\n附录2 序言结构范例<br />\r\n附录3 本书要点汇总<br />\r\n参考文献', '《金字塔原理》内容简介：金字塔原理是一种重点突出、逻辑清晰、主次分明的逻辑思路、表达方式和规范动作。\r\n金字塔的基本结构是：中心思想明确，结论先行，以上统下，归类分组，逻辑递进。先重要后次要，先全局后细节，先结论后原因，先结果后过程。\r\n金字塔训练表达者：关注、挖掘受众的意图、需求、利益点、关注点、兴趣点和兴奋点，想清内容说什么、怎么说，掌握表达的标准结构、规范动作。\r\n金字塔帮助达到沟通效果：重点突出，思路清晰，主次分明，让受众有兴趣、能理解、能接受、记得住。\r\n搭建金字塔的具体做法是：自上而下表达，自下而上思考，纵向疑问回答／总结概括，横向归类分组／演绎归纳，序言讲故事，标题提炼思想精华。', 'book_picture/金字塔原理.jpg');
INSERT INTO `books_info` VALUES ('24', '腾讯传', '22', '9787308164207', '浙江大学出版社', '2017-01-01', '2017-05-17', '1', '0', '3.47', '经管', null, '前言 谁能定格一座正在喷发的火山 <br />\r\n创业：1998-2004<br />\r\n出击：2005-2009<br />\r\n巨头：2010-2016<br />\r\n马化腾的七种武器<br />\r\n两个互联网世界：美国的，中国的<br />\r\n <br />\r\nPART 1 创业1998-2004 <br />\r\n第1章 少年：喜欢天文的Pony站长 <br />\r\n看见了哈雷彗星的少年<br />\r\n马化腾和三个中学同学<br />\r\n大学机房里的病毒高手<br />\r\n润迅公司里的“小马”<br />\r\n惠多网里的马站长<br />\r\n中国的第一批互联网人<br />\r\n“我们一起办一家企业吧”<br />\r\n <br />\r\n第2章 开局：并不清晰的出发 <br />\r\n创办日：1998年11月11日<br />\r\n不可错过的“互联网世代”<br />\r\n狼狈不堪的岁月<br />\r\n从ICQ到OICQ<br />\r\nOICQ的中国式改造<br />\r\nOICQ发布日：1999年2月10日<br />\r\n <br />\r\n第3章 生死：泡沫破灭中的挣扎 <br />\r\n“一只饿死鬼投胎的小精灵”<br />\r\n企鹅的诞生<br />\r\n“你可以不还钱，不过我不要你的股票”<br />\r\n救命的IDG与盈科<br />\r\n从OICQ到QQ<br />\r\nMIH的意外进入<br />\r\n <br />\r\n第4章 梦网：意外的拯救者 <br />\r\n“影子国王”的梦网计划<br />\r\n梦网拯救中国互联网<br />\r\n第一次组织架构调整<br />\r\n不成功的收费试验<br />\r\nQQ收费风波：第一次舆论危机<br />\r\nQ币：虚拟货币的诞生<br />\r\n <br />\r\n第5章 QQ秀：真实世界的倒影 <br />\r\n群聊：“社区”的第一次出现<br />\r\n市场部的“阿凡达计划”<br />\r\n“QQ人”与QQ现实主义<br />\r\n2003年：三个战略级的衍变<br />\r\n进入网游：没有“凯旋”的《凯旋》<br />\r\nQQ．com：“青年的新闻门户”<br />\r\n <br />\r\n第6章 上市：夹击中的“成人礼” <br />\r\n为什么选择高盛<br />\r\n纳斯达克还是香港<br />\r\n被光环掩盖了的上市<br />\r\n整顿风暴中的“跛脚企鹅”<br />\r\n对QQ的集体围剿<br />\r\n告别少年期<br />\r\nPART 2 出击2005-2009 <br />\r\n第7章 调整：一站式在线生活 <br />\r\n“虚拟电信运营商”的幻灭<br />\r\n被中国移动“驱逐”的日子<br />\r\n在手机上“自立门户”<br />\r\n新战略：“像水和电一样融入生活当中”<br />\r\n第二次架构调整<br />\r\n蚂蚁搬家：与淘宝的一场遭遇战<br />\r\n“全民公敌”马化腾<br />\r\n曾李青的离开<br />\r\n <br />\r\n第8章 战MSN：荣誉与命运 <br />\r\nMSN来了<br />\r\n“收购”张小龙<br />\r\n罗川的三重攻击<br />\r\n重新定义即时通信<br />\r\nMSN做错了什么<br />\r\n2005年：中国人统治中国互联网<br />\r\n <br />\r\n第9章 空间：有别于Facebook的社交模式 <br />\r\n“一个大号的QQ秀”<br />\r\n黄钻与进阶式会员体系<br />\r\n绿钻：与iTunes不同<br />\r\n美国大学与中国网吧<br />\r\n“他们跟我们争夺每一个网吧”<br />\r\n三战51<br />\r\n马化腾与扎克伯格<br />\r\n开心农场的爆炸性效应<br />\r\n <br />\r\n第10章 金矿：“游戏之王”的诞生 <br />\r\n偏师借重任宇昕<br />\r\n进击联众：一场事先张扬的比拼<br />\r\n泡泡堂与QQ堂之战<br />\r\nQQ宠物：母爱情结的宣泄<br />\r\n绕开主战场的侧击战略<br />\r\n《穿越火线》与《地下城与勇士》<br />\r\n“恐怖之王”的诞生<br />\r\n <br />\r\n第11章 广告：社交平台的逆袭 <br />\r\n流量上的胜利<br />\r\n“QQ用户中有多少人买得起Dior？”<br />\r\nMIND：重新定义互联网广告<br />\r\n广点通：“效果广告”的逆袭<br />\r\n <br />\r\nPART 3 巨头2010-2016 <br />\r\n第12章 用户：小马哥的产品哲学 <br />\r\n“那个只看见鸟的孩子是好学生”<br />\r\n“他就是一个邮件狂人”<br />\r\n瞬间变成“白痴级用户”的速度<br />\r\n马化腾的第一次产品演讲<br />\r\n大数据下的反馈体制<br />\r\n <br />\r\n第13章 转折：3Q大战 <br />\r\n暴风雨来袭的气息<br />\r\n企鹅帝国的“三宗罪”<br />\r\n舆论突袭：“狗日的”腾讯<br />\r\n宿敌的出现：从制毒者到杀毒者<br />\r\n正面冲突：电脑管家与隐私保护器<br />\r\n舆论攻防：技术的，还是道德的<br />\r\n白热化：扣扣保镖与艰难的决定<br />\r\n刘畅的眼泪与“各退五十步”<br />\r\n尴尬的结局：“赢了官司，输了舆论”<br />\r\n <br />\r\n第14章 开放：新的挑战与能力 <br />\r\n“打开未来之门”<br />\r\n“马八条”与半年战略转型筹备期<br />\r\n“诊断腾讯”：十场神仙会<br />\r\n开放能力：资本与流量<br />\r\n微博：移动时代的新对手<br />\r\n <br />\r\n第15章  微信：移动互联时代的“站台票” <br />\r\n张小龙与雷军的赛跑<br />\r\n为什么是张小龙？<br />\r\n朋友圈、公众号与微信红包<br />\r\n微信的“创世纪”<br />\r\n <br />\r\n第16章 年轻：手机QQ的自我变革 <br />\r\n“并非补充，而可能是颠覆”<br />\r\n“近六成QQ用户是90后”<br />\r\nQQ新打法一：娱乐化社交<br />\r\nQQ新打法二：场景化通信<br />\r\n <br />\r\n第17章 互联网 ：泛娱乐的环型生态 <br />\r\n从《洛克王国》开始<br />\r\n从动漫撕开一个口子<br />\r\n50亿元收购盛大文学<br />\r\n四环合璧，内容生态<br />\r\n <br />\r\n第17章 失控：互联网越来越像大自然 <br />\r\n“谁将会成为腾讯未来的敌人？”<br />\r\n灰度法则的七个维度<br />\r\n沉静型领导团队<br />\r\n“连接一切”与“互联网 ”<br />\r\n腾讯的公益与社会责任<br />\r\n“微微的晨光还照不亮太远的路”<br />\r\n <br />\r\n后记 ', '本书全景式地记录了腾讯崛起的经历，并以互联网的视角重新诠释了中国在融入全球化进程中的曲折与独特性。\r\n从1998年开始创业到成为*互联网巨头，腾讯以即时通信工具起步，逐渐进入社交网络、互动娱乐、网络媒体、电子商务等领域，在超高速发展的同时亦饱受争议，在“3Q大战”的激烈冲突之后又进一步走向开放……腾讯的发展路径，亦是中国互联网企业成长的缩影。我们可以看到，中国的互联网人在应用性迭代和对本国消费者的行为了解上，找到了自己的办法，并开始领跑全球。\r\n读懂腾讯，读懂中国互联网。', 'book_picture/腾讯传.jpg');
INSERT INTO `books_info` VALUES ('25', '所谓情商高，就是会说话', '23', '9787550286092', '北京联合出版公司', '2016-09-01', '2017-05-17', '1', '0', '4.54', '励志', '140000', '第一章 完美掌握！把“No”变成“Yes”的技巧<br />\r\n1. 无所不能的人都懂得如何措辞/ 2<br />\r\n2. 把得到“Yes”回答的可能性提高2~3 成/ 4<br />\r\n3. 接受大量实践故事的洗礼/ 6<br />\r\n4. 复习！ 3 个步骤/ 7<br />\r\n5. 阅读实践故事的关键/ 11<br />\r\n6. 检验你的“措辞拿手度”① / 41<br />\r\n7. 实况转播1：“别让成功卡在说话上·演讲”/ 62<br />\r\n8. 检验你的“措辞拿手度”② / 81<br />\r\n第二章 完美掌握！创造“警句”的技巧<br />\r\n1. 能打动人心的语句，可以通过“菜谱”创造/ 84<br />\r\n2. 能打动人心的人，必然拥有“警句”/ 84<br />\r\n3. 把交流视为“技巧”而非“唯心论”/ 87<br />\r\n4. 检验你的“措辞拿手度”③ / 121<br />\r\n5. 首次公开3 个新技巧！创造“警句”的技巧/ 141<br />\r\n6. 实况转播2： “别让成功卡在说话上·演讲”/ 167<br />\r\n结语 打开紧闭的人生之门/ 185<br />\r\n参考文献/ 参考影像/ 188<br />\r\n特别鸣谢/ 190', '  说话不只是一种“感觉”，还是一门“技术”！就像烹饪有食谱一样，说话也有它的“秘方”。古往今来，但凡不通说话之道者，都难成大事，而能成事者，一定在语言方面具有其独特的能力。一句恰到好处的话，甚至可以改变一个人的命运。人际沟通中怎样措辞？怎样把握说话的场合和时机？如何领略说话精髓，悟透说话之道，很快在众人中脱颖而出？\r\n  作者通过自己多年来掌握的语言措辞技巧告诉大家该如何修炼说话能力，如何提高自己的说话水平。在本书中，你可以通过熟悉“7个突破口”和“8个技巧”，并阅读大量实践故事，更好地掌握并运用语言措辞的技巧，使自己成为说话高手。', 'book_picture/所谓情商高，就是会说话.jpg');
INSERT INTO `books_info` VALUES ('26', '当下的力量', '24', '9787508640099', '中信出版社', '2013-07-01', '2017-05-17', '1', '0', '4.9', '励志', '120000', '导　读　活在当下<br />\r\n序　言<br />\r\n前　言<br />\r\n<br />\r\n第一章 你不等于你的大脑<br />\r\n开悟的最大障碍<br />\r\n从你的大脑中解放出来<br />\r\n超越你的思维<br />\r\n情绪：身体对思维的反应<br />\r\n<br />\r\n第二章 意识：摆脱痛苦的途径<br />\r\n别在当下制造更多的痛苦<br />\r\n瓦解你的痛苦之身<br />\r\n小我对痛苦之身的认同<br />\r\n恐惧的起源<br />\r\n小我对圆满的追寻<br />\r\n<br />\r\n第三章 深深地进入当下<br />\r\n别在思维中寻找你自己<br />\r\n终结时间的幻象<br />\r\n任何事物都不能存在于当下时刻之外<br />\r\n进入灵性殿堂的关键<br />\r\n汲取当下的力量<br />\r\n摆脱心理时间<br />\r\n消极心态和痛苦植根于时间之中<br />\r\n在生活情境中寻找你的生命<br />\r\n所有的问题都是思维的幻象<br />\r\n意识演化过程中的重大跃进<br />\r\n本体的喜悦<br />\r\n<br />\r\n第四章 思维逃避当下的策略<br />\r\n丧失当下时刻：幻象的核心<br />\r\n一般的无意识和深层的无意识<br />\r\n他们在寻找什么<br />\r\n瓦解一般的无意识状态<br />\r\n从不快乐中解脱<br />\r\n无论身处何地，全然地安于当下<br />\r\n你生命旅程的内在目的<br />\r\n过去无法在你的临在里生存<br />\r\n<br />\r\n第五章 临在状态<br />\r\n临在不是你所想的那样<br />\r\n“等待”的奥秘<br />\r\n美好源自于你临在的定静之中<br />\r\n纯意识的实现<br />\r\n救世主：你神圣临在的现实<br />\r\n<br />\r\n第六章 内在身体<br />\r\n本体是你最深刻的自我<br />\r\n超越字面的含义<br />\r\n找出你无形的和不可摧毁的本质<br />\r\n与内在身体联结<br />\r\n通过身体进行转化<br />\r\n有关身体的训诫<br />\r\n在体内深处扎根<br />\r\n进入内在身体之前，请宽恕<br />\r\n你与未显化状态之间的联系<br />\r\n减缓衰老的过程<br />\r\n加强你的免疫系统<br />\r\n让呼吸带你进入内在身体<br />\r\n创造性地使用你的大脑<br />\r\n倾听的艺术<br />\r\n<br />\r\n第七章 进入未显化状态的大门<br />\r\n深深地进入你的体内<br />\r\n气的源头<br />\r\n无梦睡眠<br />\r\n其他的大门<br />\r\n寂静<br />\r\n空间<br />\r\n空间和时间的真正本质<br />\r\n<br />\r\n第八章 开悟的爱情关系<br />\r\n随处进入当下<br />\r\n爱与恨的关系<br />\r\n沉溺上瘾和追寻圆满<br />\r\n从上瘾到开悟的爱情关系<br />\r\n在爱情关系中灵修<br />\r\n为什么女人更容易开悟<br />\r\n瓦解女性的集体痛苦之身<br />\r\n放弃和你自己的关系<br />\r\n<br />\r\n第九章 超越幸福和不幸<br />\r\n超越好和坏的至善<br />\r\n生命戏剧的终结<br />\r\n生命的无常和循环<br />\r\n利用和放弃消极心态<br />\r\n慈悲的本质<br />\r\n一个不同层次的现实<br />\r\n<br />\r\n第十章 臣服的意义<br />\r\n接受当下时刻<br />\r\n从思维能量到灵性能量<br />\r\n在个人关系中臣服<br />\r\n将疾病转化成开悟<br />\r\n当灾难降临<br />\r\n将痛苦转变成平安<br />\r\n受苦之路<br />\r\n选择的力量', '　　《当下的力量》堪称心灵读物经典，作者埃克哈特?托利在书中说，其实我们一直都处在大脑或思维的控制之下，生活在对时间的永恒焦虑中。我们忘不掉过去，更担心未来。但实际上，我们只能活在当下，活在此时此刻，所有的一切都是在当下发生的，而过去和未来只是一个无意义的时间概念。通过向当下的臣服，你才能找到真正的力量，找到获得平和与宁静的入口。在那里，我们能找到真正的欢乐，拥抱真正的自我。', 'book_picture/当下的力量.jpg');
INSERT INTO `books_info` VALUES ('27', '遇见未知的自己', '25', '9787540475017', '湖南文艺出版社', '2016-04-01', '2017-05-17', '1', '0', '3.66', '励志', '156000', '再版序 生活是我们最好的上师<br />\r\n自序 活出你想要的人生<br />\r\n<br />\r\n01.一场奇怪的对话——我是谁？<br />\r\n02.老人的读心术——我不是谁？<br />\r\n03.做爱像去迪士尼乐园？——我们到底想要什么<br />\r\n04.我为什么常常不快乐？——失落了真实的自己<br />\r\n05.人生就像一场戏——角色面具<br />\r\n06.层层包裹的同心圆——未知的自己<br />\r\n07.这个世界是什么组成的——能量争夺战<br />\r\n08.你所招引的人、事、物——吸引力法则<br />\r\n09.巧遇旧识——潜意识初探<br />\r\n10.当灵性与科学相遇——我们创造了自己的世界<br />\r\n11.命好不怕运来磨——潜意识中的人生模式<br />\r\n12.遇见难得的知音——潜意识的表达方式<br />\r\n13.回溯童年的记忆——我们身体的障碍<br />\r\n14.重新和身体联结——瑜伽和呼吸<br />\r\n15.激励大师的体验分享——饮食与健康<br />\r\n16.卸下光环后的人生——健走真好！<br />\r\n17.“担心”是最差的礼物——不如给他祝福吧<br />\r\n18.一场“ego boosting”（小我增长）秀——同学会的启示<br />\r\n19.被负面情绪套牢——情绪的障碍<br />\r\n20.在谷底惊见阳光——情绪的体验<br />\r\n21.摆荡于背叛、欺骗之间——情绪的爆发<br />\r\n22.是谁在伤口上撒盐——情绪的疗愈?<br />\r\n23.爱过、痛过、哭过之后——臣服的体验<br />\r\n24.梦的秘密——当下的臣服<br />\r\n25.背负重责大任的脑袋——检视思想<br />\r\n26.亲爱的，外面没有别人——转念作业<br />\r\n27.昔日女星的解套智慧——思想的瘾头<br />\r\n28.我是个婚姻失败者？！——思想的搅扰<br />\r\n29.什么让我感到喜悦——认同的解离<br />\r\n30.老婆不是秀给别人看的——身份认同的探索<br />\r\n31.战胜了胜肽——心想事成的秘密<br />\r\n32.未实现就先感恩——最后的试炼<br />\r\n33.开始，就是未来——迎风飞扬<br />\r\n34.婚姻是一场修行——亲密关系的联结<br />\r\n35.快乐和对错，谁更重要——走出观念的牢笼<br />\r\n36.走出观念，还原本来——回归真我的自然状态<br />\r\n<br />\r\n再版代跋 给读者的一封信', '　　《遇见未知的自己》这本书，可以让你了解自己、看清小我，进而在生活中操练，让自己更加自在、解脱、快乐。而感恩，正是你用谦卑的心去体会一切之后，自然而然发生的。感恩会带来更多的谦卑、更多的福分、更多的快乐，这样就形成了一个非常好的良性循环。\r\n　　这个成长进步的过程，需要大家把书中的资讯拿出来，彻底在生活中执行。一段时间以后，你一定会在某个领域或是某些情境能够做到先知先觉，不再堕入惯性模式的陷阱里。', 'book_picture/遇见未知的自己.jpg');
INSERT INTO `books_info` VALUES ('28', '你的善良必须有点锋芒', '26', '9787554607237', '古吴轩出版社', '2017-01-01', '2017-05-17', '1', '0', '4.89', '励志', '136000', 'Chapter  1 你以为的善良，其实只是懦弱<br />\r\n      如果你习惯了吃亏，习惯了沉默，习惯了委屈自己，习惯了不拒绝所有人，你便会忘记，其实你可以有态度，可以有观点，可以有能力，可以过你想要的生活。<br />\r\n <br />\r\n   与其明哲保身，不如立场鲜明 /  3<br />\r\n   你那么好说话，无非是没原则 /  8<br />\r\n   善良，有时候不过是弱者的又一个挡箭牌  /  14 “丑话说到前头”并不“丑” / 19<br />\r\n   做人要学着适度“零容忍” / 25<br />\r\n   善良是一种选择，需要的是智慧 / 30<br />\r\n<br />\r\nChapter  2  说好的“吃亏是福”呢<br />\r\n   你无须把自己摆得太低。属于你的，要积极地争取；不属于你的，也请果断放弃。<br />\r\n <br />\r\n  现实这么残酷，拿什么装无辜 /  37<br />\r\n   你以为你的付出是你以为的吗 /  42<br />\r\n  请将你的善良只给善待你的人 /  49<br />\r\n  以爱的名义满足的不过是你的野心 /  55<br />\r\n  别用你所谓的善意去强迫他人  /  61<br />\r\n  吃亏是福，但总吃亏哪儿来的福 /  66<br />\r\n<br />\r\nChapter  3 多余的牺牲他（她）不懂心疼<br />\r\n    老天爷的事儿你管不了，别人的事儿与你无关。请守护好你的亲密距离，不要“越俎代庖”，也不要“被越俎代庖”。<br />\r\n那多余的牺牲都是情感的重负 /  73<br />\r\n <br />\r\n 没了自己，就只是为别人而活 /  79<br />\r\n  有一些“好”永远不会被感激 /  86<br />\r\n  一味地胸怀天下只是给自己添堵 /  91<br />\r\n  除了你自己谁也没资格打击你 /  97<br />\r\n  请守护好你的亲密距离 /  104<br />\r\n<br />\r\nChapter  4 	你有多好，他（她）就能有多坏<br />\r\n    有时候，我们要对自己残忍一点，不能纵容自己的伤心失望。有时候，我们要宽容，但切勿纵容，要学会说“不”。<br />\r\n <br />\r\n  可以宽恕，但不能忘记 /  113<br />\r\n  纵容他人是对自己的残忍 /  118<br />\r\n  想给他人热量，先让自己发光 /  125<br />\r\n  不抱怨，不过别人嘴上所说的人生  /  132<br />\r\n  要照顾别人，先把自己照顾好 /  137<br />\r\n  若不懂拒绝，慢慢地你就被毁了 /  143<br />\r\n<br />\r\nChapter  5 你没那么坚强，但只能独自坚强<br />\r\n    伤害你的人从来没想过帮助你成长，真正让你成长的是你的痛苦和反思。经历本身没有特殊意义，让它变得有意义的是你的坚强。<br />\r\n <br />\r\n   学着“示弱”，别憋出内伤 /  149<br />\r\n  太在乎别人，就只能自己受累 /  154<br />\r\n  我们是自己命运的巫师 /  160<br />\r\n  你当坚强，而且善良 /  167<br />\r\n  不要像你不喜欢的人那样生活  /  173<br />\r\n  有所缺憾，才能走向更完美 /  178<br />\r\n<br />\r\nChapter  6 	可以替别人着想，但要为自己而活<br />\r\n  人生最遗憾的莫过于，轻易地放弃了不该放弃的，固执地坚持了不该坚持的。<br />\r\n <br />\r\n  何必用疲惫的身心来愉悦别人 /  185<br />\r\n  做人要懂得留一点儿爱给自己 /  190<br />\r\n  无畏付出，但不无谓付出 /  197<br />\r\n  做自己，别让世界改变你  /  201<br />\r\n  我们活的都是自己的选择    /  209<br />\r\n  深谙世故却不世故，才是成熟的善良 /  214<br />\r\n后记 得到的是 幸，失去的是人生 /  221', '    什么时候打开都不晚的心灵开悟之书。\r\n    如果你习惯了吃亏，习惯了沉默，习惯了委屈自己，习惯了不拒绝所有人，便会忘记其实你可以有态度，可以有观点，可以有能力，可以有自己从容的生活。\r\n    36段过往的人生故事，多维度层层剥开36种隐秘心理与生活真相。这样的故事你也许没有读过，但你一定能感同身受。', 'book_picture/你的善良必须有点锋芒.jpg');
INSERT INTO `books_info` VALUES ('29', '你要么出众，要么出局', '27', '9787540479657', '湖南文艺出版社', '2017-02-01', '2017-05-17', '1', '0', '4.94', '励志', '223000', '01 忙起来，世界才是你的 <br />\r\n舒适区终有一天会毁掉青春 <br />\r\n忙起来多好，因为闲下来更累 <br />\r\n你是不是注意力越来越差 <br />\r\n如何成为一个会利用时间的高手 <br />\r\n寂寞是最好的增值期 <br />\r\n追梦人和断梦人 <br />\r\n朝九晚五和浪迹天涯 <br />\r\n你好，考虫 <br />\r\n<br />\r\n02 弱者看平台，强者造平台 <br />\r\n满怀期待地做梦，遍体鳞伤地成长 <br />\r\n这世上没有毫无理由的横空出世 <br />\r\n传道者的井 <br />\r\n下班后的生活，决定了人的一生 <br />\r\n弱者看平台，强者造平台 <br />\r\n没有自制力的人，就别去谈自由 <br />\r\n第二高的山峰是什么？ <br />\r\n这一生，为音乐而活 <br />\r\n姑娘，你活得太谨慎了 <br />\r\n大不了大器晚成 <br />\r\n<br />\r\n03 远离精神上的\"穷人\" <br />\r\n真相背后的逻辑 <br />\r\n………… ', '本书是百万畅销书作家、中国优质新偶像李尚龙写给千万年轻人的成长激励之书。 \r\n　　全书41篇作者亲历、亲闻的故事，如同41个特写镜头，把生活的现实、功利、残酷拆开来给你看，为你提供全新的观察生活和审视自己的视角，告诉你年轻时没有安稳平淡的中间选项，你要么大汗淋漓地出众，活出耀眼且丰盛的自己，要么小心翼翼地出局，被迫面对人生的遗憾和后悔。 \r\n　　多篇火爆朋友圈的正能量好文《舒适区终有一天会毁掉青春》《寂寞是*好的增值期》《忙起来多好，因为闲下来更累》《下班后的生活，决定了人的一生》《弱者看平台，强者造平台》《别怕麻烦人，好的朋友都是麻烦出来的》等也都收录在本书当中。 ', 'book_picture/你要么出众，要么出局.jpg');
INSERT INTO `books_info` VALUES ('30', '高效能人士的七个习惯', '28', '9787515326399', '中国青年出版社', '2015-02-01', '2017-05-18', '1', '0', '3.75', '励志', null, '推荐序　永恒的经典　历久弥新的核心原则<br />\r\n致父亲　柯维家族致一位高效能的父亲<br />\r\n前　言　变化的世界　不变的原则<br />\r\n如何使用本书<br />\r\n七个习惯的简要定义与架构图<br />\r\n第一部分　　重新探索自我　　<br />\r\n第一章　由内而外全面造就自己<br />\r\n付诸行动<br />\r\n第二章　七个习惯概论<br />\r\n付诸行动<br />\r\n第二部分　　个人领域的成功：从依赖到独立　　<br />\r\n第三章　习惯一：积极主动——个人愿景的原则<br />\r\n付诸行动<br />\r\n第四章　习惯二：以终为始——自我领导的原则<br />\r\n付诸行动<br />\r\n第五章　　习惯三：要事第一——自我管理的原则<br />\r\n付诸行动<br />\r\n第三部分　　公众领域的成功：从独立到互赖　　<br />\r\n第六章　　人际关系的本质<br />\r\n付诸行动224<br />\r\n第七章　　习惯四：双赢思维——人际领导的原则<br />\r\n付诸行动<br />\r\n第八章　　习惯五：知彼解己——移情沟通的原则<br />\r\n付诸行动<br />\r\n第九章　　习惯六：统合综效——创造性合作的原则<br />\r\n付诸行动<br />\r\n第四部分　　自我提升和完善　　<br />\r\n第十章　　习惯七：不断更新——平衡的自我提升的原则<br />\r\n付诸行动<br />\r\n第十一章　再论由内而外造就自己<br />\r\n付诸行动<br />\r\n后　记　对史蒂芬柯维博士的最后一次访问<br />\r\n附　录<br />\r\n附录一　第四代的时间管理——高效能人士的一天<br />\r\n附录二　答读者问<br />\r\n附录三　你是哪种类型的人——生活中心面面观<br />\r\n附录四　处理挑战/机遇问题的索引<br />\r\n致　谢', '史蒂芬柯维被《时代周刊》评为“影响美国历史进程的25位人物之一”。普京感慨：“俄罗斯应该出现这样伟大的思想家。”史蒂芬柯维的思想和成就，与拿破仑希尔、戴尔卡耐基比肩。 \r\n\r\n●《高效能人士的七个习惯（25周年纪念版）》是一部永恒的畅销书，里程碑式的著作——高居《纽约时报》畅销书排行榜之首长达20多年，总销量超过2500万册，在全球140多个国家以40种语言出版。 \r\n\r\n●全球管理大师、《基业长青》、《从优秀到卓越》作者吉姆柯林斯倾情作序。', 'book_picture/高效能人士的七个习惯.jpg');
INSERT INTO `books_info` VALUES ('31', '无宠不惊过一生', '29', '9787533944032', '浙江文艺出版社', '2016-03-01', '2017-05-18', '1', '0', '4.58', '文学', null, '【一】忆儿时 04<br />\r\n【二】私塾生活 14<br />\r\n【三】学画回忆 24<br />\r\n【四】从孩子得到的启示 34<br />\r\n【五】渐 40<br />\r\n【六】春 48<br />\r\n【七】秋 54<br />\r\n【八】初冬浴日漫感 60<br />\r\n【九】生机 66<br />\r\n【十】随感十三则 72<br />\r\n【十一】晨梦 88<br />\r\n【十二】闲居 94<br />\r\n【十三】手指 100<br />\r\n【十四】白鹅 110<br />\r\n【十五】竹影 120<br />\r\n【十六】山中避雨 126<br />\r\n【十七】给我的孩子们 132<br />\r\n【十八】黄山松 140<br />\r\n【十九】云霓 146<br />\r\n【二十】送考 152<br />\r\n【二十一】钱江看潮记 160<br />\r\n【二十二】扬州梦 168<br />\r\n【二十三】陋巷 178<br />\r\n【二十四】阿咪 186<br />\r\n【二十五】自然 194<br />\r\n【二十六】颜面 202<br />\r\n【二十七】东京某晚的事 210<br />\r\n【二十八】楼板 216<br />\r\n【二十九】湖畔夜饮 222<br />\r\n【三十】缘 230', '精选30篇散文 、收录全部课标名篇。选配40余幅全彩漫画，高端艺术纸印刷、*诚意还原丰子恺大师漫画清新、自然的本色。', 'book_picture/无宠不惊过一生.jpg');
INSERT INTO `books_info` VALUES ('32', '白说', '30', '9787535481108', '长江文艺出版社', '2015-09-01', '2017-05-18', '1', '0', '4.95', '文学', null, '代序：说话不是件好玩的事儿 005 <br />\r\n<br />\r\n岁月：活着不是非赢即输<br />\r\n<br />\r\n幸福可以无限靠近，无法彻底到达 014<br />\r\n做点无用的事儿 024<br />\r\n漂亮的失败是另一种成功 034<br />\r\n致青春：做一个和自己赛跑的人 048<br />\r\n<br />\r\n价值：得失不是非有即无<br />\r\n<br />\r\n书读久了，总会信点儿什么 064<br />\r\n文字停止之处，音乐开始了 077<br />\r\n被念歪的《道德经》 096<br />\r\n<br />\r\n沟通：世界不是非黑即白<br />\r\n<br />\r\n学会讲一个好故事 116<br />\r\n智商很高，情商却低 130<br />\r\n资讯爆炸时，别被忽悠了 150<br />\r\n今天的新闻是明天怎样的历史？ 158<br />\r\n<br />\r\n态度：进退不是非取即舍<br />\r\n<br />\r\n中国人不缺德，可是缺啥？ 164<br />\r\n都在短跑，你试试长跑 176<br />\r\n好医生一定会开“希望”这个药方 184<br />\r\n“痛并快乐着”是我们的宿命 201<br />\r\n将志愿的行动，变成志愿的心 213<br />\r\n<br />\r\n时代：真相不是非此即彼<br />\r\n<br />\r\n我们从哪儿来，到哪儿去？ 226<br />\r\n时间轴上的中国 240<br />\r\n留住乡愁，而不是想起故乡就发愁 253<br />\r\n打造一副让世界喜欢的面孔 258<br />\r\n我的故事以及背后的中国梦 267<br />\r\n<br />\r\n代后记：说一个更好点儿的未来 277', '《白说》是央视资深新闻人白岩松继《幸福了吗》《痛并快乐着》之后的全新作品，一部“自传”式的心灵履历。通过近年来于各个场合与公众的深入交流，以平等自由的态度，分享其世界观和价值观。时间跨度长达十五年，涵盖时政、教育、改革、音乐、阅读、人生等多个领域，温暖发声，理性执言。\r\n在有权保持沉默的年纪拒绝沉默，为依然热血有梦的人们敲鼓拨弦。尽管“说话不是件好玩的事儿”，依然向往“说出一个更好点儿的未来”，就算“说了白说”，可是“不说，白不说”。', 'book_picture/白说.jpg');
INSERT INTO `books_info` VALUES ('33', '生活，是很好玩的', '31', '9787210088004', '江西人民出版社', '2016-11-01', '2017-05-18', '1', '0', '3.86', '文学', '278000', '有味<br />\r\n <br />\r\n故乡的食物<br />\r\n五味<br />\r\n葵·薤<br />\r\n故乡的野菜<br />\r\n萝卜<br />\r\n鳜鱼<br />\r\n家常酒菜<br />\r\n肉食者不鄙<br />\r\n鱼我所欲也<br />\r\n豆汁儿<br />\r\n栗子<br />\r\n贴秋膘<br />\r\n豆腐<br />\r\n干丝<br />\r\n手把肉<br />\r\n韭菜花<br />\r\n四方食事<br />\r\n寻常茶话<br />\r\n吃食和文学<br />\r\n昆明菜<br />\r\n昆明的吃食<br />\r\n昆明的果品<br />\r\n菌小谱<br />\r\n食豆饮水斋闲笔<br />\r\n食道旧寻<br />\r\n果蔬秋浓<br />\r\n <br />\r\n草木<br />\r\n <br />\r\n人间草木<br />\r\n岁朝清供<br />\r\n关于葡萄<br />\r\n果园杂记<br />\r\n草木春秋<br />\r\n花<br />\r\n夏天<br />\r\n冬天<br />\r\n马铃薯<br />\r\n腊梅花<br />\r\n滇游新记<br />\r\n云南茶花<br />\r\n淡淡秋光<br />\r\n昆明的花<br />\r\n菏泽牡丹<br />\r\n北京的秋花<br />\r\n夏天的昆虫<br />\r\n草木虫鱼鸟兽<br />\r\n昆虫备忘录<br />\r\n <br />\r\n春秋<br />\r\n <br />\r\n星斗其文，赤子其人<br />\r\n老舍先生<br />\r\n金岳霖先生<br />\r\n未尽才：故人偶记<br />\r\n林斤澜！哈哈哈哈<br />\r\n草巷口<br />\r\n看画<br />\r\n吴大和尚和七拳半<br />\r\n和尚<br />\r\n昆明的雨<br />\r\n跑警报<br />\r\n西南联大中文系<br />\r\n泡茶馆<br />\r\n沽源<br />\r\n沙岭子<br />\r\n旧病杂忆<br />\r\n大妈们<br />\r\n名优逸事<br />\r\n国子监<br />\r\n踢毽子<br />\r\n熬鹰·逮獾子<br />\r\n北京人的遛鸟<br />\r\n自得其乐<br />\r\n我的父亲<br />\r\n多年父子成兄弟', '本书是备受推崇的“生活家”汪曾祺的散文精选集。\r\n生活家，就是热爱生活、多才多艺、有趣之人。\r\n汪曾祺就是一位生活家。\r\n对生活心存热爱，从不消沉沮丧，无机心，少俗虑；活得有情趣，对世间万物皆有情，体察得细致。\r\n写字、画画、做饭，明明是最平常普通的日常，他却深得其中的乐趣。一个平凡的景，经过汪曾祺的视角，便美得天真烂漫。\r\n他的字到何处，何处便有画境。\r\n “生活，是很好玩的”是他的一句名言，代表了他的人生态度。他以一颗赤忱之心，把一切都写活了。\r\n本书分为有味、草木和春秋三辑，从美食、植物、旧事等三个部分来展现汪曾祺先生的生活情趣和人生态度。', 'book_picture/生活，是很好玩的.jpg');
INSERT INTO `books_info` VALUES ('34', '梦里花落知多少', '32', '9787530211076', '北京十月文艺出版社', '2013-12-01', '2017-05-18', '1', '0', '3.61', '文学', '230000', '背影<br />\r\n荒山之夜<br />\r\n克里斯<br />\r\n离乡回乡<br />\r\n雨禅台北<br />\r\n周末<br />\r\n不死鸟<br />\r\n明日又天涯<br />\r\n云在青山月在天<br />\r\n归<br />\r\n梦里梦外<br />\r\n不飞的天使<br />\r\n似曾相识燕归来<br />\r\n梦里花落知多少', '书中先是记录了三毛与荷西在撒哈拉沙漠结婚，白手成家的生活，而此时她的文学创作生涯也随之开启；后来移居加纳利群岛后，三毛的生活渐趋安定，她的创作也达到了很高的水平；再后来，荷西在一次潜水时意外去世，三毛的心灵受到巨大创伤，人生陷入低谷。一段时间后，三毛再度出走，游历中南美洲，开始新的生活。而这段经历，也使她的文风发生了一定的转变。', 'book_picture/梦里花落知多少.jpg');
INSERT INTO `books_info` VALUES ('35', '天才在左疯子在右', '33', '9787550263932', '北京联合出版公司', '2016-01-01', '2017-05-18', '1', '0', '3.89', '小说', '330000', '前言<br />\r\n旧版前言<br />\r\n1. 角色问题<br />\r\n2. 梦的真实性<br />\r\n3. 四维虫子<br />\r\n4. 三只小猪――前篇：不存在的哥哥<br />\r\n5. 三只小猪――后篇：多重人格<br />\r\n6. 进化惯性<br />\r\n7. 飞禽走兽<br />\r\n8. 生命的尽头<br />\r\n9. 转世<br />\r\n10. 苹果的味道<br />\r\n11. 颅骨穿孔――前篇：异能追寻者<br />\r\n12. 颅骨穿孔――后篇：如影随形<br />\r\n13. 生化奴隶<br />\r\n14. 永远，永远<br />\r\n15. 真正的世界<br />\r\n16. 孤独的守望者<br />\r\n17. 雨默默的<br />\r\n18. 生命之章<br />\r\n19. 最后的撒旦<br />\r\n20. 女人的星球<br />\r\n篇外篇：有关精神病的午后对谈<br />\r\n21. 时间的尽头――前篇：橘子空间<br />\r\n22. 时间的尽头――后篇：瞬间就是永恒<br />\r\n23. 在墙的另一边<br />\r\n24. 死亡周刊<br />\r\n25. 灵魂的尾巴<br />\r\n26. 永生<br />\r\n27. 镜中<br />\r\n28. 表面现象<br />\r\n29. 超级进化论<br />\r\n30. 迷失的旅行者――前篇：精神传输<br />\r\n31. 迷失的旅行者――中篇：压缩问题<br />\r\n32. 迷失的旅行者――后篇：回传<br />\r\n33. 永不停息的心脏<br />\r\n34. 禁果<br />\r\n35. 朝生暮死<br />\r\n36. 预见未来<br />\r\n37. 双子<br />\r\n38. 行尸走肉<br />\r\n39. 角度问题<br />\r\n40. 人间五十年<br />\r\n第二个篇外篇：精神病科医生<br />\r\n41. 伪装的文明<br />\r\n42. 控制问题<br />\r\n43. 大风<br />\r\n44. 双面人<br />\r\n45. 满足的条件<br />\r\n46. 萨满<br />\r\n47. 偷取时间<br />\r\n48. 还原一个世界――前篇：遗失的文明<br />\r\n49. 还原一个世界――中篇：暗示<br />\r\n50. 还原一个世界――后篇：未知的文明<br />\r\n51. 盗尸者<br />\r\n52. 棋子<br />\r\n53. 谁是谁<br />\r\n54. 灵魂深处<br />\r\n55. 伴随着月亮<br />\r\n56. 刹那<br />\r\n57. 果冻世界――前篇：物质的尽头<br />\r\n58. 果冻世界――后篇：幕布<br />\r\n新版后记：人生若只如初见<br />\r\n第一版后记：人生若只如初见', '这本书，是一群误入歧途的天才的故事，也是一群入院治疗的疯子的故事。\r\n这本书，是作者高铭耗时4年深入医院精神科、公安部等神秘机构，和数百名“非常态人类”直接接触后，以访谈形式记录了生活在社会另一个角落的人群（精神病患者、心理障碍者等边缘人）的所思所想。\r\n这本书，是国内*本具有人文情怀的精神病患谈访录。在与精神病患对话的内容里涉及到生理学、心理学、佛学、宗教、量子物理、符号学以及玛雅文明和预言等众多领域。表现出精神病患看待世界的角度和对生命提出的深刻观点，闻所未闻却又论证严谨。\r\n他们说：\r\n*四维生物眼里，我们只是蠕动的虫子\r\n肤浅的男人，必然被基因先进的女人毁灭\r\n孩子，你是我创建的角色，生死皆有我定\r\n你追求的那点可怜的光明，根本不值一提\r\n飓风不是虚幻，你还未信，我已死于狂风\r\n睡梦中我狰狞的表情，吓破世人胆却仍无解\r\n我们的生命，只是未知长河中的一个小碎片\r\n我有三只小猪，我杀死了其中两只，而已\r\n……\r\n\r\n这本书，能够让人们真正了解到疯子抑或天才的内心世界。\r\n\r\n大部分人都乐于成为社会群居动物的一员，所以会对从不同维度看待世界的人心存疑虑，甚至是不假思索的否定。\r\n可是，定义一个人是天才还是疯子又有什么真正的标准呢？\r\n\r\n相信这本书会给你一个近乎完美的答案。', 'book_picture/天才在左疯子在右.jpg');
INSERT INTO `books_info` VALUES ('36', '寻找时间的人', '34', '9787539999548', '江苏文艺出版社', '2017-03-01', '2017-05-18', '1', '0', '4.93', '小说', null, '前言<br />\r\nPART1   家族秘密<br />\r\nPART2   时间薄膜<br />\r\nPART3   奇那昂格<br />\r\nPART4   笛与漏洞<br />\r\nPART5   时间归位<br />\r\nPART6   尘埃落定', '一桩多年前的家族隐私引起了吉吉的好奇心，但留给少年探寻的时间并不多，因为时间似乎正以不可思议的速度从我们的世界流出，于是为了满足妈妈的心愿，也为了弄清困扰自己的家族秘密，吉吉在安妮的带领下来到了永恒之地，和一个出色的小提琴手、一只受伤的狗，一起踏上只属于他的奇幻旅程。\r\n我们身处不同世界，但成长、亲情与人性，却从来没有什么不同。', 'book_picture/寻找时间的人.jpg');
INSERT INTO `books_info` VALUES ('37', '白鹿原', '35', '9787020090297', '人民文学出版社', '1993-06-01', '2017-05-18', '1', '0', '3.61', '小说', null, '白鹿原附录：《白鹿原》创作手记<br />', '《白鹿原》是一部渭河平原五十年变迁的雄奇史诗，一轴中国农村班斓多彩、触目惊心的长幅画卷。主人公六娶六丧，神秘的序曲预示着不祥。一个家族两代子孙，为争夺白鹿原的统治代代争斗不已，上演了一幕幕惊心动魄的活剧：巧取风水地，恶施美人计，孝子为匪，亲翁杀媳，兄弟相煎，情人反目……大革命、日寇入侵、三年内战，白鹿原翻云覆雨，王旗变幻，家仇国恨交错缠结，冤冤相报代代不已……古老的土地在新生的阵痛中颤粟。厚重深邃的思想内容，复杂多变的人物性格，跌宕曲折的故事情节，绚丽多彩的风土人情，形成作品鲜明的艺术特色和令人震撼的真实感。', 'book_picture/白鹿原.jpg');
INSERT INTO `books_info` VALUES ('38', '嫌疑人X的献身', '7', '9787544267618', '南海出版公司', '2014-06-01', '2017-05-18', '1', '0', '4.15', '小说', null, '无', '　　《嫌疑人X的献身》内容简介：《嫌疑人X的献身》是日本天王作家东野圭吾“迄今为止*杰作”，创造了日本推理小说史上*的奇迹，将第134届直木奖、第6届本格推理小说大奖及日本3大推理小说排行榜年度总冠军一并收入囊中。\r\n　　数学天才石神，每天都去固定的便当店买午餐，只为看一眼在那里做事的邻居靖子。\r\n　　与女儿相依为命的靖子，失手杀了上门纠缠勒索的前夫。\r\n　　为救靖子，石神挺身料理善后，以数学家缜密的逻辑思考设了一个匪夷所思的局，为靖子提供了天衣无缝的不在场证据，以令人惊骇莫名的诡计诠释了一份无比真挚纯粹的爱情……', 'book_picture/嫌疑人X的献身.jpg');
INSERT INTO `books_info` VALUES ('39', '中国通史', '36', '9787513905039', '民主与建设出版社', '2015-01-01', '2017-05-18', '1', '0', '4.74', '历史', null, '自　序<br />\r\n绪　论<br />\r\n上 篇　中国政治史<br />\r\n　第一章　中国民族的由来<br />\r\n　第二章　中国史的年代<br />\r\n　第三章　古代的开化<br />\r\n　第四章　夏殷西周的事迹<br />\r\n　第五章　春秋战国的竞争和秦国的统一<br />\r\n　第六章　古代对于异族的同化<br />\r\n　第七章　古代社会的综述<br />\r\n　第八章　秦朝治天下的政策<br />\r\n　第九章　秦汉间封建政体的反动<br />\r\n　第十章　汉武帝的内政外交<br />\r\n　第十一章　前汉的衰亡<br />\r\n　第十二章　新室的兴亡<br />\r\n　第十三章　后汉的盛衰<br />\r\n　第十四章　后汉的分裂和三国<br />\r\n　第十五章　晋初的形势<br />\r\n　第十六章　五胡之乱（上）<br />\r\n　第十七章　五胡之乱（下）<br />\r\n　第十八章　南北朝的始末<br />\r\n　第十九章　南北朝隋唐间塞外的形势<br />\r\n　第二十章　隋朝和唐朝的盛世<br />\r\n　第二十一章　唐朝的中衰<br />\r\n　第二十二章　唐朝的衰亡和沙陀的侵入<br />\r\n　第二十三章　五代十国的兴亡和契丹的侵入<br />\r\n　第二十四章　唐宋时代中国文化的转变<br />\r\n　第二十五章　北宋的积弱<br />\r\n　第二十六章　南宋恢复的无成<br />\r\n　第二十七章　蒙古大帝国的盛衰<br />\r\n　第二十八章　汉族的光复事业<br />\r\n　第二十九章　明朝的盛衰<br />\r\n　第三十章　明清的兴亡<br />\r\n　第三十一章　清代的盛衰<br />\r\n　第三十二章　中西初期的交涉<br />\r\n　第三十三章　汉族的光复运动<br />\r\n　第三十四章　清朝的衰乱<br />\r\n　第三十五章　清朝的覆亡<br />\r\n　第三十六章　革命途中的中国<br />\r\n下 篇　中国文化史<br />\r\n　第三十七章　婚姻<br />\r\n　第三十八章　族制<br />\r\n　第三十九章　政体<br />\r\n　第四十章　阶级<br />\r\n　第四十一章　财产<br />\r\n　第四十二章　官制<br />\r\n　第四十三章　选举<br />\r\n　第四十四章　赋税<br />\r\n　第四十五章　兵制<br />\r\n　第四十六章　刑法<br />\r\n　第四十七章　实业<br />\r\n　第四十八章　货币<br />\r\n　第四十九章　衣食<br />\r\n　第五十章　住行<br />\r\n　第五十一章　教育<br />\r\n　第五十二章　语文<br />\r\n　第五十三章　学术<br />\r\n　第五十四章　宗教', '本书分为上下两部分，上编政治史，按照历史顺序加以串联，在理乱兴亡的同时将历史知识更系统地进行梳理，下编主讲文化现象。吕先生著此书时正值抗日战争，是为了满足当时大学教学的需求而编写，如今看来，这种特殊的体例对初学者系统掌握历史各个方面还是很有帮助的。\r\n　　本书从面世至今，不断再版，足以说明人们对吕先生和他以白话写通史的认可。对于这样一部经典之作，长处本无需赘述，可在此仍要强调一下本书的特点：我国历史上优秀的史学典籍本是不少，无奈笔墨宏大过于高深，将文言功底本就不深的初级读者挡在了门外，而吕先生这本书简明扼要，行文浅显，相对简单了不少。', 'book_picture/中国通史.jpg');
INSERT INTO `books_info` VALUES ('40', '耶路撒冷三千年', '37', '9787513903509', '民主与建设出版社', '2015-01-01', '2017-05-19', '1', '0', '4.82', '历史', '570000', '序幕<br />\r\n第一部分　犹太教<br />\r\n　1.大卫的世界<br />\r\n　　第一任国王：迦南人<br />\r\n　　耶路撒冷的亚伯拉罕：以色列人<br />\r\n　2.大卫的崛起<br />\r\n　　年轻的大卫<br />\r\n　3.王国和圣殿<br />\r\n　　大卫：王城<br />\r\n　　押沙龙：一个王子的崛起和倒台<br />\r\n　　所罗门：圣殿<br />\r\n　　所罗门：衰微<br />\r\n　4.犹大的国王们 公元前930年—公元前626年<br />\r\n　　罗波安对耶罗波安：分裂<br />\r\n　　耶洗别和她的女儿：耶路撒冷的王后<br />\r\n　　以赛亚：集美人和荡妇于一身的耶路撒冷<br />\r\n　　西拿基立：扑向羊圈的狼<br />\r\n　　希西家的隧道<br />\r\n　　玛拿西：地狱之谷的儿童献祭<br />\r\n　5.巴比伦的妓女 公元前586年—公元前539年<br />\r\n　　约西亚： 革命的救世主<br />\r\n　　尼布甲尼撒<br />\r\n　　尼布甲尼撒：行毁坏可憎之人<br />\r\n　　伯沙撒的宴会<br />\r\n　6.波斯人 公元前539年—公元前336年<br />\r\n　　居鲁士大帝<br />\r\n　　大流士和所罗巴伯：新的圣殿<br />\r\n　　尼希米：波斯人的衰落<br />\r\n　7.马其顿人 公元前336年—公元前166年<br />\r\n　　亚历山大大帝<br />\r\n　　托勒密：安息日劫掠<br />\r\n　　多比雅的约瑟<br />\r\n　　安条克大帝：大象的碰撞<br />\r\n　　义人西蒙：晨星<br />\r\n　　安条克显灵：疯狂的上帝<br />\r\n　　神显者安条克：另一位行毁坏可憎者<br />\r\n　8.马卡比 公元前164年—公元前66年<br />\r\n　　铁锤犹大<br />\r\n　　西蒙大帝：马卡比的胜利<br />\r\n　　约翰·西卡努斯：帝国的缔造者<br />\r\n　　色雷斯人亚历山大：狂暴的幼狮<br />\r\n　9.罗马人来了 公元前66年—公元前40年<br />\r\n　　庞培在至圣之所<br />\r\n　　凯撒和克里奥帕特拉<br />\r\n　　安东尼和克里奥帕特拉<br />\r\n　　帕科鲁斯：回马箭<br />\r\n　　希律：逃向克里奥帕特拉<br />\r\n　10.希律家族 公元前40年—公元10年<br />\r\n　　安提柯的倒台：最后一个马卡比<br />\r\n　　希律和克里奥帕特拉<br />\r\n　　奥古斯都和希律<br />\r\n　　米利暗：让希律爱恨交织的女人<br />\r\n　　希律：圣殿<br />\r\n　　希律的王子们：家族悲剧<br />\r\n　　希律：活着的时候腐烂<br />\r\n　　阿基劳斯：弥赛亚和大屠杀<br />\r\n　11.耶稣基督 公元10年—公元40年<br />\r\n　　施洗者约翰和加利利之狐<br />\r\n　　拿撒勒的耶稣：在耶路撒冷的三天<br />\r\n　　庞修斯·彼拉多：对耶稣的审判<br />\r\n　　耶稣基督：受难<br />\r\n　12.希律家族的终曲 公元40年—公元66年<br />\r\n　　希律·亚基帕：卡里古拉的朋友<br />\r\n　　希律·亚基帕和国王克劳狄：暗杀、荣耀和蠕虫<br />\r\n　　希律·亚基帕二世：尼禄的朋友<br />\r\n　　大数的保罗：基督教的缔造者<br />\r\n　　义人雅各之死：耶稣王朝<br />\r\n　　约瑟夫斯：革命倒计时<br />\r\n　13.犹太战争：耶路撒冷之死 公元66年—公元70年<br />\r\n　　赤脚王后贝勒妮斯：革命<br />\r\n　　约瑟夫斯的预言：赶骡人做皇帝<br />\r\n　　妓院耶路撒冷——暴君约翰和西蒙<br />\r\n第二部分　异教<br />\r\n　14.埃利亚·卡皮托利纳 公元70年—公元312年<br />\r\n　　提图斯的胜利：罗马的耶路撒冷<br />\r\n　　贝勒妮斯：犹太人中的克里奥帕特拉<br />\r\n　　耶稣王朝的终结：被遗忘的受难<br />\r\n　　哈德良：耶路撒冷方案<br />\r\n　　西蒙·巴尔·科赫巴：星辰之子<br />\r\n第三部分　基督教<br />\r\n　15.拜占庭的盛世 公元312年—公元518年<br />\r\n　　君士坦丁大帝：基督，胜利之神<br />\r\n　　君士坦丁大帝：家族谋杀<br />\r\n　　海伦娜：第一个考古学家<br />\r\n　　叛教者尤利安：修缮耶路撒冷<br />\r\n　　哲罗姆和葆拉：圣徒、欲望和都市<br />\r\n　　巴尔索玛和武装僧侣<br />\r\n　　欧多西亚：耶路撒冷的皇后<br />\r\n　16.拜占庭的衰落：波斯入侵 公元518年—公元630年<br />\r\n　　查士丁尼和舞女皇后：拜占庭的耶路撒冷<br />\r\n　　波斯沙王和皇家野猪：疯狗的怒吼<br />\r\n　　尼希米二世：犹太人的恐怖<br />\r\n　　希拉克略：第一个十字军战士<br />\r\n第四部分　伊斯兰教<br />\r\n　17.阿拉伯的征服 公元630年—公元660年<br />\r\n　　穆罕默德：夜行<br />\r\n　　哈立德·伊本·瓦利德：伊斯兰之剑<br />\r\n　　公正的欧麦尔：圣殿恢复者<br />\r\n　18.倭玛亚王朝：圣殿的修复 公元660年—公元750年<br />\r\n　　穆阿维叶：阿拉伯世界的凯撒<br />\r\n　　阿卜杜拉·马利克：岩石圆顶清真寺<br />\r\n　　瓦利德：天启与奢侈<br />\r\n　19. 阿拔斯王朝：遥远的主人们 公元750年—公元969年<br />\r\n　　萨法赫哈里发：刽子手<br />\r\n　　皇帝与哈里发：查理曼和哈伦·拉希德<br />\r\n　　卡富尔：有香味的太监<br />\r\n　20. 法蒂玛王朝：宽容与疯狂 公元969年—公元1099年<br />\r\n　　伊本·凯利斯：犹太“宰相”与法蒂玛征服<br />\r\n　　帕尔蒂尔与法蒂玛王朝：犹太医生王子和活伊玛目<br />\r\n　　穆卡达西：耶路撒冷人<br />\r\n　　哈基姆：阿拉伯的卡里古拉<br />\r\n　　哈基姆：消失<br />\r\n　　阿齐兹：野蛮的洗劫<br />\r\n第五部分　十字军东征<br />\r\n　21.大屠杀 公元1099年<br />\r\n　　戈弗雷公爵：围困<br />\r\n　　教皇乌尔班二世：奉主之名<br />\r\n　　坦克雷德：圣殿山上的大屠杀<br />\r\n　　戈弗雷：圣墓守护者<br />\r\n　22.十字军国家的兴起 公元1100年—公元1131年<br />\r\n　　大鲍德温：首任国王<br />\r\n　　小鲍德温二世<br />\r\n　23.十字军国家的黄金时代 公元1131年—公元1142年<br />\r\n　　梅利桑德和富尔克：皇室婚姻<br />\r\n　　梅利桑德女王：丑闻<br />\r\n　　血腥的赞吉：鹰王<br />\r\n　　奥萨玛·本·蒙奇德：大事件和大灾难<br />\r\n　　梅利桑德的耶路撒冷：上层生活与下层生活<br />\r\n　　奥萨玛·本·蒙奇德和犹大·哈列维：穆斯林、犹太人和法兰克人<br />\r\n　24.僵局 公元 1142年—公元1174年<br />\r\n　　赞吉：狂妄与报应<br />\r\n　　阿基坦的埃莉诺和路易国王：丑闻与失败<br />\r\n　　母子之争：梅利桑德挑战鲍德温三世<br />\r\n　　阿莫利和阿格尼丝：配不上圣城的王后<br />\r\n　　提尔的威廉：埃及的战争<br />\r\n　　摩西·迈蒙尼德：迷途指津<br />\r\n　25.麻风病国王 公元1174年—公元1187年<br />\r\n　　提尔的威廉：王室的家庭教师<br />\r\n　　鲍德温四世的病<br />\r\n　　逆境中的风采：麻风病国王的胜利<br />\r\n　　居伊：有污点的继承人<br />\r\n　　居伊国王：中了圈套<br />\r\n　26.萨拉丁 公元1187年—公元1189年<br />\r\n　　萨拉丁：战役<br />\r\n　　萨拉丁围城：屠杀还是投降？<br />\r\n　　萨拉丁其人<br />\r\n　　舞女和春药：萨拉丁的宫廷<br />\r\n　　萨拉丁的城市<br />\r\n　27.第三次十字军东征：萨拉丁和理查 公元1189年—公元1193年<br />\r\n　　狮心王：骑士精神与屠杀<br />\r\n　28.萨拉丁王朝 公元1193年—公元1250年<br />\r\n　　苏丹之死<br />\r\n　　穆阿扎姆·伊萨：另一位耶稣<br />\r\n　　腓特烈二世：世界的奇才，《启示录》中的野兽<br />\r\n　　腓特烈二世的加冕：日耳曼的耶路撒冷<br />\r\n　　巴克汗与鞑靼人：灾难<br />\r\n　第六部分　马木鲁克<br />\r\n　29.从奴隶到苏丹 公元1250年—公元1339年<br />\r\n　　拜巴尔斯：黑豹<br />\r\n　　拉姆班<br />\r\n　　纳西尔·穆罕默德：优雅的鹰<br />\r\n　30.马木鲁克的衰落 公元1399年—公元1517年<br />\r\n　　帖木尔和家庭教师：朝圣之城<br />\r\n　　苏丹和基督徒的蛋饼<br />\r\n第七部分　奥斯曼<br />\r\n　31.苏莱曼的伟业 公元1517年—公元1550年<br />\r\n　　所罗门第二和他的罗克塞拉娜<br />\r\n　32.神秘主义者和弥赛亚 公元1550年—公元1705年<br />\r\n　　苏丹的犹太公爵：新教徒、方济各会和城墙<br />\r\n　　乔治·桑迪斯：第一个英裔美洲人<br />\r\n　　弥赛亚：沙巴泰·泽维<br />\r\n　　爱维亚：奥斯曼的佩皮斯和福斯塔夫<br />\r\n　33.诸家族 公元1705年—公元1799年<br />\r\n　　侯赛尼家族：纳吉布·阿-阿什拉夫的反叛和大肆屠狗<br />\r\n　　侯赛尼家族：诸家族的崛起<br />\r\n　　“巴勒斯坦王”的兴衰<br />\r\n　　拿破仑·波拿巴：“我亲自创作的《古兰经》”<br />\r\n第八部分 帝国<br />\r\n　34.圣地的拿破仑 公元1799年—公元1806年<br />\r\n　　阿克的蓝胡子<br />\r\n　　拿破仑：“总司令部，耶路撒冷”<br />\r\n　　西德尼·史密斯爵士——“最出色的骑士”<br />\r\n　35.新浪漫主义：夏多布里昂和迪斯累利 公元1806年—公元1830年<br />\r\n　　圣墓骑士子爵<br />\r\n　　布伦斯维克的卡罗琳与赫斯特·斯坦霍普：英国王后与沙漠王后<br />\r\n　　迪斯累利：圣洁的人和浪漫的人<br />\r\n　36.阿尔巴尼亚人的征服 公元1830年—公元1840年<br />\r\n　　红色易卜拉欣<br />\r\n　　易卜拉欣：神圣的火焰，神圣的死亡<br />\r\n　　易卜拉欣：农民起义<br />\r\n　37.福音派传教士 公元1840年—公元1855年<br />\r\n　　帕麦斯顿和沙夫茨伯里：帝国主义者和福音传教士<br />\r\n　　詹姆斯·芬恩：福音派领事<br />\r\n　　美国领事沃德·克雷森：美国的神圣异邦人<br />\r\n　　欧洲宪兵与圣墓大教堂的枪战事件：耶路撒冷的俄罗斯上帝<br />\r\n　　果戈理：耶路撒冷综合征<br />\r\n　　詹姆斯·芬恩和克里米亚战争：被谋杀的福音传道者与掠夺者贝都因人<br />\r\n　　作家：梅尔维尔、福楼拜和萨克雷<br />\r\n　　作家：大卫·多尔，周游中的美国奴隶<br />\r\n　38.新城市 公元1855年—公元1860年<br />\r\n　　摩西·蒙蒂菲奥里：“这个克罗伊斯”<br />\r\n　39.新宗教 公元1860年—公元1870年<br />\r\n　　皇帝与考古学家：无知的异国人<br />\r\n　　马克·吐温和“贫民村”<br />\r\n　40.阿拉伯之城，帝国之都 公元1870年—公元1880年<br />\r\n　　优素福·哈立迪：音乐、舞蹈、日常生活<br />\r\n　　耶路撒冷刺青：英国王子和俄国大公<br />\r\n　　美国的“胜利者”派：一直温着耶稣的牛奶<br />\r\n　41.俄国人 公元1880年—公元1898年<br />\r\n　　谢尔盖大公和大公夫人埃拉<br />\r\n　　谢尔盖大公：俄国犹太人和大屠杀<br />\r\n第九部分　犹太复国主义<br />\r\n　42.德国皇帝 公元1898年—公元1905年<br />\r\n　　赫茨尔<br />\r\n　　威廉：我的帝国的寄生虫<br />\r\n　　德皇与赫茨尔：最后的十字军战士与第一个犹太复国主义者<br />\r\n　43.耶路撒冷的乌得琴演奏者 公元1905年—公元1914年<br />\r\n　　戴维·格鲁恩成为了戴维·本-古里安<br />\r\n　　乌得琴手：瓦希夫·贾瓦哈里耶<br />\r\n　　拉斯普京：俄国修女们要当心了<br />\r\n　　令人尊敬的蒙蒂·帕克上尉与约柜<br />\r\n　44.世界大战 公元1914年—公元1916年<br />\r\n　　杰马勒帕夏：耶路撒冷的暴君<br />\r\n　　恐怖和死亡：屠夫杰马勒<br />\r\n　　耶路撒冷的战争和性：瓦希夫·贾瓦哈里耶<br />\r\n　45.阿拉伯起义，贝尔福宣言 公元1916年—公元1917年<br />\r\n　　劳伦斯和麦加谢里夫<br />\r\n　　阿拉伯的劳伦斯：谢里夫派——阿卜杜拉和费萨尔<br />\r\n　　法尔肯海因挂帅：德国的耶路撒冷<br />\r\n　　劳合·乔治、贝尔福和魏茨曼<br />\r\n　　“魏茨曼博士，孩子出生了”：《贝尔福宣言》<br />\r\n　46.圣诞礼物公元1917年—公元1919年<br />\r\n　　市长试图投降<br />\r\n　　公牛艾伦比：最荣耀的时刻<br />\r\n　　东方的斯托尔斯：仁慈的当权者<br />\r\n　47.战胜国和战利品公元1919年—公元1920年<br />\r\n　　凡尔赛会议上的伍德罗·威尔逊<br />\r\n　　斯托尔斯：先知穆萨节骚乱，第一枪<br />\r\n　　赫伯特·塞缪尔：一个巴勒斯坦，交接完毕<br />\r\n　　丘吉尔创造了现代中东：劳伦斯的谢里夫派解决方案<br />\r\n　48.英国的托管公元1920年—公元1936年<br />\r\n　　穆夫提对市长：阿明·侯赛尼对拉吉卜·纳沙希比<br />\r\n　　穆夫提：西墙之争<br />\r\n　　沃科普之都：狩猎、咖啡馆、聚会和白袍<br />\r\n　　本-古里安和穆夫提：缩小的沙发<br />\r\n　49.阿拉伯起义公元1936年—公元1945年<br />\r\n　　穆夫提的恐怖统治<br />\r\n　　奥德·温盖特和摩西·达扬：老城的陷落<br />\r\n　　穆夫提和希特勒：耶路撒冷的世界战争<br />\r\n　50.肮脏的战争公元1945年—公元1947年<br />\r\n　　梅纳赫姆·贝京：黑色安息日<br />\r\n　　蒙哥马利的镇压：法兰上校案<br />\r\n　　阿卜杜·卡迪尔·侯赛尼：耶路撒冷前线<br />\r\n　　圣地上空的礼炮：阿卜杜·卡迪尔·侯赛尼<br />\r\n　51.犹太人的独立。阿拉伯人的大灾难公元1948年—公元1951年<br />\r\n　　英国人离开；本-古里安：我们成功了！<br />\r\n　　急性子阿卜杜拉<br />\r\n　　阿卜杜拉：耶路撒冷之战<br />\r\n　52.分隔公元1951年—公元1967年<br />\r\n　　耶路撒冷之王：圣殿山上的流血<br />\r\n　　约旦的侯赛因：耶路撒冷最后的国王<br />\r\n　53.六日战争公元1967年<br />\r\n　　纳赛尔和侯赛因：战争倒计时<br />\r\n　　拉宾：战前的崩溃<br />\r\n　　达扬接过指挥权<br />\r\n　　1967年6月5日—7日：侯赛因、达扬和拉宾<br />\r\n后记<br />\r\n　耶路撒冷的早晨：从那时到现在<br />\r\n　明天<br />\r\n　今晨<br />\r\n附录<br />\r\n致谢', '读《耶路撒冷三千年》，了解耶路撒冷的历史，就会明白世界为何演变成今天的模样。 　　耶路撒冷曾被视为世界的中心，是基督教、犹太教和伊斯兰教三大宗教的圣地，是文明冲突的战略要冲，是让世人魂牵梦绕的去处，是惑人的阴谋、虚构的网络传说和二十四小时新闻发生的地方。 　　西蒙·蒙蒂菲奥里以客观、中立的角度，依年代顺序，生动讲述了耶路撒冷的故事。透过士兵与先知、诗人与国王、农民与音乐家的生活，以及创造耶路撒冷的家族来呈现这座城市的三千年瑰丽历史，还原真实的耶路撒冷……', 'book_picture/耶路撒冷三千年.jpg');
INSERT INTO `books_info` VALUES ('41', '中国大历史', '12', '9787108010360', '生活.读书.新知三联书店', '2014-05-01', '2017-05-19', '1', '0', '4.84', '历史', null, '为什么称为“中国大历史”？——中文版自序<br />\r\n第一章　西安与黄土地带<br />\r\n第二章　亚圣与始皇<br />\r\n第三章　土壤、风向和雨量<br />\r\n第四章　兵马俑的幕后<br />\r\n第五章　第一帝国：树立楷模<br />\r\n第六章　名士成为军阀<br />\r\n第七章　长期分裂的局面<br />\r\n第八章　历史向侧面进出<br />\r\n第九章　统一的途径<br />\r\n第十章　第二帝国：已有突破，但未竟事功<br />\r\n第十一章　北宋：大胆的试验<br />\r\n第十二章　西湖与南宋<br />\r\n第十三章　蒙古人的插曲<br />\r\n第十四章　明朝：一个内向和非竞争性的国家<br />\r\n第十五章　明朝：一个停滞但注重内省的时代<br />\r\n第十六章　满洲人的作为<br />\r\n第十七章　1800年：一个瞻前顾后的基点<br />\r\n第十八章　从鸦片战争到自强运动<br />\r\n第十九章　百日维新、民国成立和五四运动<br />\r\n第二十章　现代中国及其在世界上的地位<br />\r\n第二十一章　台湾、香港与澳门', '《中国大历史》是美籍华裔历史学家黄仁宇的代表作之一。黄仁宇的一生富有传奇色彩。他1918年出生在湖南长沙，1936年考入天津南开大学电机工程系。抗日战争爆发后弃文从伍，曾参加中国远征军，进入印度作战。1950年退伍后负笈美国，以34岁的“高龄”从大学三年级读起，终于1964年获得密执根大学历史系博士。此后，他先后在纽约州立大学纽普兹分校、哥伦比亚大学及哈佛大学东亚研究所任教、从事研究。1979年曾赴普林斯顿大学，参与《剑桥中国史》的集体研究工作，撰写明朝部分。\r\n这部书以短短二十余万字的篇幅，勾画了整个中国历史长达数千年的全貌。中国历史典籍浩如烟海，常使初学者不得其门而入。作者一改以往史学家的著述方式，不以史料堆砌为目的，也不以单一历史事件为关注点。作者倡导大历史，主张利用归纳法将现有史料高度压缩，先构成一个简明而前后连贯的纲领，和欧美史有了互相比较的幅度与层次，然后去作进一步的研究。这种“大”历史的著述方式，注重的是对历史宏观线条的勾画，注重的是历史本身相沿成型的结构框架。本书从技术的角度分析中国历史的进程，着眼于现代型的经济体制如何为传统社会所不容，以及是何契机使其在中国土地上落脚。', 'book_picture/中国大历史.jpg');
INSERT INTO `books_info` VALUES ('42', '鱼羊野史', '38', '23977897', '广东人民出版社', '2016-06-01', '2017-05-19', '1', '0', '3.55', '历史', '2000000', '《鱼羊野史·1》<br />\r\n《鱼羊野史·2》 <br />\r\n《鱼羊野史·3》 <br />\r\n《鱼羊野史·4》 <br />\r\n《鱼羊野史·5》 <br />\r\n《鱼羊野史·6》', '人类，有的时候聪明，有的时候傻，但始终在进化。\r\n　　历史不是镜子，历史是开了又落的花，朝花夕拾\r\n　　跟高晓松一起，重温故国、故城、故人芳华刹那\r\n\r\n　　《鱼羊野史第1卷》\r\n　　中国人自古以来就爱写信，在现代邮政之前我们如何寄信，民信局与镖局有什么不同？又为何杜甫有诗云\"烽火连三月，家书抵万金\"，古代寄信到底有多贵？\r\n　　为什么晓松说彼得大帝与康熙大帝很像呢？\r\n　　一个曾被乾隆抱在腿上的英国小孩，对鸦片战争起到了什么作用呢？\r\n　　1837年俄国诗人普希金逝世，为何晓松由\"诗人之死\"引发\"不要为女人打架\"的感慨呢？\r\n　　1924年图坦卡蒙的石棺被打开，高晓松意外地发现石棺上的浮雕竟和阿凡达长得一模一样！\r\n　　1941年皖南事变、1938年新四军军部成立、1972年陈毅去世竟然都发生在同一天，高晓松将如何解读这似乎是冥冥之中注定的巧合呢？\r\n　　1967年美式足球联盟首次在洛杉矶举办超级碗，为什么晓松把每年超级碗的决赛比喻为\"美国的春晚\"呢？\r\n　　一起重温《红楼梦》《西厢记》和《倚天屠龙记》中所描写的元宵盛况，为何晓松说那天才是中国古代的情人节呢？\r\n　　明朝总结为\"无明君，无名将，无文豪\"的\"三无朝代\"，大家是否同意呢？\r\n　　1901年英国维多利亚女王去世，为何晓松将她称为欧洲的\"贾母\"呢？\r\n\r\n\r\n　　《鱼羊野史第2卷》\r\n　　秦朝和隋朝都有强大的武力和很多开创性的贡献，为什么都是短命得二世而绝？\r\n　　为什么晓松说亚里士多德是外星人？\r\n　　如果道光皇帝选了恭亲王当皇帝而不是咸丰，那中国会怎样？\r\n　　西安兵马俑的手里为什么都没有武器呢？武器都去了哪里？\r\n　　巴顿将军拿着望远镜看图书馆的塑像与他用五年从西点军校毕业之间有何关系？\r\n　　晓松的学长陈景润先生看书撞电线杆的故事是真的吗？\r\n　　为什么晓松说汉光武帝是\"鸿鹄安知燕雀之志\"？\r\n　　美国的城市为什么一条街被命名为马丁?路德?金街，这条街的房价就会腰斩？\r\n　　爱因斯坦去世后，他的大脑去了哪里？\r\n　　为什么晓松说白富美词人李清照是千古第一才女呢？\r\n　　高晓松为什么说曹操的奋斗史就是\"屌丝\"逆袭，打败所有\"富二代\"？\r\n\r\n\r\n　　《鱼羊野史第3卷》\r\n　　1980年在莫斯科举办的奥运会为什么遭到以美国为首的全体西方国家的一致抵制？\r\n　　为什么晓松说中国历史上大概只有项羽能和拿破仑相提并论？\r\n　　美国发现本o拉登后为什么不急于击毙他？\r\n　　晓松何以放言高考制度目前在我们国家各个制度中还算公平？\r\n　　让中国足球到今天为止再也没有翻过身来的转折点是什么？\r\n　　以轮胎起家的米其林，为什么成了全世界最好的餐厅保障？\r\n　　为什么说中国最有资格获得诺贝尔文学奖的是沈从文先生？\r\n　　传言说《霸王别姬》的导演另有其人，这是真的吗？\r\n　　为什么晓松认为\"我们没有资格去谈迈克尔o杰克逊\"？\r\n\r\n　　《鱼羊野史第4卷》\r\n　　空罐子里装着\"帝国主义的最后一口气\"，也能成为畅销货？\r\n　　为什么晓松说从小不读海明威的书，就完全不能称为文艺青年？\r\n　　轰动全国的慈禧、乾隆墓穴被盗如何演变成军阀之间的大肆分赃？\r\n　　比基尼泳衣与比基尼岛上的那颗原子弹爆炸有什么关系？\r\n　　从柯南o道尔的遗产能否推断英国的版权保护好到什么程度？\r\n　　为什么晓松说季羡林先生不是国学大师？\r\n　　号称\"东方巴黎\"的上海为什么还流传着\"不到大世界，枉来大上海\"的说法？\r\n\r\n　　《鱼羊野史第5卷》\r\n　　著名的空城计，是诸葛亮弹琴吓跑了司马懿，还是司马懿有意撤退放他一马？\r\n　　连续七任年份以零结尾上任的美国总统都死于非命！这是历史的巧合，还是印第安人所施的魔咒？\r\n　　基努·里维斯变胖了，是因为中餐太好吃，还是因为有个\"周先生\"？\r\n　　国家博物馆中同样两幅名为《开国大典》的油画有何不同之处？\r\n　　为什么在美国加利福尼亚州，说西班牙语可以畅通无阻？\r\n　　新版《红楼梦》中\"老祖宗\"的扮演者竟然是\"邦女郎\"出身，你相信吗？\r\n　　\r\n　　《鱼羊野史第6卷》\r\n      人类，有的时候聪明，有的时候傻，但始终在进化。\r\n      历史不是镜子，历史是开了又落的花，朝花夕拾\r\n      跟高晓松一起，重温故国、故城、故人芳华刹那\r\n      作为一名文艺青年，宋徽宗如何来治国？\r\n      对于肯尼迪总统被刺这一谜案，晓松有哪些猜想呢？\r\n      清洁工为什么会将纽约时代艺术博物馆里的藏品误当垃圾清理走？\r\n      晓松为何说钱锺书先生年轻时装假牙是亲吻牛津大学的土地导致的？\r\n      为什么欧洲一个国家的GDP都不够全美国人民看病的，但美国人还在抱怨看病难？\r\n      晓松差点儿成为中央空调和插卡电表的发明推广者，作为科学家的外公为何要制止？\r\n      …………', 'book_picture/鱼羊野史.jpg');
INSERT INTO `books_info` VALUES ('43', '细节 如何轻松影响他人', '20', '9787508668734', '中信出版社', '2016-11-02', '2017-05-19', '1', '0', '4.09', '经管', null, 'O1 向“大众”借力 ── 001<br />\r\nO2 “小众”的反作用力 ── 011<br />\r\nO3 非常态VS常态 ── 019<br />\r\nO4 强大的环境暗示 ── 025<br />\r\nO5 改个名字，改变一切 ── 031<br />\r\nO6 如何化敌为友 ── 037<br />\r\nO7 预测他人的喜好、渴望与需求 ── 043<br />\r\nO8 主动承诺的力量 ── 049<br />\r\nO9 承诺要行动，要公开 ── 055<br />\r\n1O “心安理得”效应 ── 061<br />\r\n11 如何为员工鼓劲儿加油 ── 067<br />\r\n12 如何避开决策陷阱 ── 073<br />\r\n13 巧用“执行意向” ── 079<br />\r\n14 推迟一点儿会更好 ── 085<br />\r\n15 为了将来的自己 ── 091<br />\r\n16 目标设得好，干劲儿会更足 ── 097<br />\r\n17 损失规避原则 ── 103<br />\r\n18 如何克服拖延症 ── 109<br />\r\n19 如何留住顾客跟定你 ── 115<br />\r\n2O 把潜力变成现实 ── 121<br />\r\n21 把会议开得更高效 ── 127<br />\r\n22 服装的影响力 ── 133<br />\r\n23 亮出专家身份 ── 137<br />\r\n24 不确定的说服力 ── 143<br />\r\n25 中心位置的影响力 ── 147<br />\r\n26 如何激发创意 ── 151<br />\r\n27 主场还是客场 ── 155<br />\r\n28 如何让自己变得更强大 ── 159<br />\r\n29 你所需的只是爱 ── 165<br />\r\n3O 完美礼物哪里找 ── 169<br />\r\n31 为互助留出余地 ── 175<br />\r\n32 表达感激好处多 ── 181<br />\r\n33 出乎意料与抛砖引玉 ── 187<br />\r\n34 如何获得帮助 ── 193<br />\r\n35 先下手为强 ── 197<br />\r\n36 报价精确一点儿会更好 ── 203<br />\r\n37 定价末尾数字有玄机 ── 209<br />\r\n38 顺序改一改，生意滚滚来 ── 217<br />\r\n39 如何事半功倍 ── 223<br />\r\n4O 化整为零 ── 229<br />\r\n41 鲜明生动的细节 ── 235<br />\r\n42 指出机会成本 ── 241<br />\r\n43 如何激励他人（还有你自己）完成任务 ── 247<br />\r\n44 如何提高客户忠诚度 ── 253<br />\r\n45 如何让一加一大于二 ── 259<br />\r\n46 退后一步看问题 ── 263<br />\r\n47 从他人的错误中汲取教训 ── 269<br />\r\n48 对错误进行管理 ── 275<br />\r\n49 当天就点评 ── 281<br />\r\n5O 给邮件加点儿料，让谈判更顺畅 ── 287<br />\r\n51 碰触的魔力 ── 293<br />\r\n52 把最好的留到最后 ── 299<br />\r\n额外附赠── 304<br />\r\n致谢 ── 311', '　　细节到位，略施小计你就能轻松影响他人：圆桌式会议能够激发员工的归属感，而角形会议更能引发员工对独特性的追求；超市以0.99元结尾对物品进行定价，可以使销量业绩爆速增长；蛋糕店发放长期兑换卡片，顾客的使用效率将是发放短期卡片的1/5；把 600 块钱的酒排在菜单最前面，会让 350 元的酒显得价格更合理……\r\n   《细节：如何轻松影响他人》是世界百万级畅销书《影响力》作者罗伯特·西奥迪尼的全新力作，书中列举了52个微小却重大的影响力提升技巧，告诉你如何在如今这个充满“套路”的时代里用最小的细节改变成就结果上*的差异变化，并成功影响他人。\r\n如果说《影响力》在职场生存、商业博弈、人际交往中提供了影响别人的理论指导，那么这一本《细节》，就是52个微小改变影响对方的实操训练，并将在提升个人品质、解决生活难题、打造企业品牌等各个领域帮助我们完成个人及集体影响力的终极提升，最终使你更易获得最后的成功。\r\n   《细节》就是这样一本令人惊奇、强大、具有深刻内涵的实用型人生工具书，它完整且细致地揭示了失败和成功之间存在着的细节差别,手把手教会你掌握可以影响他人并逆转自我人生的极具创造力和科学性的影响力法则，并将在职场沟通、员工激励、商业谈判、家庭教育等各个工作和生活领域对你产生持续且深远的超级影响力！', 'book_picture/细节 如何轻松影响他人.jpg');
INSERT INTO `books_info` VALUES ('44', '干法', '17', '9787111498247', '机械工业出版社', '2015-05-01', '2017-05-19', '1', '0', '3.27', '经管', null, '译者序<br />\r\n中文版序<br />\r\n前言<br />\r\n第1章磨炼灵魂，提升心志：为什么要工作<br />\r\n　我们为什么而工作<br />\r\n　工作造就人格<br />\r\n　“极度”认真地工作能扭转人生<br />\r\n　那些智慧迸发的瞬间<br />\r\n　乍看的不幸，实际上是幸事<br />\r\n　努力工作的彼岸是美好人生<br />\r\n　坚持“愚直地、认真地、诚实地”工作<br />\r\n　要每天反省<br />\r\n第2章让自己喜欢上所从事的工作：如何投入工作<br />\r\n　改变“心态”<br />\r\n　“迷恋”工作<br />\r\n　感动给人注入新的动力<br />\r\n　“抱着产品睡”<br />\r\n　倾听“产品的哭泣声”<br />\r\n　成为“自燃型”的人<br />\r\n　勇于在“旋涡中心”工作<br />\r\n第3章以“高目标”为动力：<br />\r\n　持续付出不亚于任何人的努力<br />\r\n　不断树立“高目标”<br />\r\n　首先“必须得想”<br />\r\n　把愿望渗透到“潜意识”<br />\r\n　当你竭尽全力时，神灵将会现身<br />\r\n　付出“不亚于任何人的努力”乃是自然的机理<br />\r\n第4章持续就是力量：抓紧今天这一天<br />\r\n　持续的力量能将“平凡”变为“非凡”<br />\r\n　比昨天更进一步<br />\r\n　全力过好今天这一天<br />\r\n　能力要用“将来进行时”<br />\r\n　将“不可能”变为“可能”<br />\r\n　“已经不行了”的时候才是真正的开始<br />\r\n　苦难和成功都是考验<br />\r\n　不要有感性的烦恼<br />\r\n　哪怕险峻高山，也要垂直攀登<br />\r\n第5章追求“完美主义”：怎样才能出色工作<br />\r\n　出色的工作产生于“完美主义”<br />\r\n　橡皮绝对擦不掉的错误<br />\r\n　最重要的是“注重细节”<br />\r\n　事先“看见完成时的状态”就定能成功<br />\r\n　抓住一切机会磨炼“敏锐度”<br />\r\n　不是“最佳”，而是“完美”<br />\r\n第6章“创造性”地工作：每天都要钻研创新<br />\r\n　敢于走“别人没走过的路”<br />\r\n　“扫地”改变人生<br />\r\n　外行的长处是可以自由发想<br />\r\n　既然定了计划，就一定要实现<br />\r\n　乐观构思、悲观计划、乐观实行<br />\r\n　将创造发明导向成功的“正确的地图”<br />\r\n　结语人生工作的结果=思维方式×热情×能力<br />\r\n　做人的“正确的思维方式”<br />\r\n附录干法：经营者应该怎样工作<br />\r\n关于盛和塾', '　　《干法》首次完整阐释了日本经营之圣稻盛和夫关于工作的看法、做法。从字面上讲，《干法》似乎是讲述如何有效工作的方法。但其实这本书的重点，专注于人生观中的“劳动观”、“工作观”，而这个问题，在浮躁的当下具有重大而深刻的现实意义。\r\n　　《干法》既是稻盛先生70多年工作经验的总结分享，也是被多家企业的成功实践证明了的正确哲学。尤其是，它不是被简单地误读为，“只要埋头苦干，经年累月就能成功”的鸡汤说教，它是“不能放弃对自我的人生责任”的信念。\r\n　　作为*版本，本书收录了稻盛和夫2014年杭州报告会讲演。', 'book_picture/干法.jpg');
INSERT INTO `books_info` VALUES ('45', '大数据时代', '39', '9787213052545', '浙江人民出版社', '2013-01-01', '2017-05-19', '1', '0', '3.82', '经管', '215000', '推荐序一　 拥抱“大数据时代”<br />\r\n宽带资本董事长 田溯宁<br />\r\n推荐序二　 实实在在大数据<br />\r\n中国互联网发展的重要参与者，知名IT 评论人<br />\r\n译者序　在路上晃晃悠悠<br />\r\n电子科技大学教授，互联网科学中心主任<br />\r\n引言　一场生活、工作与思维的大变革<br />\r\n大数据开启了一次重大的时代转型。就像望远镜让我们能够感受宇宙，显微镜让我们能够观测微生物一样，大数据正在改变我们的生活以及理解世界的方式，成为新发明和新服务的源泉，而更多的改变正蓄势待发……<br />\r\n大数据，变革公共卫生<br />\r\n大数据，变革商业<br />\r\n大数据，变革思维<br />\r\n大数据，开启重大的时代转型<br />\r\n预测，大数据的核心<br />\r\n大数据，大挑战<br />\r\n<br />\r\n第一部分 大数据时代的思维变革<br />\r\n第1章 更多：不是随机样本，而是全体数据<br />\r\n当数据处理技术已经发生了翻天覆地的变化时，在大数据时代进行抽样分析就像在汽车时代骑马一样。一切都改变了，我们需要的是所有的数据，“样本=总体”。<br />\r\n让数据“发声”<br />\r\n小数据时代的随机采样，最少的数据获得最多的信息<br />\r\n全数据模式，样本=总体<br />\r\n<br />\r\n第2章 更杂：不是精确性，而是混杂性<br />\r\n执迷于精确性是信息缺乏时代和模拟时代的产物。只有5% 的数据是有框架且能适用于传统数据库的。如果不接受混乱，剩下95%的非框架数据都无法被利用，只有接受不精确性，我们才能打开一扇从未涉足的世界的窗户。<br />\r\n允许不精确<br />\r\n大数据的简单算法比小数据的复杂算法更有效<br />\r\n纷繁的数据越多越好<br />\r\n混杂性，不是竭力避免，而是标准途径<br />\r\n新的数据库设计的诞生<br />\r\n<br />\r\n第3章 更好：不是因果关系，而是相关关系<br />\r\n知道“是什么”就够了，没必要知道“为什么”。在大数据时代，我们不必非得知道现象背后的原因，而是要让数据自己“发声”。<br />\r\n关联物，预测的关键<br />\r\n“是什么”，而不是“为什么”<br />\r\n改变，从操作方式开始<br />\r\n大数据，改变人类探索世界的方法<br />\r\n<br />\r\n第二部分 大数据时代的商业变革<br />\r\n第4章　 数据化：一切皆可“量化”<br />\r\n大数据发展的核心动力来源于人类测量、记录和分析世界的渴望。信息技术变革随处可见，但是如今信息技术变革的重点在“T”（技术）上，而不是在“I”（信息）上。现在，我们是时候把聚关灯打向“I”，开始关注信息本身了。<br />\r\n数据，从最不可能的地方提取出来<br />\r\n数据化，不是数字化<br />\r\n量化一切，数据化的核心<br />\r\n当文字变成数据<br />\r\n当方位变成数据<br />\r\n当沟通成为数据<br />\r\n一切事物的数据化<br />\r\n<br />\r\n第5章 价值：“取之不尽，用之不竭”的数据创新<br />\r\n数据就像一个神奇的钻石矿，当它的首要价值被发掘后仍能不断给予。它的真实价值就像漂浮在海洋中的冰山，第一眼只能看到冰山的一角，而绝大部分都隐藏在表面之下。<br />\r\n数据创新1：数据的再利用<br />\r\n数据创新2：重组数据<br />\r\n数据创新3：可扩展数据<br />\r\n数据创新4：数据的折旧值<br />\r\n数据创新5：数据废气<br />\r\n数据创新6：开放数据<br />\r\n给数据估值<br />\r\n<br />\r\n第6章 角色定位：数据、技术与思维的三足鼎立<br />\r\n微软以1.1 亿美元的价格购买了大数据公司Farecast，而两年后谷歌则以7 亿美元的价格购买了给Farecast 提供数据的ITASoftware公司。如今，我们正处在大数据时代的早期，思维和技术是最有价值的，但是最终大部分的价值还是必须从数据本身来挖掘。<br />\r\n大数据价值链的3大构成<br />\r\n大数据掌控公司<br />\r\n大数据技术公司<br />\r\n大数据思维公司和个人<br />\r\n全新的数据中间商<br />\r\n专家的消亡与数据科学家的崛起<br />\r\n大数据，决定企业的竞争力<br />\r\n<br />\r\n第三部分 大数据时代的管理变革<br />\r\n第7章 风险：让数据主宰一切的隐忧<br />\r\n我们时刻都暴露在“第三只眼”之下：亚马逊监视着我们的购物习惯，谷歌着监视我们的网页浏览习惯，而微博似乎什么都知道，不仅窃听到了我们心中的“TA”，还有我们的社交关系网。<br />\r\n无处不在的“第三只眼”<br />\r\n我们的隐私被二次利用了<br />\r\n预测与惩罚，不是因为所做，而是因为“将做”<br />\r\n数据独裁<br />\r\n挣脱大数据的困境<br />\r\n<br />\r\n第8章 掌控：责任与自由并举的信息管理<br />\r\n当世界开始迈向大数据时代时，社会也将经历类似的地壳运动。在改变人类基本的生活与思考方式的同时，大数据早已在推动人类信息管理准则的重新定位。然而，不同于印刷革命，我们没有几个世纪的时间去适应，我们也许只有几年时间。<br />\r\n管理变革1：个人隐私保护，从个人许可到让数据使用者承担责任<br />\r\n管理变革2：个人动因VS预测分析<br />\r\n管理变革3：击碎黑盒子，大数据程序员的崛起<br />\r\n管理变革4：反数据垄断大亨<br />\r\n结语 正在发生的未来<br />\r\n大数据并不是一个充斥着算法和机器的冰冷世界，人类的作用依然无法被完全替代。大数据为我们提供的不是最终答案，只是参考答案，帮助是暂时的，而更好的方法和答案还在不久的未来。', '　　《大数据时代》是国外大数据系统研究的先河之作，本书作者维克托?迈尔?舍恩伯格被誉为“大数据商业应用*人”，拥有在哈佛大学、牛津大学、耶鲁大学和新加坡国立大学等多个互联网研究重镇任教的经历，早在2010年就在《经济学人》上发布了长达14页对大数据应用的前瞻性研究。\r\n　　维克托尔耶舍恩伯格在本书中前瞻性地指出，大数据带来的信息风暴正在变革我们的生活、工作和思维，大数据开启了一次重大的时代转型，并用三个部分讲述了大数据时代的思维变革、商业变革和管理变革。\r\n　　维克托*洞见之处在于，他明确指出，大数据时代*的转变就是，放弃对因果关系的渴求，而取而代之关注相关关系。也就是说只要知道“是什么”，而不需要知道“为什么”。这颠覆了千百年来人类的思维惯例，对人类的认知和与世界交流的方式提出了全新的挑战。\r\n　　本书认为大数据的核心就是预测。大数据将为人类的生活创造前所未有的可量化的维度。大数据已经成为了新发明和新服务的源泉，而更多的改变正蓄势待发。书中展示了谷歌、微软、亚马逊、IBM、苹果、facebook、twitter、VISA等大数据先锋们*价值的应用案例。\r\n', 'book_picture/大数据时代.jpg');
INSERT INTO `books_info` VALUES ('46', '大败局', '22', '23368526', '浙江大学出版社', '2013-11-01', '2017-05-19', '1', '0', '3.04', '经管', null, '《大败局　二》<br />\r\n序言 关于“中国式失败”的思考<br />\r\n健力宝： “东方魔水”是如何变味的<br />\r\n“东方魔水”： 一个橙黄的传说<br />\r\n乱世纷战： 清新一枝不坠泥<br />\r\n致命一问： 健力宝是谁人的<br />\r\n呵护李宁： 小李比老李幸运<br />\r\n政商交恶： 偏不卖给创业人<br />\r\n张海登台： 命运三耍李经纬<br />\r\n“法师”当家： 步步臭棋毁天物<br />\r\n盛宴散场： 闹剧何日有竟时<br />\r\n【健力宝大事记】<br />\r\n【后续故事】<br />\r\n【新新观察】 值得检讨的“三水策略”<br />\r\n科龙： 一条被刻意猎杀的龙<br />\r\n顺德模式： 炸平山头建厂房<br />\r\n潘宁宿命： 怎一个“愤”字了得<br />\r\n科龙革命： 名不副实的革命<br />\r\n格林柯尔： 抢食腐尸的兀鹰<br />\r\n顾氏新政： 一块钱里有我两毛<br />\r\n造系运动： 并购催生霸王梦<br />\r\n顾郎之争： 一场针锋相对的战争<br />\r\n【科龙大事记】<br />\r\n【后续故事】<br />\r\n【八方说词一】 可惜了，科龙<br />\r\n【八方说词二】 顾雏军的并购“七板斧”<br />\r\n德隆： 金融恐龙的宿命<br />\r\n第一桶金： 5000人去深圳排队认购原始股<br />\r\n三驾马车： 被夸大的整合神话<br />\r\n第一庄家： 股不在优，有“德”则名<br />\r\n产融整合： 这是个真实的谎言<br />\r\n末路狂奔： 没有节制的大游戏<br />\r\n牟唐对照： 两代大鳄何其相似<br />\r\n何谓天意： 企业家性格的投射<br />\r\n【德隆大事记】<br />\r\n【后续故事】<br />\r\n【档案存底】 我们的6个失误<br />\r\n【八方说词】 学者、总裁：各说各的德隆<br />\r\n中科创业： 那个庄家狂舞的年代<br />\r\n朱大户与K先生的亲密接触<br />\r\n神奇的小丁<br />\r\nK先生的跨世纪对话与“519行情”<br />\r\n构筑“中科系”<br />\r\n因内讧而造成的崩盘<br />\r\n【中科创业大事记】<br />\r\n【档案存底】 第一代庄家的结局<br />\r\n【八方说词】 为什么中国股市像赌场<br />\r\n华晨： “拯救者”的出局<br />\r\n亮相： 催生“中国第一股”<br />\r\n造车： 打造“中华第一车”<br />\r\n背叛： 导致决裂的罗孚项目<br />\r\n出局： 无可诉性的“知识产权第一案”<br />\r\n溃败： 一个两败俱伤的结局<br />\r\n【华晨大事记】<br />\r\n【后续故事】<br />\r\n【档案存底】 “我没有为华晨培养一个好的接班人”<br />\r\n【新新观察】 企业家的“政治博弈术”<br />\r\n顺驰： 一匹被速度击垮的黑马<br />\r\n26岁时的那场牢狱之灾<br />\r\n顺驰，就是“孙氏”的谐音<br />\r\n当孙宏斌杠上王石<br />\r\n现金流的“极限运动”<br />\r\n奈何天不佑宏斌<br />\r\n一次没有技术含量的失败<br />\r\n【顺驰大事记】<br />\r\n【后续故事】<br />\r\n【档案存底】 孙宏斌答《普鲁斯特问卷》<br />\r\n【八方说词】 “地产大佬”说顺驰<br />\r\n铁本： 钢铁之死<br />\r\n长江边的钢厂梦<br />\r\n棋局中的一枚棋子<br />\r\n宏观调控的分水岭<br />\r\n铁本之死与建龙之活<br />\r\n最让人意外的公诉书<br />\r\n【铁本大事记】<br />\r\n【后续故事】<br />\r\n【新新观察】 中国企业家的“法罪错位”<br />\r\n【八方说词】 “一定要低估自己的能力”<br />\r\n三九： 中药的“最后一次失败”<br />\r\n一个人的三九<br />\r\n第一次扩张： “下山摘桃子去”<br />\r\n第二次扩张： 仅次于德隆的大鳄<br />\r\n第三次扩张： 回归专业化的狂想<br />\r\n龙种与跳蚤<br />\r\n【三九大事记】<br />\r\n【后续故事】<br />\r\n【八方说词】 赵新先的“捞钱六招鲜”<br />\r\n【新新观察一】 一样的战略，不一样的结果<br />\r\n【新新观察二】 大前研一的“专业主义”<br />\r\n托普： 十年一觉TOP梦<br />\r\n蹬三轮： 大学教授敢下海<br />\r\n放卫星： 托普一夜暴大名<br />\r\n软件园： 跑马全国成地主<br />\r\n“托普系”： 生产“概念”的公司<br />\r\n大招聘： 那最后一根稻草<br />\r\n两元钱： 了结一场TOP梦<br />\r\n【托普大事记】<br />\r\n【后续故事】<br />\r\n【档案存底】 “我不是一个合格的CEO”<br />\r\n【新新观察】 “我无法控制哥伦比亚”<br />\r\n跋<br />\r\n《大败局　一》', '两册《大败局》，记录了过去20年间发生在中国企业界的、最著名的19起失败案例，并旨在探寻“中国式企业失败”的基因。\r\n它们都发生在一场史无前例的伟大试验中。他们都是有尊严的失败者尽管有时候，他们会漠视道德的底线和破坏他们自己参与建立的商业准则，但在更多的时候，他们投身于这个时代最伟大的试验，同时也承受着转型社会注定难以避免的阵痛、煎熬和苦难。他们以自己的失败为代价，记录了一个时代所有的光荣、梦想与悲哀。\r\n我们应该为悲剧鼓掌。苦难从来是成熟者的影子。\r\n \r\n《大败局Ⅰ（修订版）》：\r\n　　　标王失败的原因是什么？\r\n数十亿资产的企业为何这般脆弱？\r\n“青年近卫军”为何如此短命？\r\n狂热的激情是怎样成为祸根的？\r\n中国“*”是怎样砸掉的？\r\n中国网络经济的原罪是什么？\r\n暴利到底给企业留下了什么？\r\n“多元化”的陷阱有多深？\r\n企业家离政治该有多近？\r\n \r\n《大败局Ⅱ（修订版）》：\r\n　　　“中国第一饮料品牌”是如何陨落的？\r\n家电业*现代气质的公司，是怎样被肢解和蹂躏的？\r\n中国民营企业的航母，为何会彻底沉没？\r\n股市庄家如何布下资本迷局？\r\n*想象力的汽车革命为什么会一夜流产？\r\n房地产*的黑马失陷何处？\r\n*调的钢铁公司如何迎来最致命的打击？\r\n中药业的领头兵因何溃不成军？\r\n资本狂人究竟是在点燃全民的热情，还是在玩火自焚？', 'book_picture/大败局.jpg');
INSERT INTO `books_info` VALUES ('47', '人性的弱点', '40', '9787201088822', '天津人民出版社', '2014-09-01', '2017-05-19', '1', '0', '3.29', '励志', '209000', 'Chapter 01 人际关系的基本技巧 <br />\r\n想采蜜就不要招惹蜂巢<br />\r\n人际交往秘笈<br />\r\n能者纵横天下，庸者踽踽独行<br />\r\nChapter 02 赢得他人喜爱的六个方式<br />\r\n广受欢迎的奥秘<br />\r\n如何建立美好的第一印象<br />\r\n记住他的名字<br />\r\n你想变得健谈吗<br />\r\n如何引起他人的兴趣<br />\r\n让每个人都喜欢你<br />\r\nChapter 03 如何让他人想你之所想<br />\r\n争论永无赢家<br />\r\n如何避免树敌<br />\r\n坦率承认错误<br />\r\n一滴蜜糖<br />\r\n苏格拉底的秘密<br />\r\n对待抱怨的安全方式<br />\r\n如何取得合作<br />\r\n创造奇迹的妙方<br />\r\n体谅他人<br />\r\n没人会拒绝这样的请求<br />\r\n电影电视都是这样做的<br />\r\n任何方法都不奏效的时候，请使用杀手锏<br />\r\nChapter 04 成为领导者，如何改变他人<br />\r\n挑错的时候，请用这种方式<br />\r\n怎样批评不会触犯众怒<br />\r\n先承认自己的错误<br />\r\n没有人喜欢听命于人<br />\r\n给对方留足面子<br />\r\n如何激励他人走向成功<br />\r\n用美誉激励他人<br />\r\n鼓励对方勇于改变<br />\r\n让对方乐于为你做事<br />\r\nChapter 05 创造奇迹的信<br />\r\nChapter 06 幸福家庭生活的七个法则<br />\r\n这样做无异于自掘婚姻坟墓<br />\r\n别用爱绑架对方<br />\r\n请勿相互指责<br />\r\n学会欣赏<br />\r\n女人眼中重要的事<br />\r\n不要忽视这一点<br />\r\n不要做“婚盲”<br />\r\n后序 卓然于众的捷径<br />\r\n译后记 你就是自己的神明', '《人性的弱点》是1937年*初首印版本原汁原味的复刻，收录了卡耐基本人、他的朋友为此书所写的内容推荐与背景介绍，并完整保留首版中卡耐基对婚姻与家庭的真知灼见。此外，本版新译的语言风格更贴近当下人们的阅读喜好，在融合时下语言风潮的同时也不失中文特有的韵味。\r\n　　《人性的弱点》作为一本实用的人际关系著作，从人性本质的角度，挖掘出潜藏在人们体内的弱点，使人们能够充分认识自己，并不断改造自己，从而能有所长进，直至取得*后的成功。在过去的77年里，戴尔?卡耐基的忠告带领着上千万名读者攀登上成功的阶梯，无论在事业方面还是个人生活上，他的箴言不断被一代代人实践与验证。在出版史上，本书创造了全世界图书销售空前的记录。在经济萧条时期之后，本书满足了普遍存在的人性的需要，触动了读者的神经，在当今社会依然有其特有的借鉴价值。\r\n', 'book_picture/人性的弱点.jpg');
INSERT INTO `books_info` VALUES ('48', '你只是看起来很努力', '27', '9787505735361', '中国友谊出版公司', '2015-08-01', '2017-05-19', '1', '0', '4.03', '励志', '150000', 'Part 1梦想和奋斗――你只是看起来很努力<br />\r\n你只是看起来很努力 /<br />\r\n你以为你在合群，你在浪费青春 /<br />\r\n以赚钱为目的的兼职，是最愚蠢的投资 /<br />\r\n最好的休息 /<br />\r\n优秀不够，你是否无可替代 /<br />\r\n这世上一定有人，过着你想要的生活 /<br />\r\n没有一条路是白走的 /<br />\r\n别和负能量的人在一起 /<br />\r\n同事，最熟悉的陌生人 /<br />\r\n莫名我就痛恨你 /<br />\r\n为什么很多人的新年梦想只是梦想 /<br />\r\n都市的冰冷繁华下，需要人心的温暖 /<br />\r\n最好的省钱方法，是赚钱 /<br />\r\n只要你还能去追，就应该不抱怨地前进 /<br />\r\n你总要度过生存期，才能谈生活和梦想 /<br />\r\n祝我们在北京都好 /<br />\r\n24岁，送给生日 /<br />\r\n只是赚钱而已 /<br />\r\nPart 2爱情和承诺――不后悔，就值得<br />\r\n同桌的你 /<br />\r\n那些擦肩而过的人，是上天最好的安排 /<br />\r\n我想告诉你一些故事，让你继续相信爱情 /<br />\r\n匆匆那年，只要一起全力过，不后悔，就值得了 /<br />\r\n灵魂若无平等交流，感情也就无处可栖了 /<br />\r\n面对面分手 /<br />\r\n如果能够自由恋爱就尽量不要相亲 /<br />\r\n异地恋，如果你肯为对方去减少选择 /<br />\r\n别和太爱的人结婚 /<br />\r\n越被照顾好的人，越矫情 /<br />\r\n所谓感情，就是能有共同话题 /<br />\r\n彪悍的人生不需要解释 /<br />\r\nPart3亲情和友情――下次告别，就再用心一些吧<br />\r\n现在的分别，是为了更好的相聚 /<br />\r\n下次告别，就再用心一些吧 /<br />\r\n真心对你好的人，从不会向你证明自己的恩惠 /<br />\r\n致那些自私的朋友 /<br />\r\n再好的朋友，也经不起你过分的直白 /<br />\r\n最好的结局，是我们两个在一起了 /<br />\r\n所谓天生的不足，都和自己有关 /<br />\r\n夜店里的迷茫 /<br />\r\n三只小猪 /<br />\r\n最亲的人，最容易忽略他们的感受 /<br />\r\n爸妈，我已经长大了，放手吧 /<br />\r\n善良的人，运气总是不会太差 /<br />\r\n别纠结，学习形式不重要 /<br />\r\nPart4读书――那些毁掉我的<br />\r\n读书能让人富裕，但不一定能变得有钱 /<br />\r\n那些毁掉我的书 /<br />\r\n读《一只特立独行的猪》感 /<br />\r\nUnbroken（《坚不可摧》） /', '为什么你一直努力，却还是没有满意的成果？为什么你每天都很忙碌，却始终看不到终点？……你是真的努力了，还是，只是看起来很努力？\r\n本书是中国优质新偶像李尚龙先生写给写给千万年轻人的成长和成功之书。本书以夯实别致的内容，独特另类的思考，让你在面对学业的压力，青春的迷茫，爱情的复杂中保持无畏无惧的心态，成为*好的自己。\r\n在本书中，作者提到了很多朋友，他们有的因为父母的压力一直待在军校，有的因为和朋友爱上同一个女孩，坚持放弃了自己的爱情。有的人是在孤寂的大山之中的一面之缘，有的是教学课上的数面之交，虽是小角色，却都熠熠发光。因为他们受伤，他们坚强，他们努力，他们有勇气。\r\n这本书的文字，没有无聊的励志。这些故事也许你生活中永远不会碰触，亦或许曾经经历，它会告诉你“只是看起来很努力”的生活状态是可怕的；它会告诉你“再好的朋友也经不起你过分直白”；它还会告诉你不要为讨好别人而为难自己，因为“你以为你在合群，其实你在浪费青春”……47篇随笔和故事，或让人忍俊不禁，或让人潸然泪下，或让人茅塞顿开，或让人微笑释然，*终汇集成被粉丝盛赞的“改变千万热血青年的思维轨迹”。', 'book_picture/你只是看起来很努力.jpg');
INSERT INTO `books_info` VALUES ('49', '愿你的青春不负梦想', '41', '9787540478612', '湖南文艺出版社', '2017-01-01', '2017-05-19', '1', '0', '4.38', '励志', '200000', ' 俞敏洪迄今履历年表/001<br />\r\n自序/001<br />\r\n<br />\r\nChapter 1 青春-拥有热情，相信未来<br />\r\n我人生的三大转折点/002<br />\r\n两件事情带着我走到了今天/005<br />\r\n谁的青春不奋斗/009<br />\r\n善于从生活中寻找榜样/013<br />\r\n自卑比狂妄更糟糕/016<br />\r\n人生最重要的是设定好目标/019<br />\r\n年轻人要学会读书、交友和独立行走/021<br />\r\n如何度过有意义的大学生涯/024<br />\r\n大学生应该怎样交朋友/028<br />\r\n用面对艰难困苦的心态去迎接未来/032<br />\r\n方向要对，交往要准，规矩要严，做人要暖/036<br />\r\n让生命之光指引向前/038<br />\r\n<br />\r\nChapter 2 梦想-坚持梦想，不忘初心<br />\r\n青春一定要有梦想/044<br />\r\n坚持用理想引领人生/048<br />\r\n内心要有渴望，更要付诸行动/053<br />\r\n挡住我们前进的，恰恰是我们自己/057<br />\r\n坚持梦想，总有一天会实现/060<br />\r\n既不要低估自己，也不要低估别人/064<br />\r\n要学会穿透黑夜，看到星光/068<br />\r\n你可以赋予自己最好的价值/071<br />\r\n人生的几个关键词/075<br />\r\n如果只迎合现在，也许会没有未来/079<br />\r\n有人爱，有事做，有所期待/082<br />\r\n让理想不断引领人生的进步/086<br />\r\n坚持梦想，不忘初心/092<br />\r\n<br />\r\nChapter 3 成长-成长，不要只是变老<br />\r\n努力让自己成为一个真正的人/098<br />\r\n突破现状，突破自己的缺陷/104<br />\r\n与其有钱，不如让自己变得值钱/107<br />\r\n获得大成就的必经之路/110<br />\r\n失败不过是成功的垫脚石/114<br />\r\n学会接受现状是走向成功的第一步/117<br />\r\n不要为眼前的得失而动心/119<br />\r\n机会只给真正准备好的人/124<br />\r\n人一定要对自己有伟大的期许/127<br />\r\n你的成长一定要比世界更快/130<br />\r\n要想取得成功，最重要的是修炼自己/133<br />\r\n人要为做人的使命感而活着/139<br />\r\n一个人如何才能走向优秀/146<br />\r\n<br />\r\nChapter 4 奋斗-你要去相信，奋斗可以改变人生<br />\r\n人生的起点不重要，人生的终点靠自己/152<br />\r\n我和马云之间就差了八个字/155<br />\r\n在绝望时，善于修炼自己并安心等待/158<br />\r\n人生需要有一点冒险精神/162<br />\r\n能掌管命运的是你自己/165<br />\r\n当人生之路走不通时，别傻等/167<br />\r\n如何度过有意义的人生/169<br />\r\n相信奋斗的力量/174<br />\r\n生命是一个不断寻找的过程/180<br />\r\n一个人获得成功的四大能力/185<br />\r\n有领导能力和胆识才能做成事情/189<br />\r\n只要你想变得伟大，就一定能变得伟大/193<br />\r\n人生最重要的三大心理素质/197<br />\r\n<br />\r\nChapter 5 事业-把小事情做成大事业<br />\r\n人生要有畅游大海的勇气/202<br />\r\n创业者必备的素养/205<br />\r\n真正的精英一定是具有家国情怀的人/210<br />\r\n不能抓住机会，你终将孤独一生/213<br />\r\n从本质上改变自己思维的能力/217<br />\r\n一个人要想创业当老板，需要八大能力/219<br />\r\n我为什么要二次创业/228<br />\r\n以创新、创业参与时代发展大潮/233<br />\r\n搭建公司组织结构是一门艺术/240<br />\r\n创业不是头脑一热、不顾一切/246<br />\r\n遇到挑战并不可怕，重要的是怎样面对挑战/251<br />\r\n看好时代，做好自己/254<br />\r\n把创业当作终生事业的来源/256<br />\r\n找靠谱的人，做伟大的事，分更多的钱/258<br />\r\n<br />\r\nChapter 6 生活-快乐或痛苦是一种心态<br />\r\n人的核心价值是被人信任/268<br />\r\n信念是人生最大的力量/272<br />\r\n认真对待生活中的每一次机会/275<br />\r\n人生最大的幸福是学会不把自己当人看/278<br />\r\n无论做人做事，都不要去等待/283<br />\r\n<br />\r\n后记　让现在的行动拥有未来的意义/287<br />\r\n附录　俞敏洪经典语录/290', '      本书是梦想导师俞敏洪与千万年轻人分享的关于青春、梦想、成长、奋斗、事业、生活的励志感悟，由俞敏洪的演讲精华整理而成，真实地反映了俞敏洪所走过的50多年的人生风雨路程。\r\n      在本书中，俞敏洪以真诚的态度、坦荡的胸怀、幽默的语言，娓娓讲述了自己的青春、梦想、成长、奋斗、事业、生活方面的经历和感受，分享了自己从出生到成长，从成长到考上北大，从北大离职后创业，经历种种挫折与磨难的人生奋斗历程。他以非凡的气魄、坚忍不拔的毅力、大无畏的精神，渡过了一道道难关，一步步走到了今天，希望以此激励你勇敢地追逐自己的梦想。\r\n      读完本书，你将收获前所未有的勇气，以及俞敏洪分享的宝贵经验与方法，坚定自己前进的步伐，实现自己的梦想。', 'book_picture/愿你的青春不负梦想.jpg');
INSERT INTO `books_info` VALUES ('50', '大学之路', '42', '9787115402172', '人民邮电出版社', '2015-08-01', '2017-05-19', '1', '0', '4.37', '励志', '542000', '上册目 录<br />\r\nI 序言1<br />\r\nV 序言2<br />\r\nX 前言 教育是一辈子的事情<br />\r\n1 第一章 大学的概念<br />\r\n什么是大学？为什么要上大学？每个人都知道大学这个词，但是并非每个人都会去深究它的含义。<br />\r\n在我看来，大学不仅是培养人才的地方和研究的中心，而且也应该是一个新思想、新文化的发源地，同时它还是年轻人的家，是他们度过人生最好时光的地方。<br />\r\n第一节　大学的历史<br />\r\n1.1　古代大学的雏形<br />\r\n1.2　近代大学的诞生<br />\r\n第二节　精英教育<br />\r\n2.1　高等教育的目的<br />\r\n2.2　大学里研究的兴起<br />\r\n第三节　最好的大学<br />\r\n第四节　办学的理念<br />\r\n4.1　理念的力量<br />\r\n4.2　学生眼里的理想大学<br />\r\n39 第二章 两类大学，两种高等教育<br />\r\n英国人和美国人在办大学和管理大学上喜欢认死理，他<br />\r\n们一般坚持一种理念，而且一坚持就是上百年。<br />\r\n因此英美名牌大学都是非常具有个性的，而不是按照某<br />\r\n一些指标和公式排出来的。那些总想面面俱到，全面赶<br />\r\n超的大学，反而会因为长期找不到一个清晰的办学理念，<br />\r\n而难以成为世界一流大学。<br />\r\n第一节　纽曼式的大学<br />\r\n1.1　约翰·纽曼与《大学的概念》<br />\r\n1.2　大行之道<br />\r\n第二节　洪堡体系<br />\r\n2.1　普鲁士高等教育的奇迹<br />\r\n2.2　洪堡体制对高等教育的深远影响<br />\r\n第三节　美国近代大学的兴起<br />\r\n3.1　吉尔曼缔造美国研究型大学<br />\r\n3.2　艾略特改造哈佛<br />\r\n3.3　美国兼顾通才和专长教育<br />\r\n62 第三章 我的大学经历<br />\r\n我的大学历程特别长，所读的专业换来换去，而且求学<br />\r\n的过程并不顺利，中间不断地被打断不说，还经常遇到<br />\r\n坏运气。但所幸的是，虽然我没有很多人跑得快，但是<br />\r\n我能还坚持走得比较长远，当大部分人不再花主要精力<br />\r\n读书时，我还在不断地充实自己。或许真是因为有着这<br />\r\n么复杂而漫长的读书经历，才是我终于受到了纽曼所推<br />\r\n崇的通才教育和素质教育，也得到了洪堡式精深的专才<br />\r\n教育。<br />\r\n第一节　 昨夜西风凋碧树，独上高楼，望尽天涯路<br />\r\n1.1　初入大学的困惑<br />\r\n1.2　清华的课程教育<br />\r\n1.3　课程之外的收获<br />\r\n第二节　 衣带见宽终不悔，为伊消得人憔悴<br />\r\n2.1　走出象牙塔<br />\r\n第三节　 众里寻他千百度，蓦然回首，那人<br />\r\n却在灯火阑珊处<br />\r\n3.1　追求新的人生目标<br />\r\n3.2　世界一流是怎样炼成的<br />\r\n3.3　从巅峰到谷底<br />\r\n3.4　塞翁失马、焉知非福<br />\r\n96 第四章 剑桥和牛津<br />\r\n以剑桥和牛津所代表的传统英国式高等教育之精髓在于<br />\r\n它们的学院制，美国的耶鲁和普林斯顿等名牌大学也借<br />\r\n鉴了它们的经验。学院制强调学生们相互学习的重要性，<br />\r\n因此生活在一起成为了大学教育中的重要环节。不过由<br />\r\n于资源的限制，在英国的大学里选择和更改专业并不像<br />\r\n美国大学那么自由。<br />\r\n第一节　剑桥大学<br />\r\n1.1　学院制<br />\r\n1.2　独特的教育和录取方式<br />\r\n第二节　牛津大学<br />\r\n2.1　牛津的历史<br />\r\n2.2　牛津的特色<br />\r\n第三节　英美大学的差异<br />\r\n126 第五章 美国私立大学的管理<br />\r\n在美国，一流大学大多是私立大学。美国的私立大学从<br />\r\n招生、教学，到科研和建设教授队伍等，诸多方面皆不<br />\r\n受政府影响，而是按照自己的办校理念行事，这与中国<br />\r\n的大学完全不同。在私立大学的管理上，教授群体、校<br />\r\n长和院长们，以及董事会，各司其职而又相互配合，这<br />\r\n是美国能够产生诸多世界一流大学的原因之一。<br />\r\n第一节　教授治校的传统<br />\r\n1.1　美国大学的教职制度<br />\r\n1.2　教授治校的含义<br />\r\n第二节　私立大学管理的变迁<br />\r\n第三节　美国研究型大学的结构<br />\r\n3.1　复杂的现代大学管理结构<br />\r\n3.2　教学和科研管理的分离<br />\r\n3.3　管理上的分权<br />\r\n第四节　美国私立大学的财务管理<br />\r\n4.1　私立大学收入的构成<br />\r\n4.2　捐赠的重要性<br />\r\n4.3　科研经费和其它收入<br />\r\n4.4　大学的财政支出<br />\r\n第五节　董事会<br />\r\n5.1　董事会的由来<br />\r\n5.2　各级董事会的作用<br />\r\n166 第六章美国私立名校的申请和录取<br />\r\n— 并不公平的竞争<br />\r\n美国私立名校的申请过程相当复杂，但是，对学生的学<br />\r\n业、全面发展以及特长的要求，则是私立名校的共性。<br />\r\n不要单指望功课好就能被这些大学录取，要针对它们的<br />\r\n特点，从高中阶段甚至更早便要开始积极做准备。<br />\r\n第一节　对不公正现象的剖析<br />\r\n1.1　 为什么大学录取时要照顾校友的<br />\r\n子女<br />\r\n1.2　 美国著名大学的录取政策对各个<br />\r\n族裔都公平吗<br />\r\n1.3　 为什么私立名牌大学都喜欢招特<br />\r\n长生<br />\r\n第二节　不公平现象的产生<br />\r\n2.1　早期针对犹太族裔的歧视现象<br />\r\n2.2　歧视对象的改变及其原因<br />\r\n2.3　富人子弟在体育上更占便宜<br />\r\n第三节　大学录取的基本要求和过程<br />\r\n3.1　高中的平均分GPA<br />\r\n3.2　标准考试成绩<br />\r\n3.3　AP 课程<br />\r\n3.4　特长<br />\r\n3.5　书面申请材料<br />\r\n第四节　申请过程<br />\r\n4.1　大学的选择<br />\r\n4.2　提前申请和正常申请<br />\r\n4.3　放榜和接受录取通知书<br />\r\n第五节　亚裔学生和家长所能做的努力<br />\r\n211 第七章 田园乡村里的常青藤名校（上）<br />\r\n—普林斯顿大学和耶鲁大学<br />\r\n普林斯顿和耶鲁被看成是亚里士多德式的本科教育的<br />\r\n典范，实行的是通才教育，非常强调对学生基本素质<br />\r\n的培养，并且给予学生在学业上充分的选择自由。它<br />\r\n们也被认为是培养预科生最好的学校。<br />\r\n第一节　普林斯顿大学<br />\r\n1.1　乡村里的名校<br />\r\n1.2　住宿学院制<br />\r\n1.3　无以伦比的本科教育<br />\r\n1.4　大学必须同时有大师和大楼<br />\r\n1.5　大学申请与奖学金<br />\r\n第二节　耶鲁大学<br />\r\n2.1　高危城市里的世界名校<br />\r\n2.2　耶鲁的精神—为什么要选择耶鲁<br />\r\n2.3　培养未来的领袖<br />\r\n2.4　耶鲁的校园—象牙塔和贫民窟<br />\r\n2.5　耶鲁本科教育的特色<br />\r\n2.6　知识的海洋<br />\r\n258 索引下册目录<br />\r\nI 前言 教育是一辈子的事情<br />\r\n1 第八章 大都市里的常青藤大学—宾夕法尼亚大学和哥伦比亚大学<br />\r\n宾夕法尼亚大学和哥伦比亚大学都地处大城市：费城和纽约，这使得学生的生活和大学所在的城市紧密相连，它们的教育理念和耶鲁、普林斯顿大不相同，这两所大学不仅务实，而且很接地气。<br />\r\n第一节　宾夕法尼亚大学<br />\r\n1.1　富兰克林的背影<br />\r\n1.2　沃顿商学院印象<br />\r\n1.3　丰富多彩的读书生涯<br />\r\n第二节　哥伦比亚大学<br />\r\n2.1　大苹果纽约<br />\r\n2.2　富有特色的通才教育<br />\r\n2.3　自由的大学<br />\r\n2.4　相信年轻人，相信未来<br />\r\n47 第九章 标杆性的常青藤大学—哈佛大学<br />\r\n为了进哈佛而进哈佛和因对知识的渴望而进哈佛是两回事，前者的人生高峰在离开哈佛的一瞬间就结束了，而后者的人生在离开哈佛时才刚刚开始。<br />\r\n第一节　从教会书院到现代大学<br />\r\n1.1 教会书院<br />\r\n1.2　艾略特的遗产<br />\r\n第二节　校园和专业<br />\r\n2.1　美洲最古老的大学校园<br />\r\n2.2　住宿生涯<br />\r\n2.3　全方位发展的学科<br />\r\n第三节　奇特的录取原则<br />\r\n3.1　为什么进哈佛那么难<br />\r\n3.2　聚天下英才于一堂<br />\r\n第四节　上哈佛的意义<br />\r\n4.1　奇特的培养要求<br />\r\n4.2　传播真理，服务社会<br />\r\n4.3　亚裔的误区<br />\r\n89 第十章 世界上最好的工学院— 麻省理<br />\r\n工和加州理工学院<br />\r\n麻省理工最引以为自豪的不是它出了多少了不起的科学<br />\r\n家和工程师，也不是为人类做出了多少重大发明，而是<br />\r\n它的黑客文化，因为这是年轻人创造力的源泉。年轻人<br />\r\n将来即使打算在法学、医学或者商业领域发展，从麻省<br />\r\n理工获得的带有创造力的工程训练，都将是受益终身的。<br />\r\n加州理工则带有自己鲜明的特点，就是为那些准备得诺<br />\r\n贝尔奖的群体开办的。<br />\r\n第一节　麻省理工学院<br />\r\n1.1　麻省理工学院的初步印象<br />\r\n1.2　黑客文化<br />\r\n1.3　校园参观周（CPW）<br />\r\n第二节　加州理工学院<br />\r\n133 第十一章 美国第一所研究型大学— 约<br />\r\n翰·霍普金斯大学<br />\r\n约翰·霍普金斯不仅是西半球第一所研究型大学，而且<br />\r\n至今依然是全美科研经费最多的大学，并且保留了浓厚<br />\r\n的科学研究风气— 科研从本科生开始。虽然，人们对<br />\r\n它的毕业生的第一反应常常是“医生”，但是，它的好<br />\r\n专业并不局限在医学领域。<br />\r\n第一节　历史与现状<br />\r\n1.1　西半球第一所研究型大学<br />\r\n1.2　特色大学<br />\r\n第二节　住宿和校园生活<br />\r\n2.1　费用低廉的住宿<br />\r\n2.2　巴尔的摩的象牙塔<br />\r\n第三节　高质量的本科教育<br />\r\n3.1　高度自由的选课制度<br />\r\n3.2　高质量的教学水平<br />\r\n第四节　科研经费最多的大学<br />\r\n4.1　世界一流大学是如何做科研的<br />\r\n4.2　科研从本科开始<br />\r\n第五节　录取要求<br />\r\n177 第十二章 硅谷的摇篮— 斯坦福大学<br />\r\n斯坦福大学有两点是世界上任何大学都比不了的，即它<br />\r\n是世界上那些伟大的科技公司的摇篮，以及具有最均衡<br />\r\n的一流学科分布。而要想做到这两点，远不是简单地开<br />\r\n办几个科技园，鼓励一下师生创业，或者引进几个大牌<br />\r\n教授那么简单。<br />\r\n第一节　充满传奇的大学<br />\r\n1.1　关于斯坦福大学的谎言<br />\r\n1.2　一波三折的办学过程<br />\r\n第二节　硅谷的支柱<br />\r\n2.1　从工业界获益<br />\r\n2.2　接地气的科研方式<br />\r\n2.3　技术直接变成利润<br />\r\n第三节　纽曼加洪堡的教育模式<br />\r\n3.1　多元化的优势<br />\r\n3.2　大胆的科研改革<br />\r\n第三节　创业的孵化器<br />\r\n3.1　提供创业的目标<br />\r\n3.2　为创业开绿灯<br />\r\n3.3　对学生扶一把<br />\r\n3.4　营造创业氛围<br />\r\n213 第十三章 象牙塔般的文理学院— 卫斯<br />\r\n理学院（Wellesley College）<br />\r\n在中国知道女校卫斯理学院的人可能不比美国人少，因<br />\r\n为从卫斯理学院走出了一位中国第一夫人— 宋美龄。<br />\r\n卫斯理代表了美国一类优秀的大学，它们追求高质量的<br />\r\n本科教育，而不强调科研。<br />\r\n第一节　卫斯理印象<br />\r\n1.1　最美丽的校园<br />\r\n1.2　优越的学习生活条件<br />\r\n第二节　为什么选择文理学院<br />\r\n第三节　充足的资源和良好的环境<br />\r\n226 第十四章 不在藤校里的藤校— 杜克大<br />\r\n学和华盛顿大学（圣路易斯）<br />\r\n杜克和华盛顿大学都是特色鲜明的名牌大学，它们后来<br />\r\n居上迈入世界一流大学的历程值得很多大学借鉴。对于<br />\r\n学生来讲，最重要的是找到最适合自己的大学，而不是<br />\r\n名气最大的大学。这两所特色鲜明、一向对亚裔学生友<br />\r\n好的大学，应该是很多中国优秀学子不错的选择。<br />\r\n第一节　杜克大学<br />\r\n1.1　超级校园<br />\r\n1.2　特色鲜明的本科教育<br />\r\n1.3　服务于社区<br />\r\n第二节　华盛顿大学<br />\r\n2.1　另一种康普顿效应<br />\r\n2.2　中西部的奇迹<br />\r\n247 后记<br />\r\n250 索引<br />\r\n显示部分信息<br />\r\n前　　言<br />\r\n教育是一辈子的事情这既不是一本升学指南，或子女教育指南，也不是一本介绍美国大学的大全。<br />\r\n本书讲述的是关于高等教育的理念— 既包括我本人（同时站在一个受教育者和教育者的角度）对这个问题的认识，也包括美国很多大学里的教育工作者对教育的看法。我把这本书取名为《大学之路》，其实包含了三层含义。首先是指我自己（和我的兄弟）以及我的孩子前后两代人选择的大学之路；其次是指根据个人的体会和了解的众多过来人的经验，学生们在大学里的路应该怎么走，即我所理解的大学的理念— 那些在我（和我的兄弟）身上实践过的，或者在我的孩子身上会实践的理念；第三层含义是指美国一些大学（主要是名牌私立大学）在过去几百年里走过的历程— 透过它，不仅可以看到美国的教育精英们对大学教育的认识，也可以看到今天这些大学培养学生的目标和方法。', '作者吴军曾在清华大学就读和任教，之后在美国约翰·霍普金斯大学获得博士学位，又因事业有成而成为该校工学院的董事，得以多年来参与美国名牌大学的管理，并且将女儿培养进入麻省理工学院。作者以他和女儿走访过的英美十几所*大学为样本，结合他多年来对美国高等教育的系统研究,以及访问这些大学教师和校友的第一手资料，加上自己的深入思考与独到感悟，精心写就《大学之路》。在书中，作者阐述了英美著名教育家的教育理念，系统地介绍了英美名校的特色和差异，比较了中美两国在教育上的差异，并且结合自己的亲身体会，对年轻人给出了自我发展的建议。作者与美国许多大学有着密切联系，还介绍了美国名牌大学在招生中许多不为人知的细节，并重点解析了其中一些潜规则的历史成因和申请者可能有必要采取的对策。作为一名事业有成者，作者详细阐述了教育在人生中的重要性，并特别强调人生是一场马拉松，教育乃终身学习，而并非以获得一个名牌大学学位为终结。对大学教育这一严肃话题，作者以一种轻松自在的方式娓娓道来。上册主要介绍了英美大学的教育方法、办学理念和招生特点。下册作者则以半游记的形式，带领读者走访十多所英美名校，既让人如身临其境，又通过一个个实例帮助读者了解各个名校的特点。本书对教育工作者、家长和学生以及留学机构都有一定的借鉴和参考价值。', 'book_picture/大学之路.jpg');

-- ----------------------------
-- Table structure for collection_booklist
-- ----------------------------
DROP TABLE IF EXISTS `collection_booklist`;
CREATE TABLE `collection_booklist` (
  `id` int(11) NOT NULL,
  `booklist_id` int(11) NOT NULL,
  PRIMARY KEY (`id`,`booklist_id`),
  KEY `booklist_id` (`booklist_id`),
  CONSTRAINT `collection_booklist_ibfk_1` FOREIGN KEY (`id`) REFERENCES `user_info` (`id`),
  CONSTRAINT `collection_booklist_ibfk_2` FOREIGN KEY (`booklist_id`) REFERENCES `booklist_info` (`booklist_id`)
) ENGINE=InnoDB DEFAULT CHARSET=utf8;

-- ----------------------------
-- Records of collection_booklist
-- ----------------------------
INSERT INTO `collection_booklist` VALUES ('1', '1');
INSERT INTO `collection_booklist` VALUES ('1', '2');

-- ----------------------------
-- Table structure for collection_books
-- ----------------------------
DROP TABLE IF EXISTS `collection_books`;
CREATE TABLE `collection_books` (
  `id` int(11) NOT NULL,
  `book_id` int(11) NOT NULL,
  `evaluation` varchar(200) DEFAULT NULL,
  `reaction_title` varchar(20) DEFAULT NULL,
  `reaction` text,
  `if_public_reaction` tinyint(4) NOT NULL DEFAULT '0',
  `recommendation_level` int(11) DEFAULT NULL,
  PRIMARY KEY (`id`,`book_id`),
  KEY `book_id` (`book_id`),
  CONSTRAINT `collection_books_ibfk_1` FOREIGN KEY (`id`) REFERENCES `user_info` (`id`),
  CONSTRAINT `collection_books_ibfk_2` FOREIGN KEY (`book_id`) REFERENCES `books_info` (`book_id`)
) ENGINE=InnoDB DEFAULT CHARSET=utf8;

-- ----------------------------
-- Records of collection_books
-- ----------------------------
INSERT INTO `collection_books` VALUES ('1', '27', null, '人间四月', '正文', '0', '4');
INSERT INTO `collection_books` VALUES ('1', '37', null, null, null, '0', '1');
INSERT INTO `collection_books` VALUES ('1', '38', null, null, null, '0', '1');
INSERT INTO `collection_books` VALUES ('1', '50', null, null, null, '0', null);
INSERT INTO `collection_books` VALUES ('2', '2', null, null, null, '0', '4');
INSERT INTO `collection_books` VALUES ('2', '11', null, null, null, '0', '3');
INSERT INTO `collection_books` VALUES ('2', '46', null, null, null, '0', '1');
INSERT INTO `collection_books` VALUES ('3', '9', null, null, null, '0', '4');
INSERT INTO `collection_books` VALUES ('3', '15', null, null, null, '0', '4');
INSERT INTO `collection_books` VALUES ('3', '21', null, null, null, '0', '3');
INSERT INTO `collection_books` VALUES ('4', '13', null, null, null, '0', '1');
INSERT INTO `collection_books` VALUES ('4', '32', null, null, null, '0', '1');
INSERT INTO `collection_books` VALUES ('4', '37', null, null, null, '0', '1');
INSERT INTO `collection_books` VALUES ('5', '11', null, null, null, '0', '2');
INSERT INTO `collection_books` VALUES ('5', '40', null, null, null, '0', '3');
INSERT INTO `collection_books` VALUES ('5', '45', null, null, null, '0', '4');
INSERT INTO `collection_books` VALUES ('6', '10', null, null, null, '0', '5');
INSERT INTO `collection_books` VALUES ('6', '26', null, null, null, '0', '3');
INSERT INTO `collection_books` VALUES ('6', '35', null, null, null, '0', '3');
INSERT INTO `collection_books` VALUES ('6', '37', null, null, null, '0', '5');
INSERT INTO `collection_books` VALUES ('6', '39', null, null, null, '0', '5');
INSERT INTO `collection_books` VALUES ('6', '42', null, null, null, '0', '1');
INSERT INTO `collection_books` VALUES ('7', '14', null, null, null, '0', '3');
INSERT INTO `collection_books` VALUES ('7', '23', null, null, null, '0', '4');
INSERT INTO `collection_books` VALUES ('7', '36', null, null, null, '0', '5');
INSERT INTO `collection_books` VALUES ('8', '9', null, null, null, '0', '4');
INSERT INTO `collection_books` VALUES ('8', '12', null, null, null, '0', '2');
INSERT INTO `collection_books` VALUES ('8', '24', null, null, null, '0', '4');
INSERT INTO `collection_books` VALUES ('8', '28', null, null, null, '0', '2');
INSERT INTO `collection_books` VALUES ('9', '12', null, null, null, '0', '5');
INSERT INTO `collection_books` VALUES ('9', '28', null, null, null, '0', '3');
INSERT INTO `collection_books` VALUES ('9', '49', null, null, null, '0', '1');
INSERT INTO `collection_books` VALUES ('10', '11', null, null, null, '0', '3');
INSERT INTO `collection_books` VALUES ('10', '43', null, null, null, '0', '5');
INSERT INTO `collection_books` VALUES ('10', '49', null, null, null, '0', '4');
INSERT INTO `collection_books` VALUES ('11', '19', null, null, null, '0', '3');
INSERT INTO `collection_books` VALUES ('11', '20', null, null, null, '0', '5');
INSERT INTO `collection_books` VALUES ('11', '37', null, null, null, '0', '1');
INSERT INTO `collection_books` VALUES ('12', '3', null, null, null, '0', '4');
INSERT INTO `collection_books` VALUES ('12', '5', null, null, null, '0', '3');
INSERT INTO `collection_books` VALUES ('12', '6', null, null, null, '0', '4');
INSERT INTO `collection_books` VALUES ('12', '10', null, null, null, '0', '2');
INSERT INTO `collection_books` VALUES ('12', '30', null, null, null, '0', '3');
INSERT INTO `collection_books` VALUES ('12', '34', null, null, null, '0', '5');
INSERT INTO `collection_books` VALUES ('13', '12', null, null, null, '0', '1');
INSERT INTO `collection_books` VALUES ('13', '21', null, null, null, '0', '5');
INSERT INTO `collection_books` VALUES ('13', '30', null, null, null, '0', '1');
INSERT INTO `collection_books` VALUES ('14', '5', null, null, null, '0', '2');
INSERT INTO `collection_books` VALUES ('14', '14', null, null, null, '0', '2');
INSERT INTO `collection_books` VALUES ('14', '25', null, null, null, '0', '5');
INSERT INTO `collection_books` VALUES ('15', '12', null, null, null, '0', '4');
INSERT INTO `collection_books` VALUES ('15', '15', null, null, null, '0', '4');
INSERT INTO `collection_books` VALUES ('15', '30', null, null, null, '0', '1');
INSERT INTO `collection_books` VALUES ('15', '36', null, null, null, '0', '1');
INSERT INTO `collection_books` VALUES ('16', '6', null, null, null, '0', '2');
INSERT INTO `collection_books` VALUES ('16', '30', null, null, null, '0', '3');
INSERT INTO `collection_books` VALUES ('16', '46', null, null, null, '0', '5');
INSERT INTO `collection_books` VALUES ('17', '4', null, null, null, '0', '4');
INSERT INTO `collection_books` VALUES ('17', '12', null, null, null, '0', '4');
INSERT INTO `collection_books` VALUES ('17', '17', null, null, null, '0', '1');
INSERT INTO `collection_books` VALUES ('18', '5', null, null, null, '0', '1');
INSERT INTO `collection_books` VALUES ('18', '11', null, null, null, '0', '3');
INSERT INTO `collection_books` VALUES ('18', '17', null, null, null, '0', '5');
INSERT INTO `collection_books` VALUES ('18', '35', null, null, null, '0', '4');
INSERT INTO `collection_books` VALUES ('18', '39', null, null, null, '0', '1');
INSERT INTO `collection_books` VALUES ('18', '49', null, null, null, '0', '4');
INSERT INTO `collection_books` VALUES ('19', '18', null, null, null, '0', '5');
INSERT INTO `collection_books` VALUES ('19', '34', null, null, null, '0', '2');
INSERT INTO `collection_books` VALUES ('19', '48', null, null, null, '0', '5');
INSERT INTO `collection_books` VALUES ('20', '17', null, null, null, '0', '5');
INSERT INTO `collection_books` VALUES ('20', '23', null, null, null, '0', '4');
INSERT INTO `collection_books` VALUES ('20', '48', null, null, null, '0', '2');
INSERT INTO `collection_books` VALUES ('21', '28', null, null, null, '0', '2');
INSERT INTO `collection_books` VALUES ('21', '34', null, null, null, '0', '5');
INSERT INTO `collection_books` VALUES ('21', '38', null, null, null, '0', '5');
INSERT INTO `collection_books` VALUES ('22', '9', null, null, null, '0', '2');
INSERT INTO `collection_books` VALUES ('22', '13', null, null, null, '0', '1');
INSERT INTO `collection_books` VALUES ('22', '21', null, null, null, '0', '3');
INSERT INTO `collection_books` VALUES ('22', '48', null, null, null, '0', '1');
INSERT INTO `collection_books` VALUES ('23', '2', null, null, null, '0', '2');
INSERT INTO `collection_books` VALUES ('23', '8', null, null, null, '0', '3');
INSERT INTO `collection_books` VALUES ('23', '36', null, null, null, '0', '2');
INSERT INTO `collection_books` VALUES ('24', '6', null, null, null, '0', '4');
INSERT INTO `collection_books` VALUES ('24', '19', null, null, null, '0', '5');
INSERT INTO `collection_books` VALUES ('24', '20', null, null, null, '0', '5');
INSERT INTO `collection_books` VALUES ('24', '46', null, null, null, '0', '3');
INSERT INTO `collection_books` VALUES ('24', '48', null, null, null, '0', '5');
INSERT INTO `collection_books` VALUES ('24', '50', null, null, null, '0', '5');
INSERT INTO `collection_books` VALUES ('25', '1', null, null, null, '0', '2');
INSERT INTO `collection_books` VALUES ('25', '7', null, null, null, '0', '2');
INSERT INTO `collection_books` VALUES ('25', '35', null, null, null, '0', '3');
INSERT INTO `collection_books` VALUES ('26', '8', null, null, null, '0', '3');
INSERT INTO `collection_books` VALUES ('26', '12', null, null, null, '0', '3');
INSERT INTO `collection_books` VALUES ('26', '27', null, null, null, '0', '2');
INSERT INTO `collection_books` VALUES ('27', '25', null, null, null, '0', '4');
INSERT INTO `collection_books` VALUES ('27', '26', null, null, null, '0', '4');
INSERT INTO `collection_books` VALUES ('27', '41', null, null, null, '0', '3');
INSERT INTO `collection_books` VALUES ('28', '6', null, null, null, '0', '5');
INSERT INTO `collection_books` VALUES ('28', '15', null, null, null, '0', '1');
INSERT INTO `collection_books` VALUES ('28', '30', null, null, null, '0', '3');
INSERT INTO `collection_books` VALUES ('29', '5', null, null, null, '0', '2');
INSERT INTO `collection_books` VALUES ('29', '10', null, null, null, '0', '5');
INSERT INTO `collection_books` VALUES ('29', '15', null, null, null, '0', '2');
INSERT INTO `collection_books` VALUES ('29', '48', null, null, null, '0', '1');
INSERT INTO `collection_books` VALUES ('30', '17', null, null, null, '0', '4');
INSERT INTO `collection_books` VALUES ('30', '30', null, null, null, '0', '3');
INSERT INTO `collection_books` VALUES ('30', '40', null, null, null, '0', '5');
INSERT INTO `collection_books` VALUES ('30', '47', null, null, null, '0', '1');
INSERT INTO `collection_books` VALUES ('31', '13', null, null, null, '0', '2');
INSERT INTO `collection_books` VALUES ('31', '28', null, null, null, '0', '1');
INSERT INTO `collection_books` VALUES ('31', '34', null, null, null, '0', '1');
INSERT INTO `collection_books` VALUES ('32', '20', null, null, null, '0', '5');
INSERT INTO `collection_books` VALUES ('32', '32', null, null, null, '0', '4');
INSERT INTO `collection_books` VALUES ('32', '48', null, null, null, '0', '3');
INSERT INTO `collection_books` VALUES ('33', '1', null, null, null, '0', '4');
INSERT INTO `collection_books` VALUES ('33', '20', null, null, null, '0', '4');
INSERT INTO `collection_books` VALUES ('34', '3', null, null, null, '0', '3');
INSERT INTO `collection_books` VALUES ('34', '31', null, null, null, '0', '3');
INSERT INTO `collection_books` VALUES ('34', '39', null, null, null, '0', '3');
INSERT INTO `collection_books` VALUES ('35', '5', null, null, null, '0', '1');
INSERT INTO `collection_books` VALUES ('35', '8', null, null, null, '0', '5');
INSERT INTO `collection_books` VALUES ('35', '19', null, null, null, '0', '5');
INSERT INTO `collection_books` VALUES ('36', '2', null, null, null, '0', '2');
INSERT INTO `collection_books` VALUES ('36', '8', null, null, null, '0', '4');
INSERT INTO `collection_books` VALUES ('36', '15', null, null, null, '0', '1');
INSERT INTO `collection_books` VALUES ('36', '21', null, null, null, '0', '4');
INSERT INTO `collection_books` VALUES ('36', '25', null, null, null, '0', '5');
INSERT INTO `collection_books` VALUES ('36', '31', null, null, null, '0', '3');
INSERT INTO `collection_books` VALUES ('36', '49', null, null, null, '0', '2');
INSERT INTO `collection_books` VALUES ('37', '1', null, null, null, '0', '1');
INSERT INTO `collection_books` VALUES ('37', '7', null, null, null, '0', '4');
INSERT INTO `collection_books` VALUES ('37', '35', null, null, null, '0', '3');
INSERT INTO `collection_books` VALUES ('38', '2', null, null, null, '0', '5');
INSERT INTO `collection_books` VALUES ('38', '28', null, null, null, '0', '1');
INSERT INTO `collection_books` VALUES ('38', '44', null, null, null, '0', '5');
INSERT INTO `collection_books` VALUES ('39', '29', null, null, null, '0', '1');
INSERT INTO `collection_books` VALUES ('39', '42', null, null, null, '0', '1');
INSERT INTO `collection_books` VALUES ('39', '49', null, null, null, '0', '4');
INSERT INTO `collection_books` VALUES ('40', '13', null, null, null, '0', '2');
INSERT INTO `collection_books` VALUES ('40', '33', null, null, null, '0', '4');
INSERT INTO `collection_books` VALUES ('40', '47', null, null, null, '0', '1');
INSERT INTO `collection_books` VALUES ('41', '5', null, null, null, '0', '5');
INSERT INTO `collection_books` VALUES ('41', '8', null, null, null, '0', '3');
INSERT INTO `collection_books` VALUES ('41', '26', null, null, null, '0', '4');
INSERT INTO `collection_books` VALUES ('42', '5', null, null, null, '0', '2');
INSERT INTO `collection_books` VALUES ('42', '8', null, null, null, '0', '4');
INSERT INTO `collection_books` VALUES ('42', '10', null, null, null, '0', '1');
INSERT INTO `collection_books` VALUES ('42', '17', null, null, null, '0', '2');
INSERT INTO `collection_books` VALUES ('42', '30', null, null, null, '0', '4');
INSERT INTO `collection_books` VALUES ('42', '32', null, null, null, '0', '3');
INSERT INTO `collection_books` VALUES ('43', '11', null, null, null, '0', '5');
INSERT INTO `collection_books` VALUES ('43', '12', null, null, null, '0', '2');
INSERT INTO `collection_books` VALUES ('43', '15', null, null, null, '0', '2');
INSERT INTO `collection_books` VALUES ('43', '17', null, null, null, '0', '4');
INSERT INTO `collection_books` VALUES ('44', '23', null, null, null, '0', '1');
INSERT INTO `collection_books` VALUES ('44', '30', null, null, null, '0', '5');
INSERT INTO `collection_books` VALUES ('44', '37', null, null, null, '0', '3');
INSERT INTO `collection_books` VALUES ('45', '16', null, null, null, '0', '1');
INSERT INTO `collection_books` VALUES ('45', '31', null, null, null, '0', '2');
INSERT INTO `collection_books` VALUES ('45', '35', null, null, null, '0', '2');
INSERT INTO `collection_books` VALUES ('46', '14', null, null, null, '0', '2');
INSERT INTO `collection_books` VALUES ('46', '18', null, null, null, '0', '5');
INSERT INTO `collection_books` VALUES ('46', '21', null, null, null, '0', '2');
INSERT INTO `collection_books` VALUES ('47', '29', null, null, null, '0', '1');
INSERT INTO `collection_books` VALUES ('47', '31', null, null, null, '0', '4');
INSERT INTO `collection_books` VALUES ('47', '35', null, null, null, '0', '1');
INSERT INTO `collection_books` VALUES ('48', '6', null, null, null, '0', '4');
INSERT INTO `collection_books` VALUES ('48', '14', null, null, null, '0', '3');
INSERT INTO `collection_books` VALUES ('48', '19', null, null, null, '0', '1');
INSERT INTO `collection_books` VALUES ('48', '31', null, null, null, '0', '3');
INSERT INTO `collection_books` VALUES ('48', '32', null, null, null, '0', '1');
INSERT INTO `collection_books` VALUES ('48', '42', null, null, null, '0', '3');
INSERT INTO `collection_books` VALUES ('49', '18', null, null, null, '0', '1');
INSERT INTO `collection_books` VALUES ('49', '32', null, null, null, '0', '4');
INSERT INTO `collection_books` VALUES ('49', '47', null, null, null, '0', '3');
INSERT INTO `collection_books` VALUES ('50', '1', null, null, null, '0', '2');
INSERT INTO `collection_books` VALUES ('50', '26', null, null, null, '0', '2');
INSERT INTO `collection_books` VALUES ('50', '27', null, null, null, '0', '3');
INSERT INTO `collection_books` VALUES ('51', '5', null, null, null, '0', '5');
INSERT INTO `collection_books` VALUES ('51', '18', null, null, null, '0', '4');
INSERT INTO `collection_books` VALUES ('51', '41', null, null, null, '0', '4');
INSERT INTO `collection_books` VALUES ('52', '12', null, null, null, '0', '1');
INSERT INTO `collection_books` VALUES ('52', '33', null, null, null, '0', '4');
INSERT INTO `collection_books` VALUES ('52', '36', null, null, null, '0', '2');
INSERT INTO `collection_books` VALUES ('53', '14', null, null, null, '0', '4');
INSERT INTO `collection_books` VALUES ('53', '15', null, null, null, '0', '2');
INSERT INTO `collection_books` VALUES ('53', '27', null, null, null, '0', '4');
INSERT INTO `collection_books` VALUES ('54', '24', null, null, null, '0', '2');
INSERT INTO `collection_books` VALUES ('54', '37', null, null, null, '0', '5');
INSERT INTO `collection_books` VALUES ('54', '42', null, null, null, '0', '5');
INSERT INTO `collection_books` VALUES ('54', '48', null, null, null, '0', '3');
INSERT INTO `collection_books` VALUES ('54', '49', null, null, null, '0', '5');
INSERT INTO `collection_books` VALUES ('55', '18', null, null, null, '0', '4');
INSERT INTO `collection_books` VALUES ('55', '41', null, null, null, '0', '2');
INSERT INTO `collection_books` VALUES ('55', '44', null, null, null, '0', '5');
INSERT INTO `collection_books` VALUES ('56', '3', null, null, null, '0', '1');
INSERT INTO `collection_books` VALUES ('56', '6', null, null, null, '0', '4');
INSERT INTO `collection_books` VALUES ('56', '15', null, null, null, '0', '1');
INSERT INTO `collection_books` VALUES ('57', '1', null, null, null, '0', '1');
INSERT INTO `collection_books` VALUES ('57', '25', null, null, null, '0', '1');
INSERT INTO `collection_books` VALUES ('57', '42', null, null, null, '0', '5');
INSERT INTO `collection_books` VALUES ('57', '50', null, null, null, '0', '1');
INSERT INTO `collection_books` VALUES ('58', '1', null, null, null, '0', '5');
INSERT INTO `collection_books` VALUES ('58', '5', null, null, null, '0', '4');
INSERT INTO `collection_books` VALUES ('58', '16', null, null, null, '0', '1');
INSERT INTO `collection_books` VALUES ('59', '23', null, null, null, '0', '2');
INSERT INTO `collection_books` VALUES ('59', '46', null, null, null, '0', '2');
INSERT INTO `collection_books` VALUES ('59', '49', null, null, null, '0', '1');
INSERT INTO `collection_books` VALUES ('60', '4', null, null, null, '0', '2');
INSERT INTO `collection_books` VALUES ('60', '7', null, null, null, '0', '4');
INSERT INTO `collection_books` VALUES ('60', '22', null, null, null, '0', '1');
INSERT INTO `collection_books` VALUES ('60', '26', null, null, null, '0', '4');
INSERT INTO `collection_books` VALUES ('60', '29', null, null, null, '0', '3');
INSERT INTO `collection_books` VALUES ('60', '32', null, null, null, '0', '5');
INSERT INTO `collection_books` VALUES ('61', '28', null, null, null, '0', '1');
INSERT INTO `collection_books` VALUES ('61', '31', null, null, null, '0', '3');
INSERT INTO `collection_books` VALUES ('61', '37', null, null, null, '0', '4');
INSERT INTO `collection_books` VALUES ('62', '3', null, null, null, '0', '5');
INSERT INTO `collection_books` VALUES ('62', '26', null, null, null, '0', '5');
INSERT INTO `collection_books` VALUES ('62', '35', null, null, null, '0', '2');
INSERT INTO `collection_books` VALUES ('63', '5', null, null, null, '0', '2');
INSERT INTO `collection_books` VALUES ('63', '31', null, null, null, '0', '1');
INSERT INTO `collection_books` VALUES ('63', '35', null, null, null, '0', '4');
INSERT INTO `collection_books` VALUES ('64', '4', null, null, null, '0', '5');
INSERT INTO `collection_books` VALUES ('64', '16', null, null, null, '0', '2');
INSERT INTO `collection_books` VALUES ('64', '22', null, null, null, '0', '2');
INSERT INTO `collection_books` VALUES ('64', '40', null, null, null, '0', '1');
INSERT INTO `collection_books` VALUES ('65', '21', null, null, null, '0', '4');
INSERT INTO `collection_books` VALUES ('65', '23', null, null, null, '0', '5');
INSERT INTO `collection_books` VALUES ('65', '34', null, null, null, '0', '2');
INSERT INTO `collection_books` VALUES ('66', '4', null, null, null, '0', '4');
INSERT INTO `collection_books` VALUES ('66', '5', null, null, null, '0', '5');
INSERT INTO `collection_books` VALUES ('66', '16', null, null, null, '0', '1');
INSERT INTO `collection_books` VALUES ('66', '22', null, null, null, '0', '1');
INSERT INTO `collection_books` VALUES ('66', '23', null, null, null, '0', '1');
INSERT INTO `collection_books` VALUES ('66', '40', null, null, null, '0', '3');
INSERT INTO `collection_books` VALUES ('67', '8', null, null, null, '0', '4');
INSERT INTO `collection_books` VALUES ('67', '19', null, null, null, '0', '4');
INSERT INTO `collection_books` VALUES ('67', '44', null, null, null, '0', '5');
INSERT INTO `collection_books` VALUES ('68', '11', null, null, null, '0', '3');
INSERT INTO `collection_books` VALUES ('68', '28', null, null, null, '0', '5');
INSERT INTO `collection_books` VALUES ('68', '40', null, null, null, '0', '3');
INSERT INTO `collection_books` VALUES ('69', '16', null, null, null, '0', '3');
INSERT INTO `collection_books` VALUES ('69', '28', null, null, null, '0', '4');
INSERT INTO `collection_books` VALUES ('69', '32', null, null, null, '0', '5');
INSERT INTO `collection_books` VALUES ('70', '12', null, null, null, '0', '5');
INSERT INTO `collection_books` VALUES ('70', '22', null, null, null, '0', '1');
INSERT INTO `collection_books` VALUES ('70', '38', null, null, null, '0', '5');
INSERT INTO `collection_books` VALUES ('71', '13', null, null, null, '0', '3');
INSERT INTO `collection_books` VALUES ('71', '25', null, null, null, '0', '2');
INSERT INTO `collection_books` VALUES ('71', '26', null, null, null, '0', '5');
INSERT INTO `collection_books` VALUES ('71', '46', null, null, null, '0', '2');
INSERT INTO `collection_books` VALUES ('72', '23', null, null, null, '0', '1');
INSERT INTO `collection_books` VALUES ('72', '34', null, null, null, '0', '1');
INSERT INTO `collection_books` VALUES ('72', '39', null, null, null, '0', '2');
INSERT INTO `collection_books` VALUES ('72', '50', null, null, null, '0', '2');
INSERT INTO `collection_books` VALUES ('73', '5', null, null, null, '0', '1');
INSERT INTO `collection_books` VALUES ('73', '31', null, null, null, '0', '2');
INSERT INTO `collection_books` VALUES ('73', '42', null, null, null, '0', '3');
INSERT INTO `collection_books` VALUES ('74', '8', null, null, null, '0', '3');
INSERT INTO `collection_books` VALUES ('74', '32', null, null, null, '0', '1');
INSERT INTO `collection_books` VALUES ('74', '48', null, null, null, '0', '2');
INSERT INTO `collection_books` VALUES ('75', '10', null, null, null, '0', '3');
INSERT INTO `collection_books` VALUES ('75', '14', null, null, null, '0', '2');
INSERT INTO `collection_books` VALUES ('75', '30', null, null, null, '0', '4');
INSERT INTO `collection_books` VALUES ('76', '10', null, null, null, '0', '1');
INSERT INTO `collection_books` VALUES ('76', '15', null, null, null, '0', '1');
INSERT INTO `collection_books` VALUES ('76', '38', null, null, null, '0', '1');
INSERT INTO `collection_books` VALUES ('77', '7', null, null, null, '0', '5');
INSERT INTO `collection_books` VALUES ('77', '8', null, null, null, '0', '3');
INSERT INTO `collection_books` VALUES ('77', '21', null, null, null, '0', '3');
INSERT INTO `collection_books` VALUES ('78', '9', null, null, null, '0', '4');
INSERT INTO `collection_books` VALUES ('78', '14', null, null, null, '0', '3');
INSERT INTO `collection_books` VALUES ('78', '20', null, null, null, '0', '4');
INSERT INTO `collection_books` VALUES ('78', '27', null, null, null, '0', '5');
INSERT INTO `collection_books` VALUES ('78', '42', null, null, null, '0', '5');
INSERT INTO `collection_books` VALUES ('78', '49', null, null, null, '0', '1');
INSERT INTO `collection_books` VALUES ('79', '15', null, null, null, '0', '1');
INSERT INTO `collection_books` VALUES ('79', '33', null, null, null, '0', '1');
INSERT INTO `collection_books` VALUES ('79', '41', null, null, null, '0', '4');
INSERT INTO `collection_books` VALUES ('80', '4', null, null, null, '0', '5');
INSERT INTO `collection_books` VALUES ('80', '27', null, null, null, '0', '4');
INSERT INTO `collection_books` VALUES ('80', '45', null, null, null, '0', '1');
INSERT INTO `collection_books` VALUES ('81', '7', null, null, null, '0', '4');
INSERT INTO `collection_books` VALUES ('81', '18', null, null, null, '0', '2');
INSERT INTO `collection_books` VALUES ('81', '24', null, null, null, '0', '1');
INSERT INTO `collection_books` VALUES ('82', '7', null, null, null, '0', '1');
INSERT INTO `collection_books` VALUES ('82', '21', null, null, null, '0', '2');
INSERT INTO `collection_books` VALUES ('82', '46', null, null, null, '0', '4');
INSERT INTO `collection_books` VALUES ('83', '6', null, null, null, '0', '3');
INSERT INTO `collection_books` VALUES ('83', '13', null, null, null, '0', '1');
INSERT INTO `collection_books` VALUES ('83', '15', null, null, null, '0', '1');
INSERT INTO `collection_books` VALUES ('84', '9', null, null, null, '0', '3');
INSERT INTO `collection_books` VALUES ('84', '27', null, null, null, '0', '4');
INSERT INTO `collection_books` VALUES ('84', '39', null, null, null, '0', '4');
INSERT INTO `collection_books` VALUES ('84', '48', null, null, null, '0', '5');
INSERT INTO `collection_books` VALUES ('84', '49', null, null, null, '0', '3');
INSERT INTO `collection_books` VALUES ('84', '50', null, null, null, '0', '5');
INSERT INTO `collection_books` VALUES ('85', '11', null, null, null, '0', '1');
INSERT INTO `collection_books` VALUES ('85', '31', null, null, null, '0', '5');
INSERT INTO `collection_books` VALUES ('85', '33', null, null, null, '0', '3');
INSERT INTO `collection_books` VALUES ('85', '40', null, null, null, '0', '1');
INSERT INTO `collection_books` VALUES ('86', '28', null, null, null, '0', '2');
INSERT INTO `collection_books` VALUES ('86', '37', null, null, null, '0', '1');
INSERT INTO `collection_books` VALUES ('86', '41', null, null, null, '0', '4');
INSERT INTO `collection_books` VALUES ('87', '11', null, null, null, '0', '4');
INSERT INTO `collection_books` VALUES ('87', '24', null, null, null, '0', '3');
INSERT INTO `collection_books` VALUES ('87', '31', null, null, null, '0', '3');
INSERT INTO `collection_books` VALUES ('88', '9', null, null, null, '0', '5');
INSERT INTO `collection_books` VALUES ('88', '16', null, null, null, '0', '2');
INSERT INTO `collection_books` VALUES ('88', '34', null, null, null, '0', '5');
INSERT INTO `collection_books` VALUES ('89', '3', null, null, null, '0', '5');
INSERT INTO `collection_books` VALUES ('89', '20', null, null, null, '0', '4');
INSERT INTO `collection_books` VALUES ('89', '43', null, null, null, '0', '3');
INSERT INTO `collection_books` VALUES ('90', '25', null, null, null, '0', '3');
INSERT INTO `collection_books` VALUES ('90', '27', null, null, null, '0', '4');
INSERT INTO `collection_books` VALUES ('90', '33', null, null, null, '0', '2');
INSERT INTO `collection_books` VALUES ('90', '35', null, null, null, '0', '1');
INSERT INTO `collection_books` VALUES ('90', '49', null, null, null, '0', '2');
INSERT INTO `collection_books` VALUES ('90', '50', null, null, null, '0', '2');
INSERT INTO `collection_books` VALUES ('91', '17', null, null, null, '0', '3');
INSERT INTO `collection_books` VALUES ('91', '18', null, null, null, '0', '1');
INSERT INTO `collection_books` VALUES ('91', '31', null, null, null, '0', '1');
INSERT INTO `collection_books` VALUES ('92', '9', null, null, null, '0', '1');
INSERT INTO `collection_books` VALUES ('92', '40', null, null, null, '0', '5');
INSERT INTO `collection_books` VALUES ('92', '44', null, null, null, '0', '4');
INSERT INTO `collection_books` VALUES ('92', '45', null, null, null, '0', '1');
INSERT INTO `collection_books` VALUES ('93', '26', null, null, null, '0', '2');
INSERT INTO `collection_books` VALUES ('93', '28', null, null, null, '0', '2');
INSERT INTO `collection_books` VALUES ('93', '36', null, null, null, '0', '3');
INSERT INTO `collection_books` VALUES ('94', '1', null, null, null, '0', '2');
INSERT INTO `collection_books` VALUES ('94', '17', null, null, null, '0', '5');
INSERT INTO `collection_books` VALUES ('94', '46', null, null, null, '0', '3');
INSERT INTO `collection_books` VALUES ('95', '7', null, null, null, '0', '4');
INSERT INTO `collection_books` VALUES ('95', '21', null, null, null, '0', '4');
INSERT INTO `collection_books` VALUES ('95', '34', null, null, null, '0', '4');
INSERT INTO `collection_books` VALUES ('96', '2', null, null, null, '0', '3');
INSERT INTO `collection_books` VALUES ('96', '9', null, null, null, '0', '5');
INSERT INTO `collection_books` VALUES ('96', '30', null, null, null, '0', '3');
INSERT INTO `collection_books` VALUES ('96', '34', null, null, null, '0', '5');
INSERT INTO `collection_books` VALUES ('96', '43', null, null, null, '0', '5');
INSERT INTO `collection_books` VALUES ('96', '49', null, null, null, '0', '1');
INSERT INTO `collection_books` VALUES ('97', '11', null, null, null, '0', '4');
INSERT INTO `collection_books` VALUES ('97', '25', null, null, null, '0', '5');
INSERT INTO `collection_books` VALUES ('97', '41', null, null, null, '0', '5');
INSERT INTO `collection_books` VALUES ('98', '8', null, null, null, '0', '1');
INSERT INTO `collection_books` VALUES ('98', '32', null, null, null, '0', '5');
INSERT INTO `collection_books` VALUES ('98', '43', null, null, null, '0', '4');
INSERT INTO `collection_books` VALUES ('99', '1', null, null, null, '0', '5');
INSERT INTO `collection_books` VALUES ('99', '18', null, null, null, '0', '5');
INSERT INTO `collection_books` VALUES ('99', '41', null, null, null, '0', '1');
INSERT INTO `collection_books` VALUES ('99', '49', null, null, null, '0', '1');
INSERT INTO `collection_books` VALUES ('100', '3', null, null, null, '0', '5');
INSERT INTO `collection_books` VALUES ('100', '11', null, null, null, '0', '5');
INSERT INTO `collection_books` VALUES ('100', '43', null, null, null, '0', '2');

-- ----------------------------
-- Table structure for fresh_books
-- ----------------------------
DROP TABLE IF EXISTS `fresh_books`;
CREATE TABLE `fresh_books` (
  `rec_day` date NOT NULL,
  `book_id` int(11) NOT NULL,
  `writer_id` int(11) NOT NULL,
  `fresh_degree` double NOT NULL,
  KEY `book_id` (`book_id`),
  KEY `writer_id` (`writer_id`),
  CONSTRAINT `fresh_books_ibfk_1` FOREIGN KEY (`book_id`) REFERENCES `books_info` (`book_id`),
  CONSTRAINT `fresh_books_ibfk_2` FOREIGN KEY (`writer_id`) REFERENCES `writers_info` (`writer_id`)
) ENGINE=InnoDB DEFAULT CHARSET=utf8;

-- ----------------------------
-- Records of fresh_books
-- ----------------------------
INSERT INTO `fresh_books` VALUES ('2017-05-18', '1', '1', '91');
INSERT INTO `fresh_books` VALUES ('2017-05-18', '2', '2', '91');
INSERT INTO `fresh_books` VALUES ('2017-05-18', '3', '3', '91');
INSERT INTO `fresh_books` VALUES ('2017-05-18', '4', '4', '91');
INSERT INTO `fresh_books` VALUES ('2017-05-18', '5', '5', '91');
INSERT INTO `fresh_books` VALUES ('2017-05-18', '6', '6', '91');
INSERT INTO `fresh_books` VALUES ('2017-05-18', '7', '7', '91');
INSERT INTO `fresh_books` VALUES ('2017-05-18', '8', '8', '91');
INSERT INTO `fresh_books` VALUES ('2017-05-18', '9', '9', '91');
INSERT INTO `fresh_books` VALUES ('2017-05-18', '10', '7', '91');
INSERT INTO `fresh_books` VALUES ('2017-05-18', '11', '10', '93');
INSERT INTO `fresh_books` VALUES ('2017-05-18', '12', '11', '93');
INSERT INTO `fresh_books` VALUES ('2017-05-18', '13', '12', '93');
INSERT INTO `fresh_books` VALUES ('2017-05-18', '14', '13', '93');
INSERT INTO `fresh_books` VALUES ('2017-05-18', '15', '14', '93');
INSERT INTO `fresh_books` VALUES ('2017-05-18', '16', '15', '93');
INSERT INTO `fresh_books` VALUES ('2017-05-18', '17', '15', '93');
INSERT INTO `fresh_books` VALUES ('2017-05-18', '18', '16', '93');
INSERT INTO `fresh_books` VALUES ('2017-05-18', '19', '17', '93');
INSERT INTO `fresh_books` VALUES ('2017-05-18', '20', '18', '95');
INSERT INTO `fresh_books` VALUES ('2017-05-18', '21', '19', '95');
INSERT INTO `fresh_books` VALUES ('2017-05-18', '22', '20', '95');
INSERT INTO `fresh_books` VALUES ('2017-05-18', '23', '21', '95');
INSERT INTO `fresh_books` VALUES ('2017-05-18', '24', '22', '95');
INSERT INTO `fresh_books` VALUES ('2017-05-18', '25', '23', '95');
INSERT INTO `fresh_books` VALUES ('2017-05-19', '26', '24', '95');
INSERT INTO `fresh_books` VALUES ('2017-05-19', '27', '25', '95');
INSERT INTO `fresh_books` VALUES ('2017-05-19', '28', '26', '95');
INSERT INTO `fresh_books` VALUES ('2017-05-19', '29', '27', '95');
INSERT INTO `fresh_books` VALUES ('2017-05-19', '30', '28', '97');
INSERT INTO `fresh_books` VALUES ('2017-05-19', '31', '29', '97');
INSERT INTO `fresh_books` VALUES ('2017-05-19', '32', '30', '97');
INSERT INTO `fresh_books` VALUES ('2017-05-19', '33', '31', '97');
INSERT INTO `fresh_books` VALUES ('2017-05-19', '34', '32', '97');
INSERT INTO `fresh_books` VALUES ('2017-05-19', '35', '33', '97');
INSERT INTO `fresh_books` VALUES ('2017-05-19', '36', '34', '97');
INSERT INTO `fresh_books` VALUES ('2017-05-19', '37', '35', '97');
INSERT INTO `fresh_books` VALUES ('2017-05-19', '38', '7', '97');
INSERT INTO `fresh_books` VALUES ('2017-05-19', '39', '36', '97');
INSERT INTO `fresh_books` VALUES ('2017-05-19', '40', '37', '99');
INSERT INTO `fresh_books` VALUES ('2017-05-19', '41', '12', '99');
INSERT INTO `fresh_books` VALUES ('2017-05-19', '42', '38', '99');
INSERT INTO `fresh_books` VALUES ('2017-05-19', '43', '20', '99');
INSERT INTO `fresh_books` VALUES ('2017-05-19', '44', '17', '99');
INSERT INTO `fresh_books` VALUES ('2017-05-19', '45', '39', '99');
INSERT INTO `fresh_books` VALUES ('2017-05-19', '46', '22', '99');
INSERT INTO `fresh_books` VALUES ('2017-05-19', '47', '40', '99');
INSERT INTO `fresh_books` VALUES ('2017-05-19', '48', '27', '99');
INSERT INTO `fresh_books` VALUES ('2017-05-19', '49', '41', '99');
INSERT INTO `fresh_books` VALUES ('2017-05-19', '50', '42', '99');

-- ----------------------------
-- Table structure for friends
-- ----------------------------
DROP TABLE IF EXISTS `friends`;
CREATE TABLE `friends` (
  `id` int(11) NOT NULL,
  `friend_id` int(11) NOT NULL,
  `degree` int(11) NOT NULL,
  KEY `id` (`id`),
  KEY `friend_id` (`friend_id`),
  CONSTRAINT `friends_ibfk_1` FOREIGN KEY (`id`) REFERENCES `user_info` (`id`),
  CONSTRAINT `friends_ibfk_2` FOREIGN KEY (`friend_id`) REFERENCES `user_info` (`id`)
) ENGINE=InnoDB DEFAULT CHARSET=utf8;

-- ----------------------------
-- Records of friends
-- ----------------------------
INSERT INTO `friends` VALUES ('72', '10', '68');
INSERT INTO `friends` VALUES ('30', '4', '53');
INSERT INTO `friends` VALUES ('50', '80', '51');
INSERT INTO `friends` VALUES ('38', '96', '78');
INSERT INTO `friends` VALUES ('91', '87', '59');
INSERT INTO `friends` VALUES ('64', '1', '77');
INSERT INTO `friends` VALUES ('74', '21', '80');
INSERT INTO `friends` VALUES ('77', '38', '73');
INSERT INTO `friends` VALUES ('87', '100', '51');
INSERT INTO `friends` VALUES ('87', '38', '85');
INSERT INTO `friends` VALUES ('64', '25', '85');
INSERT INTO `friends` VALUES ('5', '91', '62');
INSERT INTO `friends` VALUES ('91', '30', '64');
INSERT INTO `friends` VALUES ('31', '39', '51');
INSERT INTO `friends` VALUES ('48', '33', '60');
INSERT INTO `friends` VALUES ('18', '3', '71');
INSERT INTO `friends` VALUES ('99', '4', '70');
INSERT INTO `friends` VALUES ('76', '83', '95');
INSERT INTO `friends` VALUES ('73', '61', '92');
INSERT INTO `friends` VALUES ('48', '36', '82');
INSERT INTO `friends` VALUES ('53', '57', '90');
INSERT INTO `friends` VALUES ('51', '15', '93');
INSERT INTO `friends` VALUES ('38', '78', '68');
INSERT INTO `friends` VALUES ('71', '44', '63');
INSERT INTO `friends` VALUES ('42', '91', '89');
INSERT INTO `friends` VALUES ('32', '21', '85');
INSERT INTO `friends` VALUES ('22', '67', '91');
INSERT INTO `friends` VALUES ('81', '46', '66');
INSERT INTO `friends` VALUES ('18', '4', '75');
INSERT INTO `friends` VALUES ('9', '45', '79');
INSERT INTO `friends` VALUES ('58', '75', '93');
INSERT INTO `friends` VALUES ('91', '6', '82');
INSERT INTO `friends` VALUES ('95', '12', '83');
INSERT INTO `friends` VALUES ('71', '70', '85');
INSERT INTO `friends` VALUES ('80', '32', '50');
INSERT INTO `friends` VALUES ('12', '60', '83');
INSERT INTO `friends` VALUES ('17', '53', '78');
INSERT INTO `friends` VALUES ('2', '31', '77');
INSERT INTO `friends` VALUES ('68', '94', '92');
INSERT INTO `friends` VALUES ('40', '51', '62');
INSERT INTO `friends` VALUES ('90', '71', '87');
INSERT INTO `friends` VALUES ('62', '41', '61');
INSERT INTO `friends` VALUES ('27', '46', '53');
INSERT INTO `friends` VALUES ('45', '79', '51');
INSERT INTO `friends` VALUES ('10', '40', '89');
INSERT INTO `friends` VALUES ('63', '33', '64');
INSERT INTO `friends` VALUES ('44', '51', '87');
INSERT INTO `friends` VALUES ('9', '32', '75');
INSERT INTO `friends` VALUES ('6', '23', '80');
INSERT INTO `friends` VALUES ('29', '35', '65');
INSERT INTO `friends` VALUES ('34', '32', '56');
INSERT INTO `friends` VALUES ('15', '72', '83');
INSERT INTO `friends` VALUES ('6', '100', '96');
INSERT INTO `friends` VALUES ('54', '58', '82');
INSERT INTO `friends` VALUES ('68', '17', '73');
INSERT INTO `friends` VALUES ('23', '96', '79');
INSERT INTO `friends` VALUES ('43', '80', '51');
INSERT INTO `friends` VALUES ('58', '40', '61');
INSERT INTO `friends` VALUES ('17', '79', '66');
INSERT INTO `friends` VALUES ('85', '63', '73');
INSERT INTO `friends` VALUES ('70', '67', '93');
INSERT INTO `friends` VALUES ('79', '86', '98');
INSERT INTO `friends` VALUES ('12', '13', '85');
INSERT INTO `friends` VALUES ('34', '37', '87');
INSERT INTO `friends` VALUES ('46', '13', '71');
INSERT INTO `friends` VALUES ('78', '5', '78');
INSERT INTO `friends` VALUES ('12', '65', '63');
INSERT INTO `friends` VALUES ('15', '30', '82');
INSERT INTO `friends` VALUES ('28', '97', '79');
INSERT INTO `friends` VALUES ('97', '27', '82');
INSERT INTO `friends` VALUES ('93', '57', '84');
INSERT INTO `friends` VALUES ('27', '99', '74');
INSERT INTO `friends` VALUES ('53', '25', '89');
INSERT INTO `friends` VALUES ('62', '52', '53');
INSERT INTO `friends` VALUES ('86', '76', '64');
INSERT INTO `friends` VALUES ('48', '89', '66');
INSERT INTO `friends` VALUES ('30', '51', '97');
INSERT INTO `friends` VALUES ('85', '41', '59');
INSERT INTO `friends` VALUES ('35', '1', '95');
INSERT INTO `friends` VALUES ('73', '52', '87');
INSERT INTO `friends` VALUES ('4', '48', '98');
INSERT INTO `friends` VALUES ('26', '43', '71');
INSERT INTO `friends` VALUES ('28', '91', '83');
INSERT INTO `friends` VALUES ('44', '12', '57');
INSERT INTO `friends` VALUES ('72', '59', '88');
INSERT INTO `friends` VALUES ('34', '42', '51');
INSERT INTO `friends` VALUES ('60', '58', '71');
INSERT INTO `friends` VALUES ('63', '83', '65');
INSERT INTO `friends` VALUES ('69', '85', '95');
INSERT INTO `friends` VALUES ('16', '77', '83');
INSERT INTO `friends` VALUES ('27', '26', '70');
INSERT INTO `friends` VALUES ('73', '32', '60');
INSERT INTO `friends` VALUES ('25', '89', '63');
INSERT INTO `friends` VALUES ('44', '83', '59');
INSERT INTO `friends` VALUES ('27', '78', '72');
INSERT INTO `friends` VALUES ('12', '5', '92');
INSERT INTO `friends` VALUES ('94', '12', '59');
INSERT INTO `friends` VALUES ('48', '92', '83');
INSERT INTO `friends` VALUES ('34', '100', '60');
INSERT INTO `friends` VALUES ('65', '83', '64');
INSERT INTO `friends` VALUES ('18', '83', '61');
INSERT INTO `friends` VALUES ('44', '21', '81');
INSERT INTO `friends` VALUES ('42', '48', '75');
INSERT INTO `friends` VALUES ('100', '19', '73');
INSERT INTO `friends` VALUES ('26', '32', '85');
INSERT INTO `friends` VALUES ('24', '2', '87');
INSERT INTO `friends` VALUES ('26', '55', '55');
INSERT INTO `friends` VALUES ('33', '92', '81');
INSERT INTO `friends` VALUES ('39', '78', '51');
INSERT INTO `friends` VALUES ('36', '97', '91');
INSERT INTO `friends` VALUES ('77', '55', '90');
INSERT INTO `friends` VALUES ('48', '56', '68');
INSERT INTO `friends` VALUES ('81', '9', '54');
INSERT INTO `friends` VALUES ('76', '49', '69');
INSERT INTO `friends` VALUES ('97', '45', '83');
INSERT INTO `friends` VALUES ('90', '24', '57');
INSERT INTO `friends` VALUES ('80', '47', '80');
INSERT INTO `friends` VALUES ('18', '62', '99');
INSERT INTO `friends` VALUES ('77', '58', '68');
INSERT INTO `friends` VALUES ('29', '76', '89');
INSERT INTO `friends` VALUES ('57', '54', '77');
INSERT INTO `friends` VALUES ('46', '48', '53');
INSERT INTO `friends` VALUES ('21', '43', '71');
INSERT INTO `friends` VALUES ('99', '97', '85');
INSERT INTO `friends` VALUES ('15', '90', '83');
INSERT INTO `friends` VALUES ('4', '67', '64');
INSERT INTO `friends` VALUES ('62', '92', '68');
INSERT INTO `friends` VALUES ('22', '2', '86');
INSERT INTO `friends` VALUES ('22', '2', '86');
INSERT INTO `friends` VALUES ('37', '56', '50');
INSERT INTO `friends` VALUES ('2', '20', '79');
INSERT INTO `friends` VALUES ('11', '18', '98');
INSERT INTO `friends` VALUES ('45', '59', '61');
INSERT INTO `friends` VALUES ('36', '2', '56');
INSERT INTO `friends` VALUES ('54', '84', '52');
INSERT INTO `friends` VALUES ('93', '63', '71');
INSERT INTO `friends` VALUES ('19', '85', '52');
INSERT INTO `friends` VALUES ('40', '16', '83');
INSERT INTO `friends` VALUES ('36', '66', '96');
INSERT INTO `friends` VALUES ('57', '97', '87');
INSERT INTO `friends` VALUES ('5', '84', '53');
INSERT INTO `friends` VALUES ('97', '23', '94');
INSERT INTO `friends` VALUES ('37', '64', '73');
INSERT INTO `friends` VALUES ('45', '38', '93');
INSERT INTO `friends` VALUES ('39', '15', '51');
INSERT INTO `friends` VALUES ('87', '94', '98');
INSERT INTO `friends` VALUES ('47', '62', '65');
INSERT INTO `friends` VALUES ('6', '33', '91');
INSERT INTO `friends` VALUES ('73', '55', '90');
INSERT INTO `friends` VALUES ('98', '6', '57');
INSERT INTO `friends` VALUES ('48', '37', '87');
INSERT INTO `friends` VALUES ('20', '90', '87');
INSERT INTO `friends` VALUES ('86', '90', '77');
INSERT INTO `friends` VALUES ('8', '68', '92');
INSERT INTO `friends` VALUES ('17', '91', '93');
INSERT INTO `friends` VALUES ('29', '57', '56');
INSERT INTO `friends` VALUES ('91', '70', '57');
INSERT INTO `friends` VALUES ('96', '54', '88');
INSERT INTO `friends` VALUES ('90', '84', '87');
INSERT INTO `friends` VALUES ('9', '96', '87');
INSERT INTO `friends` VALUES ('74', '66', '95');
INSERT INTO `friends` VALUES ('45', '65', '56');
INSERT INTO `friends` VALUES ('96', '74', '71');
INSERT INTO `friends` VALUES ('100', '56', '66');
INSERT INTO `friends` VALUES ('90', '98', '87');
INSERT INTO `friends` VALUES ('96', '24', '98');
INSERT INTO `friends` VALUES ('38', '69', '52');
INSERT INTO `friends` VALUES ('33', '95', '70');
INSERT INTO `friends` VALUES ('27', '60', '58');
INSERT INTO `friends` VALUES ('43', '10', '92');
INSERT INTO `friends` VALUES ('66', '45', '80');
INSERT INTO `friends` VALUES ('76', '95', '96');
INSERT INTO `friends` VALUES ('19', '94', '52');
INSERT INTO `friends` VALUES ('15', '43', '88');
INSERT INTO `friends` VALUES ('28', '26', '71');
INSERT INTO `friends` VALUES ('12', '47', '56');
INSERT INTO `friends` VALUES ('88', '93', '78');
INSERT INTO `friends` VALUES ('27', '2', '80');
INSERT INTO `friends` VALUES ('68', '23', '65');
INSERT INTO `friends` VALUES ('36', '95', '88');
INSERT INTO `friends` VALUES ('98', '79', '72');
INSERT INTO `friends` VALUES ('35', '94', '75');
INSERT INTO `friends` VALUES ('20', '59', '96');
INSERT INTO `friends` VALUES ('44', '27', '94');
INSERT INTO `friends` VALUES ('48', '98', '82');
INSERT INTO `friends` VALUES ('5', '67', '51');
INSERT INTO `friends` VALUES ('45', '69', '80');
INSERT INTO `friends` VALUES ('59', '77', '62');
INSERT INTO `friends` VALUES ('31', '82', '77');
INSERT INTO `friends` VALUES ('80', '56', '77');
INSERT INTO `friends` VALUES ('83', '2', '63');
INSERT INTO `friends` VALUES ('79', '27', '62');
INSERT INTO `friends` VALUES ('87', '90', '57');
INSERT INTO `friends` VALUES ('60', '6', '97');
INSERT INTO `friends` VALUES ('4', '85', '81');
INSERT INTO `friends` VALUES ('26', '16', '93');
INSERT INTO `friends` VALUES ('17', '54', '64');
INSERT INTO `friends` VALUES ('57', '17', '56');
INSERT INTO `friends` VALUES ('94', '75', '55');
INSERT INTO `friends` VALUES ('80', '84', '68');
INSERT INTO `friends` VALUES ('63', '80', '62');
INSERT INTO `friends` VALUES ('43', '68', '66');
INSERT INTO `friends` VALUES ('54', '13', '97');
INSERT INTO `friends` VALUES ('98', '15', '84');
INSERT INTO `friends` VALUES ('98', '5', '95');
INSERT INTO `friends` VALUES ('62', '91', '87');
INSERT INTO `friends` VALUES ('85', '95', '78');
INSERT INTO `friends` VALUES ('69', '63', '83');
INSERT INTO `friends` VALUES ('43', '44', '57');
INSERT INTO `friends` VALUES ('60', '4', '80');
INSERT INTO `friends` VALUES ('90', '67', '91');
INSERT INTO `friends` VALUES ('32', '1', '93');
INSERT INTO `friends` VALUES ('74', '79', '97');
INSERT INTO `friends` VALUES ('24', '55', '74');
INSERT INTO `friends` VALUES ('17', '84', '100');
INSERT INTO `friends` VALUES ('49', '18', '58');
INSERT INTO `friends` VALUES ('88', '62', '60');
INSERT INTO `friends` VALUES ('99', '59', '89');
INSERT INTO `friends` VALUES ('75', '81', '52');
INSERT INTO `friends` VALUES ('99', '60', '79');
INSERT INTO `friends` VALUES ('94', '6', '92');
INSERT INTO `friends` VALUES ('20', '58', '85');
INSERT INTO `friends` VALUES ('90', '55', '60');
INSERT INTO `friends` VALUES ('31', '96', '52');
INSERT INTO `friends` VALUES ('18', '45', '83');
INSERT INTO `friends` VALUES ('2', '17', '79');
INSERT INTO `friends` VALUES ('62', '83', '69');
INSERT INTO `friends` VALUES ('10', '65', '94');
INSERT INTO `friends` VALUES ('65', '73', '71');
INSERT INTO `friends` VALUES ('41', '14', '93');
INSERT INTO `friends` VALUES ('26', '40', '53');
INSERT INTO `friends` VALUES ('29', '22', '66');
INSERT INTO `friends` VALUES ('28', '1', '76');
INSERT INTO `friends` VALUES ('42', '33', '74');
INSERT INTO `friends` VALUES ('94', '28', '88');
INSERT INTO `friends` VALUES ('50', '38', '60');
INSERT INTO `friends` VALUES ('23', '53', '97');
INSERT INTO `friends` VALUES ('80', '89', '87');
INSERT INTO `friends` VALUES ('77', '82', '55');
INSERT INTO `friends` VALUES ('9', '20', '77');
INSERT INTO `friends` VALUES ('62', '77', '74');
INSERT INTO `friends` VALUES ('51', '39', '53');
INSERT INTO `friends` VALUES ('73', '68', '97');
INSERT INTO `friends` VALUES ('94', '87', '86');
INSERT INTO `friends` VALUES ('58', '72', '64');
INSERT INTO `friends` VALUES ('37', '32', '82');
INSERT INTO `friends` VALUES ('7', '27', '94');
INSERT INTO `friends` VALUES ('5', '9', '55');
INSERT INTO `friends` VALUES ('76', '40', '57');
INSERT INTO `friends` VALUES ('9', '24', '60');
INSERT INTO `friends` VALUES ('58', '38', '75');
INSERT INTO `friends` VALUES ('97', '46', '54');
INSERT INTO `friends` VALUES ('36', '78', '87');
INSERT INTO `friends` VALUES ('85', '8', '64');
INSERT INTO `friends` VALUES ('49', '73', '51');
INSERT INTO `friends` VALUES ('28', '96', '78');
INSERT INTO `friends` VALUES ('75', '32', '72');
INSERT INTO `friends` VALUES ('87', '43', '56');
INSERT INTO `friends` VALUES ('83', '100', '75');
INSERT INTO `friends` VALUES ('8', '54', '62');
INSERT INTO `friends` VALUES ('91', '2', '60');
INSERT INTO `friends` VALUES ('87', '21', '53');
INSERT INTO `friends` VALUES ('88', '32', '89');
INSERT INTO `friends` VALUES ('63', '70', '83');
INSERT INTO `friends` VALUES ('88', '30', '53');
INSERT INTO `friends` VALUES ('80', '54', '75');
INSERT INTO `friends` VALUES ('60', '7', '70');
INSERT INTO `friends` VALUES ('87', '20', '51');
INSERT INTO `friends` VALUES ('61', '100', '63');
INSERT INTO `friends` VALUES ('47', '94', '91');
INSERT INTO `friends` VALUES ('74', '52', '54');
INSERT INTO `friends` VALUES ('12', '64', '87');
INSERT INTO `friends` VALUES ('68', '9', '58');
INSERT INTO `friends` VALUES ('81', '58', '61');
INSERT INTO `friends` VALUES ('48', '15', '71');
INSERT INTO `friends` VALUES ('2', '72', '92');
INSERT INTO `friends` VALUES ('96', '81', '73');
INSERT INTO `friends` VALUES ('57', '98', '72');
INSERT INTO `friends` VALUES ('95', '58', '61');
INSERT INTO `friends` VALUES ('63', '16', '74');
INSERT INTO `friends` VALUES ('65', '96', '68');
INSERT INTO `friends` VALUES ('65', '69', '85');
INSERT INTO `friends` VALUES ('23', '29', '65');
INSERT INTO `friends` VALUES ('9', '51', '86');
INSERT INTO `friends` VALUES ('50', '7', '61');
INSERT INTO `friends` VALUES ('3', '11', '79');
INSERT INTO `friends` VALUES ('16', '75', '99');
INSERT INTO `friends` VALUES ('34', '27', '64');
INSERT INTO `friends` VALUES ('14', '32', '62');
INSERT INTO `friends` VALUES ('69', '82', '84');
INSERT INTO `friends` VALUES ('11', '40', '56');
INSERT INTO `friends` VALUES ('44', '69', '72');
INSERT INTO `friends` VALUES ('96', '58', '89');
INSERT INTO `friends` VALUES ('81', '94', '76');
INSERT INTO `friends` VALUES ('16', '60', '82');
INSERT INTO `friends` VALUES ('45', '59', '63');
INSERT INTO `friends` VALUES ('18', '99', '76');
INSERT INTO `friends` VALUES ('2', '10', '59');
INSERT INTO `friends` VALUES ('82', '24', '54');
INSERT INTO `friends` VALUES ('73', '83', '53');
INSERT INTO `friends` VALUES ('85', '52', '95');
INSERT INTO `friends` VALUES ('16', '71', '51');
INSERT INTO `friends` VALUES ('34', '89', '70');
INSERT INTO `friends` VALUES ('82', '13', '92');
INSERT INTO `friends` VALUES ('44', '80', '75');
INSERT INTO `friends` VALUES ('7', '20', '51');
INSERT INTO `friends` VALUES ('52', '42', '51');
INSERT INTO `friends` VALUES ('45', '84', '75');
INSERT INTO `friends` VALUES ('78', '79', '70');
INSERT INTO `friends` VALUES ('56', '80', '63');
INSERT INTO `friends` VALUES ('47', '10', '85');
INSERT INTO `friends` VALUES ('74', '82', '97');
INSERT INTO `friends` VALUES ('2', '25', '67');
INSERT INTO `friends` VALUES ('16', '90', '87');
INSERT INTO `friends` VALUES ('52', '67', '57');
INSERT INTO `friends` VALUES ('3', '66', '65');
INSERT INTO `friends` VALUES ('26', '37', '100');
INSERT INTO `friends` VALUES ('39', '30', '52');
INSERT INTO `friends` VALUES ('55', '85', '53');
INSERT INTO `friends` VALUES ('41', '88', '96');
INSERT INTO `friends` VALUES ('69', '79', '96');
INSERT INTO `friends` VALUES ('51', '35', '86');
INSERT INTO `friends` VALUES ('42', '98', '66');
INSERT INTO `friends` VALUES ('39', '84', '79');
INSERT INTO `friends` VALUES ('3', '71', '90');
INSERT INTO `friends` VALUES ('60', '17', '92');
INSERT INTO `friends` VALUES ('49', '82', '100');
INSERT INTO `friends` VALUES ('18', '68', '85');
INSERT INTO `friends` VALUES ('26', '80', '70');
INSERT INTO `friends` VALUES ('58', '66', '70');
INSERT INTO `friends` VALUES ('51', '87', '89');
INSERT INTO `friends` VALUES ('14', '42', '89');
INSERT INTO `friends` VALUES ('59', '64', '78');
INSERT INTO `friends` VALUES ('60', '34', '68');
INSERT INTO `friends` VALUES ('66', '15', '74');
INSERT INTO `friends` VALUES ('41', '70', '98');
INSERT INTO `friends` VALUES ('13', '54', '90');
INSERT INTO `friends` VALUES ('14', '71', '100');
INSERT INTO `friends` VALUES ('65', '41', '86');
INSERT INTO `friends` VALUES ('97', '77', '87');
INSERT INTO `friends` VALUES ('52', '4', '84');
INSERT INTO `friends` VALUES ('81', '1', '99');
INSERT INTO `friends` VALUES ('83', '1', '93');
INSERT INTO `friends` VALUES ('71', '69', '63');
INSERT INTO `friends` VALUES ('27', '71', '72');
INSERT INTO `friends` VALUES ('46', '28', '98');
INSERT INTO `friends` VALUES ('69', '34', '96');
INSERT INTO `friends` VALUES ('67', '33', '50');
INSERT INTO `friends` VALUES ('65', '49', '79');
INSERT INTO `friends` VALUES ('67', '62', '72');
INSERT INTO `friends` VALUES ('22', '34', '50');
INSERT INTO `friends` VALUES ('11', '5', '54');
INSERT INTO `friends` VALUES ('66', '44', '94');
INSERT INTO `friends` VALUES ('86', '53', '52');
INSERT INTO `friends` VALUES ('57', '9', '56');
INSERT INTO `friends` VALUES ('4', '90', '71');
INSERT INTO `friends` VALUES ('23', '81', '68');
INSERT INTO `friends` VALUES ('57', '70', '67');
INSERT INTO `friends` VALUES ('23', '77', '52');
INSERT INTO `friends` VALUES ('23', '26', '83');
INSERT INTO `friends` VALUES ('61', '49', '76');
INSERT INTO `friends` VALUES ('2', '48', '71');
INSERT INTO `friends` VALUES ('65', '49', '69');
INSERT INTO `friends` VALUES ('41', '85', '90');
INSERT INTO `friends` VALUES ('40', '85', '65');
INSERT INTO `friends` VALUES ('97', '21', '90');
INSERT INTO `friends` VALUES ('74', '86', '57');
INSERT INTO `friends` VALUES ('42', '59', '93');
INSERT INTO `friends` VALUES ('46', '35', '64');
INSERT INTO `friends` VALUES ('100', '94', '79');
INSERT INTO `friends` VALUES ('8', '27', '57');
INSERT INTO `friends` VALUES ('85', '40', '97');
INSERT INTO `friends` VALUES ('92', '78', '63');
INSERT INTO `friends` VALUES ('21', '2', '87');
INSERT INTO `friends` VALUES ('40', '86', '96');
INSERT INTO `friends` VALUES ('85', '7', '65');
INSERT INTO `friends` VALUES ('61', '60', '64');
INSERT INTO `friends` VALUES ('17', '76', '75');
INSERT INTO `friends` VALUES ('23', '63', '81');
INSERT INTO `friends` VALUES ('20', '70', '57');
INSERT INTO `friends` VALUES ('66', '96', '80');
INSERT INTO `friends` VALUES ('15', '5', '50');
INSERT INTO `friends` VALUES ('23', '64', '71');
INSERT INTO `friends` VALUES ('91', '52', '76');
INSERT INTO `friends` VALUES ('21', '7', '67');
INSERT INTO `friends` VALUES ('68', '30', '91');
INSERT INTO `friends` VALUES ('4', '100', '88');
INSERT INTO `friends` VALUES ('16', '21', '68');
INSERT INTO `friends` VALUES ('49', '22', '89');
INSERT INTO `friends` VALUES ('8', '40', '52');
INSERT INTO `friends` VALUES ('71', '1', '65');
INSERT INTO `friends` VALUES ('20', '52', '97');
INSERT INTO `friends` VALUES ('18', '30', '88');
INSERT INTO `friends` VALUES ('6', '46', '74');
INSERT INTO `friends` VALUES ('41', '37', '65');
INSERT INTO `friends` VALUES ('77', '30', '76');
INSERT INTO `friends` VALUES ('78', '87', '88');
INSERT INTO `friends` VALUES ('46', '20', '96');
INSERT INTO `friends` VALUES ('44', '73', '91');
INSERT INTO `friends` VALUES ('88', '48', '87');
INSERT INTO `friends` VALUES ('99', '81', '98');
INSERT INTO `friends` VALUES ('83', '91', '61');
INSERT INTO `friends` VALUES ('12', '45', '85');
INSERT INTO `friends` VALUES ('68', '66', '85');
INSERT INTO `friends` VALUES ('8', '45', '95');
INSERT INTO `friends` VALUES ('24', '100', '81');
INSERT INTO `friends` VALUES ('93', '4', '63');
INSERT INTO `friends` VALUES ('50', '86', '84');
INSERT INTO `friends` VALUES ('72', '13', '77');
INSERT INTO `friends` VALUES ('55', '66', '89');
INSERT INTO `friends` VALUES ('86', '12', '51');
INSERT INTO `friends` VALUES ('96', '50', '89');
INSERT INTO `friends` VALUES ('10', '38', '74');
INSERT INTO `friends` VALUES ('90', '35', '54');
INSERT INTO `friends` VALUES ('70', '75', '98');
INSERT INTO `friends` VALUES ('70', '53', '62');
INSERT INTO `friends` VALUES ('28', '89', '76');
INSERT INTO `friends` VALUES ('75', '46', '78');
INSERT INTO `friends` VALUES ('63', '97', '79');
INSERT INTO `friends` VALUES ('33', '29', '98');
INSERT INTO `friends` VALUES ('86', '30', '60');
INSERT INTO `friends` VALUES ('51', '76', '80');
INSERT INTO `friends` VALUES ('48', '65', '68');
INSERT INTO `friends` VALUES ('59', '62', '81');
INSERT INTO `friends` VALUES ('34', '61', '74');
INSERT INTO `friends` VALUES ('55', '42', '99');
INSERT INTO `friends` VALUES ('66', '74', '82');
INSERT INTO `friends` VALUES ('56', '7', '68');
INSERT INTO `friends` VALUES ('66', '81', '59');
INSERT INTO `friends` VALUES ('77', '72', '76');
INSERT INTO `friends` VALUES ('63', '19', '87');
INSERT INTO `friends` VALUES ('78', '80', '74');
INSERT INTO `friends` VALUES ('14', '47', '100');
INSERT INTO `friends` VALUES ('58', '8', '88');
INSERT INTO `friends` VALUES ('60', '92', '94');
INSERT INTO `friends` VALUES ('8', '63', '60');
INSERT INTO `friends` VALUES ('65', '2', '96');
INSERT INTO `friends` VALUES ('49', '93', '56');
INSERT INTO `friends` VALUES ('50', '29', '91');
INSERT INTO `friends` VALUES ('21', '23', '88');
INSERT INTO `friends` VALUES ('32', '56', '86');
INSERT INTO `friends` VALUES ('33', '82', '100');
INSERT INTO `friends` VALUES ('56', '61', '60');
INSERT INTO `friends` VALUES ('81', '91', '60');
INSERT INTO `friends` VALUES ('6', '89', '94');
INSERT INTO `friends` VALUES ('61', '55', '77');
INSERT INTO `friends` VALUES ('32', '55', '100');
INSERT INTO `friends` VALUES ('54', '36', '97');
INSERT INTO `friends` VALUES ('54', '78', '77');
INSERT INTO `friends` VALUES ('64', '96', '64');
INSERT INTO `friends` VALUES ('48', '84', '70');
INSERT INTO `friends` VALUES ('80', '75', '74');
INSERT INTO `friends` VALUES ('34', '3', '84');
INSERT INTO `friends` VALUES ('8', '10', '99');
INSERT INTO `friends` VALUES ('83', '65', '66');
INSERT INTO `friends` VALUES ('55', '9', '59');
INSERT INTO `friends` VALUES ('65', '21', '81');
INSERT INTO `friends` VALUES ('92', '74', '59');
INSERT INTO `friends` VALUES ('49', '89', '50');
INSERT INTO `friends` VALUES ('53', '44', '58');
INSERT INTO `friends` VALUES ('61', '9', '54');
INSERT INTO `friends` VALUES ('46', '68', '63');
INSERT INTO `friends` VALUES ('40', '68', '79');
INSERT INTO `friends` VALUES ('48', '95', '92');
INSERT INTO `friends` VALUES ('15', '45', '57');
INSERT INTO `friends` VALUES ('24', '53', '57');
INSERT INTO `friends` VALUES ('37', '3', '51');
INSERT INTO `friends` VALUES ('18', '67', '84');
INSERT INTO `friends` VALUES ('64', '17', '79');
INSERT INTO `friends` VALUES ('83', '78', '51');
INSERT INTO `friends` VALUES ('51', '19', '51');
INSERT INTO `friends` VALUES ('100', '67', '57');
INSERT INTO `friends` VALUES ('96', '80', '81');
INSERT INTO `friends` VALUES ('13', '42', '100');
INSERT INTO `friends` VALUES ('22', '85', '61');
INSERT INTO `friends` VALUES ('50', '42', '72');
INSERT INTO `friends` VALUES ('78', '58', '80');
INSERT INTO `friends` VALUES ('40', '90', '56');
INSERT INTO `friends` VALUES ('53', '32', '65');
INSERT INTO `friends` VALUES ('57', '51', '63');
INSERT INTO `friends` VALUES ('92', '9', '73');
INSERT INTO `friends` VALUES ('43', '40', '70');
INSERT INTO `friends` VALUES ('55', '81', '60');
INSERT INTO `friends` VALUES ('96', '77', '86');
INSERT INTO `friends` VALUES ('22', '3', '88');
INSERT INTO `friends` VALUES ('25', '45', '87');
INSERT INTO `friends` VALUES ('12', '33', '50');
INSERT INTO `friends` VALUES ('95', '49', '91');
INSERT INTO `friends` VALUES ('54', '75', '62');
INSERT INTO `friends` VALUES ('98', '8', '90');
INSERT INTO `friends` VALUES ('85', '9', '93');
INSERT INTO `friends` VALUES ('85', '9', '93');
INSERT INTO `friends` VALUES ('93', '49', '96');
INSERT INTO `friends` VALUES ('34', '41', '74');
INSERT INTO `friends` VALUES ('17', '76', '67');
INSERT INTO `friends` VALUES ('14', '78', '91');
INSERT INTO `friends` VALUES ('6', '44', '93');
INSERT INTO `friends` VALUES ('1', '28', '50');
INSERT INTO `friends` VALUES ('1', '35', '50');
INSERT INTO `friends` VALUES ('1', '32', '50');
INSERT INTO `friends` VALUES ('1', '64', '50');

-- ----------------------------
-- Table structure for hot_books
-- ----------------------------
DROP TABLE IF EXISTS `hot_books`;
CREATE TABLE `hot_books` (
  `rec_day` date NOT NULL,
  `book_id` int(11) NOT NULL,
  `hot_degree` double NOT NULL,
  KEY `book_id` (`book_id`),
  CONSTRAINT `hot_books_ibfk_1` FOREIGN KEY (`book_id`) REFERENCES `books_info` (`book_id`)
) ENGINE=InnoDB DEFAULT CHARSET=utf8;

-- ----------------------------
-- Records of hot_books
-- ----------------------------
INSERT INTO `hot_books` VALUES ('2017-05-15', '4', '92');
INSERT INTO `hot_books` VALUES ('2017-05-15', '6', '90');
INSERT INTO `hot_books` VALUES ('2017-05-15', '10', '93');
INSERT INTO `hot_books` VALUES ('2017-05-15', '12', '98');
INSERT INTO `hot_books` VALUES ('2017-05-15', '16', '94');
INSERT INTO `hot_books` VALUES ('2017-05-15', '18', '95');
INSERT INTO `hot_books` VALUES ('2017-05-15', '22', '96');
INSERT INTO `hot_books` VALUES ('2017-05-15', '24', '99');
INSERT INTO `hot_books` VALUES ('2017-05-15', '28', '91');
INSERT INTO `hot_books` VALUES ('2017-05-15', '30', '97');
INSERT INTO `hot_books` VALUES ('2017-05-16', '2', '96');
INSERT INTO `hot_books` VALUES ('2017-05-16', '5', '94');
INSERT INTO `hot_books` VALUES ('2017-05-16', '8', '93');
INSERT INTO `hot_books` VALUES ('2017-05-16', '11', '93');
INSERT INTO `hot_books` VALUES ('2017-05-16', '14', '97');
INSERT INTO `hot_books` VALUES ('2017-05-16', '18', '96');
INSERT INTO `hot_books` VALUES ('2017-05-16', '20', '91');
INSERT INTO `hot_books` VALUES ('2017-05-16', '23', '90');
INSERT INTO `hot_books` VALUES ('2017-05-16', '26', '95');
INSERT INTO `hot_books` VALUES ('2017-05-16', '29', '93');
INSERT INTO `hot_books` VALUES ('2017-05-17', '1', '97');
INSERT INTO `hot_books` VALUES ('2017-05-17', '3', '96');
INSERT INTO `hot_books` VALUES ('2017-05-17', '7', '98');
INSERT INTO `hot_books` VALUES ('2017-05-17', '9', '95');
INSERT INTO `hot_books` VALUES ('2017-05-17', '13', '93');
INSERT INTO `hot_books` VALUES ('2017-05-17', '15', '99');
INSERT INTO `hot_books` VALUES ('2017-05-17', '19', '96');
INSERT INTO `hot_books` VALUES ('2017-05-17', '21', '94');
INSERT INTO `hot_books` VALUES ('2017-05-17', '25', '98');
INSERT INTO `hot_books` VALUES ('2017-05-17', '27', '91');
INSERT INTO `hot_books` VALUES ('2017-05-18', '31', '91');
INSERT INTO `hot_books` VALUES ('2017-05-18', '32', '94');
INSERT INTO `hot_books` VALUES ('2017-05-18', '33', '96');
INSERT INTO `hot_books` VALUES ('2017-05-18', '34', '89');
INSERT INTO `hot_books` VALUES ('2017-05-18', '35', '92');
INSERT INTO `hot_books` VALUES ('2017-05-18', '36', '98');
INSERT INTO `hot_books` VALUES ('2017-05-18', '37', '96');
INSERT INTO `hot_books` VALUES ('2017-05-18', '38', '99');
INSERT INTO `hot_books` VALUES ('2017-05-18', '39', '95');
INSERT INTO `hot_books` VALUES ('2017-05-18', '40', '97');
INSERT INTO `hot_books` VALUES ('2017-05-18', '41', '96');
INSERT INTO `hot_books` VALUES ('2017-05-18', '42', '95');
INSERT INTO `hot_books` VALUES ('2017-05-18', '43', '92');
INSERT INTO `hot_books` VALUES ('2017-05-18', '44', '91');
INSERT INTO `hot_books` VALUES ('2017-05-18', '45', '90');
INSERT INTO `hot_books` VALUES ('2017-05-18', '46', '97');
INSERT INTO `hot_books` VALUES ('2017-05-18', '47', '94');
INSERT INTO `hot_books` VALUES ('2017-05-18', '48', '90');
INSERT INTO `hot_books` VALUES ('2017-05-18', '49', '98');
INSERT INTO `hot_books` VALUES ('2017-05-18', '50', '93');

-- ----------------------------
-- Table structure for hot_writers
-- ----------------------------
DROP TABLE IF EXISTS `hot_writers`;
CREATE TABLE `hot_writers` (
  `rec_day` date NOT NULL,
  `writer_id` int(11) NOT NULL,
  `hot_book_id` int(11) NOT NULL,
  `hot_degree` double NOT NULL,
  KEY `writer_id` (`writer_id`),
  KEY `hot_book_id` (`hot_book_id`),
  CONSTRAINT `hot_writers_ibfk_1` FOREIGN KEY (`writer_id`) REFERENCES `writers_info` (`writer_id`),
  CONSTRAINT `hot_writers_ibfk_2` FOREIGN KEY (`hot_book_id`) REFERENCES `books_info` (`book_id`)
) ENGINE=InnoDB DEFAULT CHARSET=utf8;

-- ----------------------------
-- Records of hot_writers
-- ----------------------------
INSERT INTO `hot_writers` VALUES ('2017-05-15', '1', '1', '97');
INSERT INTO `hot_writers` VALUES ('2017-05-15', '2', '2', '96');
INSERT INTO `hot_writers` VALUES ('2017-05-15', '3', '3', '96');
INSERT INTO `hot_writers` VALUES ('2017-05-15', '4', '4', '92');
INSERT INTO `hot_writers` VALUES ('2017-05-15', '5', '5', '94');
INSERT INTO `hot_writers` VALUES ('2017-05-15', '6', '6', '90');
INSERT INTO `hot_writers` VALUES ('2017-05-15', '7', '38', '99');
INSERT INTO `hot_writers` VALUES ('2017-05-15', '8', '8', '93');
INSERT INTO `hot_writers` VALUES ('2017-05-15', '9', '9', '95');
INSERT INTO `hot_writers` VALUES ('2017-05-15', '10', '11', '93');
INSERT INTO `hot_writers` VALUES ('2017-05-16', '11', '12', '98');
INSERT INTO `hot_writers` VALUES ('2017-05-16', '12', '41', '96');
INSERT INTO `hot_writers` VALUES ('2017-05-16', '13', '14', '97');
INSERT INTO `hot_writers` VALUES ('2017-05-16', '14', '15', '99');
INSERT INTO `hot_writers` VALUES ('2017-05-16', '15', '16', '94');
INSERT INTO `hot_writers` VALUES ('2017-05-16', '16', '18', '96');
INSERT INTO `hot_writers` VALUES ('2017-05-16', '17', '19', '96');
INSERT INTO `hot_writers` VALUES ('2017-05-16', '18', '20', '91');
INSERT INTO `hot_writers` VALUES ('2017-05-16', '19', '21', '94');
INSERT INTO `hot_writers` VALUES ('2017-05-16', '20', '22', '96');
INSERT INTO `hot_writers` VALUES ('2017-05-17', '21', '23', '90');
INSERT INTO `hot_writers` VALUES ('2017-05-17', '22', '24', '99');
INSERT INTO `hot_writers` VALUES ('2017-05-17', '23', '25', '98');
INSERT INTO `hot_writers` VALUES ('2017-05-17', '24', '26', '95');
INSERT INTO `hot_writers` VALUES ('2017-05-17', '25', '27', '91');
INSERT INTO `hot_writers` VALUES ('2017-05-17', '26', '28', '91');
INSERT INTO `hot_writers` VALUES ('2017-05-17', '27', '29', '93');
INSERT INTO `hot_writers` VALUES ('2017-05-17', '28', '30', '97');
INSERT INTO `hot_writers` VALUES ('2017-05-17', '29', '31', '91');
INSERT INTO `hot_writers` VALUES ('2017-05-17', '30', '32', '94');
INSERT INTO `hot_writers` VALUES ('2017-05-18', '31', '33', '96');
INSERT INTO `hot_writers` VALUES ('2017-05-18', '32', '34', '89');
INSERT INTO `hot_writers` VALUES ('2017-05-18', '33', '35', '92');
INSERT INTO `hot_writers` VALUES ('2017-05-18', '34', '36', '98');
INSERT INTO `hot_writers` VALUES ('2017-05-18', '35', '37', '96');
INSERT INTO `hot_writers` VALUES ('2017-05-18', '36', '39', '95');
INSERT INTO `hot_writers` VALUES ('2017-05-18', '37', '40', '97');
INSERT INTO `hot_writers` VALUES ('2017-05-18', '38', '42', '95');
INSERT INTO `hot_writers` VALUES ('2017-05-18', '39', '45', '90');
INSERT INTO `hot_writers` VALUES ('2017-05-18', '40', '47', '94');
INSERT INTO `hot_writers` VALUES ('2017-05-18', '41', '49', '98');
INSERT INTO `hot_writers` VALUES ('2017-05-18', '42', '50', '93');

-- ----------------------------
-- Table structure for recommendation_books
-- ----------------------------
DROP TABLE IF EXISTS `recommendation_books`;
CREATE TABLE `recommendation_books` (
  `rec_day` date NOT NULL,
  `id` int(11) NOT NULL,
  `book_id` int(11) NOT NULL,
  `rec_degree` double NOT NULL,
  KEY `id` (`id`),
  KEY `book_id` (`book_id`),
  CONSTRAINT `recommendation_books_ibfk_1` FOREIGN KEY (`id`) REFERENCES `user_info` (`id`),
  CONSTRAINT `recommendation_books_ibfk_2` FOREIGN KEY (`book_id`) REFERENCES `books_info` (`book_id`)
) ENGINE=InnoDB DEFAULT CHARSET=utf8;

-- ----------------------------
-- Records of recommendation_books
-- ----------------------------
INSERT INTO `recommendation_books` VALUES ('2017-05-16', '1', '6', '94');
INSERT INTO `recommendation_books` VALUES ('2017-05-16', '1', '45', '99');
INSERT INTO `recommendation_books` VALUES ('2017-05-16', '1', '27', '86');
INSERT INTO `recommendation_books` VALUES ('2017-05-16', '1', '22', '97');
INSERT INTO `recommendation_books` VALUES ('2017-05-16', '2', '45', '84');
INSERT INTO `recommendation_books` VALUES ('2017-05-16', '2', '38', '100');
INSERT INTO `recommendation_books` VALUES ('2017-05-16', '2', '20', '94');
INSERT INTO `recommendation_books` VALUES ('2017-05-16', '2', '45', '97');
INSERT INTO `recommendation_books` VALUES ('2017-05-16', '3', '50', '100');
INSERT INTO `recommendation_books` VALUES ('2017-05-16', '3', '43', '89');
INSERT INTO `recommendation_books` VALUES ('2017-05-16', '3', '14', '86');
INSERT INTO `recommendation_books` VALUES ('2017-05-16', '3', '34', '82');
INSERT INTO `recommendation_books` VALUES ('2017-05-16', '4', '14', '89');
INSERT INTO `recommendation_books` VALUES ('2017-05-16', '4', '46', '93');
INSERT INTO `recommendation_books` VALUES ('2017-05-16', '4', '19', '98');
INSERT INTO `recommendation_books` VALUES ('2017-05-16', '4', '5', '93');
INSERT INTO `recommendation_books` VALUES ('2017-05-16', '5', '1', '93');
INSERT INTO `recommendation_books` VALUES ('2017-05-16', '5', '45', '81');
INSERT INTO `recommendation_books` VALUES ('2017-05-16', '5', '1', '99');
INSERT INTO `recommendation_books` VALUES ('2017-05-16', '5', '20', '93');
INSERT INTO `recommendation_books` VALUES ('2017-05-16', '6', '32', '96');
INSERT INTO `recommendation_books` VALUES ('2017-05-16', '6', '50', '86');
INSERT INTO `recommendation_books` VALUES ('2017-05-16', '6', '21', '89');
INSERT INTO `recommendation_books` VALUES ('2017-05-16', '6', '14', '97');
INSERT INTO `recommendation_books` VALUES ('2017-05-16', '7', '33', '80');
INSERT INTO `recommendation_books` VALUES ('2017-05-16', '7', '8', '81');
INSERT INTO `recommendation_books` VALUES ('2017-05-16', '7', '4', '86');
INSERT INTO `recommendation_books` VALUES ('2017-05-16', '7', '22', '82');
INSERT INTO `recommendation_books` VALUES ('2017-05-16', '8', '16', '95');
INSERT INTO `recommendation_books` VALUES ('2017-05-16', '8', '46', '97');
INSERT INTO `recommendation_books` VALUES ('2017-05-16', '8', '49', '82');
INSERT INTO `recommendation_books` VALUES ('2017-05-16', '8', '29', '96');
INSERT INTO `recommendation_books` VALUES ('2017-05-16', '9', '38', '83');
INSERT INTO `recommendation_books` VALUES ('2017-05-16', '9', '25', '97');
INSERT INTO `recommendation_books` VALUES ('2017-05-16', '9', '40', '90');
INSERT INTO `recommendation_books` VALUES ('2017-05-16', '9', '43', '85');
INSERT INTO `recommendation_books` VALUES ('2017-05-16', '10', '12', '81');
INSERT INTO `recommendation_books` VALUES ('2017-05-16', '10', '29', '99');
INSERT INTO `recommendation_books` VALUES ('2017-05-16', '10', '47', '90');
INSERT INTO `recommendation_books` VALUES ('2017-05-16', '10', '47', '89');
INSERT INTO `recommendation_books` VALUES ('2017-05-16', '11', '28', '97');
INSERT INTO `recommendation_books` VALUES ('2017-05-16', '11', '30', '91');
INSERT INTO `recommendation_books` VALUES ('2017-05-16', '11', '17', '95');
INSERT INTO `recommendation_books` VALUES ('2017-05-16', '11', '4', '91');
INSERT INTO `recommendation_books` VALUES ('2017-05-16', '12', '33', '96');
INSERT INTO `recommendation_books` VALUES ('2017-05-16', '12', '24', '80');
INSERT INTO `recommendation_books` VALUES ('2017-05-16', '12', '50', '89');
INSERT INTO `recommendation_books` VALUES ('2017-05-16', '12', '42', '99');
INSERT INTO `recommendation_books` VALUES ('2017-05-16', '13', '36', '81');
INSERT INTO `recommendation_books` VALUES ('2017-05-16', '13', '9', '82');
INSERT INTO `recommendation_books` VALUES ('2017-05-16', '13', '7', '99');
INSERT INTO `recommendation_books` VALUES ('2017-05-16', '13', '10', '80');
INSERT INTO `recommendation_books` VALUES ('2017-05-16', '14', '42', '81');
INSERT INTO `recommendation_books` VALUES ('2017-05-16', '14', '28', '94');
INSERT INTO `recommendation_books` VALUES ('2017-05-16', '14', '32', '83');
INSERT INTO `recommendation_books` VALUES ('2017-05-16', '14', '50', '88');
INSERT INTO `recommendation_books` VALUES ('2017-05-16', '15', '14', '91');
INSERT INTO `recommendation_books` VALUES ('2017-05-16', '15', '46', '81');
INSERT INTO `recommendation_books` VALUES ('2017-05-16', '15', '3', '96');
INSERT INTO `recommendation_books` VALUES ('2017-05-16', '15', '30', '98');
INSERT INTO `recommendation_books` VALUES ('2017-05-16', '16', '37', '85');
INSERT INTO `recommendation_books` VALUES ('2017-05-16', '16', '34', '99');
INSERT INTO `recommendation_books` VALUES ('2017-05-16', '16', '10', '96');
INSERT INTO `recommendation_books` VALUES ('2017-05-16', '16', '14', '83');
INSERT INTO `recommendation_books` VALUES ('2017-05-16', '17', '47', '94');
INSERT INTO `recommendation_books` VALUES ('2017-05-16', '17', '37', '94');
INSERT INTO `recommendation_books` VALUES ('2017-05-16', '17', '45', '90');
INSERT INTO `recommendation_books` VALUES ('2017-05-16', '17', '3', '86');
INSERT INTO `recommendation_books` VALUES ('2017-05-16', '18', '36', '92');
INSERT INTO `recommendation_books` VALUES ('2017-05-16', '18', '13', '89');
INSERT INTO `recommendation_books` VALUES ('2017-05-16', '18', '20', '86');
INSERT INTO `recommendation_books` VALUES ('2017-05-16', '18', '13', '91');
INSERT INTO `recommendation_books` VALUES ('2017-05-16', '19', '12', '84');
INSERT INTO `recommendation_books` VALUES ('2017-05-16', '19', '48', '83');
INSERT INTO `recommendation_books` VALUES ('2017-05-16', '19', '25', '99');
INSERT INTO `recommendation_books` VALUES ('2017-05-16', '19', '34', '100');
INSERT INTO `recommendation_books` VALUES ('2017-05-16', '20', '6', '86');
INSERT INTO `recommendation_books` VALUES ('2017-05-16', '20', '24', '85');
INSERT INTO `recommendation_books` VALUES ('2017-05-16', '20', '31', '96');
INSERT INTO `recommendation_books` VALUES ('2017-05-16', '20', '43', '81');
INSERT INTO `recommendation_books` VALUES ('2017-05-16', '21', '40', '82');
INSERT INTO `recommendation_books` VALUES ('2017-05-16', '21', '4', '81');
INSERT INTO `recommendation_books` VALUES ('2017-05-16', '21', '9', '86');
INSERT INTO `recommendation_books` VALUES ('2017-05-16', '21', '32', '80');
INSERT INTO `recommendation_books` VALUES ('2017-05-16', '22', '26', '98');
INSERT INTO `recommendation_books` VALUES ('2017-05-16', '22', '33', '89');
INSERT INTO `recommendation_books` VALUES ('2017-05-16', '22', '15', '89');
INSERT INTO `recommendation_books` VALUES ('2017-05-16', '22', '28', '98');
INSERT INTO `recommendation_books` VALUES ('2017-05-16', '23', '32', '97');
INSERT INTO `recommendation_books` VALUES ('2017-05-16', '23', '46', '82');
INSERT INTO `recommendation_books` VALUES ('2017-05-16', '23', '29', '92');
INSERT INTO `recommendation_books` VALUES ('2017-05-16', '23', '50', '81');
INSERT INTO `recommendation_books` VALUES ('2017-05-16', '24', '49', '92');
INSERT INTO `recommendation_books` VALUES ('2017-05-16', '24', '5', '91');
INSERT INTO `recommendation_books` VALUES ('2017-05-16', '24', '18', '84');
INSERT INTO `recommendation_books` VALUES ('2017-05-16', '24', '27', '93');
INSERT INTO `recommendation_books` VALUES ('2017-05-16', '25', '26', '91');
INSERT INTO `recommendation_books` VALUES ('2017-05-16', '25', '21', '80');
INSERT INTO `recommendation_books` VALUES ('2017-05-16', '25', '34', '98');
INSERT INTO `recommendation_books` VALUES ('2017-05-16', '25', '50', '93');
INSERT INTO `recommendation_books` VALUES ('2017-05-16', '26', '1', '94');
INSERT INTO `recommendation_books` VALUES ('2017-05-16', '26', '24', '87');
INSERT INTO `recommendation_books` VALUES ('2017-05-16', '26', '8', '83');
INSERT INTO `recommendation_books` VALUES ('2017-05-16', '26', '29', '84');
INSERT INTO `recommendation_books` VALUES ('2017-05-16', '27', '36', '83');
INSERT INTO `recommendation_books` VALUES ('2017-05-16', '27', '41', '99');
INSERT INTO `recommendation_books` VALUES ('2017-05-16', '27', '29', '85');
INSERT INTO `recommendation_books` VALUES ('2017-05-16', '27', '32', '87');
INSERT INTO `recommendation_books` VALUES ('2017-05-16', '28', '23', '92');
INSERT INTO `recommendation_books` VALUES ('2017-05-16', '28', '16', '100');
INSERT INTO `recommendation_books` VALUES ('2017-05-16', '28', '20', '90');
INSERT INTO `recommendation_books` VALUES ('2017-05-16', '28', '34', '100');
INSERT INTO `recommendation_books` VALUES ('2017-05-16', '29', '43', '81');
INSERT INTO `recommendation_books` VALUES ('2017-05-16', '29', '23', '84');
INSERT INTO `recommendation_books` VALUES ('2017-05-16', '29', '37', '93');
INSERT INTO `recommendation_books` VALUES ('2017-05-16', '29', '10', '94');
INSERT INTO `recommendation_books` VALUES ('2017-05-16', '30', '8', '93');
INSERT INTO `recommendation_books` VALUES ('2017-05-16', '30', '47', '94');
INSERT INTO `recommendation_books` VALUES ('2017-05-16', '30', '26', '98');
INSERT INTO `recommendation_books` VALUES ('2017-05-16', '30', '16', '85');
INSERT INTO `recommendation_books` VALUES ('2017-05-16', '31', '1', '97');
INSERT INTO `recommendation_books` VALUES ('2017-05-16', '31', '33', '83');
INSERT INTO `recommendation_books` VALUES ('2017-05-16', '31', '3', '97');
INSERT INTO `recommendation_books` VALUES ('2017-05-16', '31', '2', '85');
INSERT INTO `recommendation_books` VALUES ('2017-05-16', '32', '42', '86');
INSERT INTO `recommendation_books` VALUES ('2017-05-16', '32', '4', '84');
INSERT INTO `recommendation_books` VALUES ('2017-05-16', '32', '45', '80');
INSERT INTO `recommendation_books` VALUES ('2017-05-16', '32', '36', '85');
INSERT INTO `recommendation_books` VALUES ('2017-05-16', '33', '29', '85');
INSERT INTO `recommendation_books` VALUES ('2017-05-16', '33', '25', '95');
INSERT INTO `recommendation_books` VALUES ('2017-05-16', '33', '32', '80');
INSERT INTO `recommendation_books` VALUES ('2017-05-16', '33', '24', '82');
INSERT INTO `recommendation_books` VALUES ('2017-05-16', '34', '18', '98');
INSERT INTO `recommendation_books` VALUES ('2017-05-16', '34', '22', '94');
INSERT INTO `recommendation_books` VALUES ('2017-05-16', '34', '41', '100');
INSERT INTO `recommendation_books` VALUES ('2017-05-16', '34', '43', '96');
INSERT INTO `recommendation_books` VALUES ('2017-05-16', '35', '44', '80');
INSERT INTO `recommendation_books` VALUES ('2017-05-16', '35', '5', '81');
INSERT INTO `recommendation_books` VALUES ('2017-05-16', '35', '14', '94');
INSERT INTO `recommendation_books` VALUES ('2017-05-16', '35', '29', '96');
INSERT INTO `recommendation_books` VALUES ('2017-05-16', '36', '16', '92');
INSERT INTO `recommendation_books` VALUES ('2017-05-16', '36', '8', '85');
INSERT INTO `recommendation_books` VALUES ('2017-05-16', '36', '41', '95');
INSERT INTO `recommendation_books` VALUES ('2017-05-16', '36', '17', '92');
INSERT INTO `recommendation_books` VALUES ('2017-05-16', '37', '41', '97');
INSERT INTO `recommendation_books` VALUES ('2017-05-16', '37', '10', '91');
INSERT INTO `recommendation_books` VALUES ('2017-05-16', '37', '31', '92');
INSERT INTO `recommendation_books` VALUES ('2017-05-16', '37', '47', '95');
INSERT INTO `recommendation_books` VALUES ('2017-05-16', '38', '25', '89');
INSERT INTO `recommendation_books` VALUES ('2017-05-16', '38', '8', '93');
INSERT INTO `recommendation_books` VALUES ('2017-05-16', '38', '15', '94');
INSERT INTO `recommendation_books` VALUES ('2017-05-16', '38', '10', '94');
INSERT INTO `recommendation_books` VALUES ('2017-05-16', '39', '10', '80');
INSERT INTO `recommendation_books` VALUES ('2017-05-16', '39', '6', '80');
INSERT INTO `recommendation_books` VALUES ('2017-05-16', '39', '15', '84');
INSERT INTO `recommendation_books` VALUES ('2017-05-16', '39', '28', '93');
INSERT INTO `recommendation_books` VALUES ('2017-05-16', '40', '13', '93');
INSERT INTO `recommendation_books` VALUES ('2017-05-16', '40', '24', '94');
INSERT INTO `recommendation_books` VALUES ('2017-05-16', '40', '6', '80');
INSERT INTO `recommendation_books` VALUES ('2017-05-16', '40', '27', '81');
INSERT INTO `recommendation_books` VALUES ('2017-05-16', '41', '30', '94');
INSERT INTO `recommendation_books` VALUES ('2017-05-16', '41', '21', '97');
INSERT INTO `recommendation_books` VALUES ('2017-05-16', '41', '3', '84');
INSERT INTO `recommendation_books` VALUES ('2017-05-16', '41', '46', '84');
INSERT INTO `recommendation_books` VALUES ('2017-05-16', '42', '17', '80');
INSERT INTO `recommendation_books` VALUES ('2017-05-16', '42', '10', '85');
INSERT INTO `recommendation_books` VALUES ('2017-05-16', '42', '27', '87');
INSERT INTO `recommendation_books` VALUES ('2017-05-16', '42', '45', '93');
INSERT INTO `recommendation_books` VALUES ('2017-05-16', '43', '17', '89');
INSERT INTO `recommendation_books` VALUES ('2017-05-16', '43', '23', '94');
INSERT INTO `recommendation_books` VALUES ('2017-05-16', '43', '10', '91');
INSERT INTO `recommendation_books` VALUES ('2017-05-16', '43', '35', '82');
INSERT INTO `recommendation_books` VALUES ('2017-05-16', '44', '7', '99');
INSERT INTO `recommendation_books` VALUES ('2017-05-16', '44', '1', '93');
INSERT INTO `recommendation_books` VALUES ('2017-05-16', '44', '1', '81');
INSERT INTO `recommendation_books` VALUES ('2017-05-16', '44', '20', '85');
INSERT INTO `recommendation_books` VALUES ('2017-05-16', '45', '48', '98');
INSERT INTO `recommendation_books` VALUES ('2017-05-16', '45', '36', '93');
INSERT INTO `recommendation_books` VALUES ('2017-05-16', '45', '35', '81');
INSERT INTO `recommendation_books` VALUES ('2017-05-16', '45', '15', '88');
INSERT INTO `recommendation_books` VALUES ('2017-05-16', '46', '43', '80');
INSERT INTO `recommendation_books` VALUES ('2017-05-16', '46', '33', '97');
INSERT INTO `recommendation_books` VALUES ('2017-05-16', '46', '40', '91');
INSERT INTO `recommendation_books` VALUES ('2017-05-16', '46', '40', '90');
INSERT INTO `recommendation_books` VALUES ('2017-05-16', '47', '17', '90');
INSERT INTO `recommendation_books` VALUES ('2017-05-16', '47', '40', '92');
INSERT INTO `recommendation_books` VALUES ('2017-05-16', '47', '26', '99');
INSERT INTO `recommendation_books` VALUES ('2017-05-16', '47', '1', '89');
INSERT INTO `recommendation_books` VALUES ('2017-05-16', '48', '32', '90');
INSERT INTO `recommendation_books` VALUES ('2017-05-16', '48', '25', '85');
INSERT INTO `recommendation_books` VALUES ('2017-05-16', '48', '43', '93');
INSERT INTO `recommendation_books` VALUES ('2017-05-16', '48', '2', '97');
INSERT INTO `recommendation_books` VALUES ('2017-05-16', '49', '24', '91');
INSERT INTO `recommendation_books` VALUES ('2017-05-16', '49', '33', '85');
INSERT INTO `recommendation_books` VALUES ('2017-05-16', '49', '37', '98');
INSERT INTO `recommendation_books` VALUES ('2017-05-16', '49', '31', '91');
INSERT INTO `recommendation_books` VALUES ('2017-05-16', '50', '18', '84');
INSERT INTO `recommendation_books` VALUES ('2017-05-16', '50', '39', '80');
INSERT INTO `recommendation_books` VALUES ('2017-05-16', '50', '28', '93');
INSERT INTO `recommendation_books` VALUES ('2017-05-16', '50', '5', '93');
INSERT INTO `recommendation_books` VALUES ('2017-05-16', '51', '47', '89');
INSERT INTO `recommendation_books` VALUES ('2017-05-16', '51', '21', '91');
INSERT INTO `recommendation_books` VALUES ('2017-05-16', '51', '47', '100');
INSERT INTO `recommendation_books` VALUES ('2017-05-16', '51', '36', '85');
INSERT INTO `recommendation_books` VALUES ('2017-05-16', '52', '19', '99');
INSERT INTO `recommendation_books` VALUES ('2017-05-16', '52', '5', '99');
INSERT INTO `recommendation_books` VALUES ('2017-05-16', '52', '16', '80');
INSERT INTO `recommendation_books` VALUES ('2017-05-16', '52', '25', '91');
INSERT INTO `recommendation_books` VALUES ('2017-05-16', '53', '6', '80');
INSERT INTO `recommendation_books` VALUES ('2017-05-16', '53', '21', '87');
INSERT INTO `recommendation_books` VALUES ('2017-05-16', '53', '5', '90');
INSERT INTO `recommendation_books` VALUES ('2017-05-16', '53', '20', '82');
INSERT INTO `recommendation_books` VALUES ('2017-05-16', '54', '17', '97');
INSERT INTO `recommendation_books` VALUES ('2017-05-16', '54', '16', '82');
INSERT INTO `recommendation_books` VALUES ('2017-05-16', '54', '13', '86');
INSERT INTO `recommendation_books` VALUES ('2017-05-16', '54', '1', '87');
INSERT INTO `recommendation_books` VALUES ('2017-05-16', '55', '22', '93');
INSERT INTO `recommendation_books` VALUES ('2017-05-16', '55', '9', '99');
INSERT INTO `recommendation_books` VALUES ('2017-05-16', '55', '19', '99');
INSERT INTO `recommendation_books` VALUES ('2017-05-16', '55', '23', '81');
INSERT INTO `recommendation_books` VALUES ('2017-05-16', '56', '15', '89');
INSERT INTO `recommendation_books` VALUES ('2017-05-16', '56', '10', '93');
INSERT INTO `recommendation_books` VALUES ('2017-05-16', '56', '50', '84');
INSERT INTO `recommendation_books` VALUES ('2017-05-16', '56', '24', '87');
INSERT INTO `recommendation_books` VALUES ('2017-05-16', '57', '40', '94');
INSERT INTO `recommendation_books` VALUES ('2017-05-16', '57', '24', '90');
INSERT INTO `recommendation_books` VALUES ('2017-05-16', '57', '24', '94');
INSERT INTO `recommendation_books` VALUES ('2017-05-16', '57', '43', '99');
INSERT INTO `recommendation_books` VALUES ('2017-05-16', '58', '32', '89');
INSERT INTO `recommendation_books` VALUES ('2017-05-16', '58', '9', '82');
INSERT INTO `recommendation_books` VALUES ('2017-05-16', '58', '3', '98');
INSERT INTO `recommendation_books` VALUES ('2017-05-16', '58', '36', '82');
INSERT INTO `recommendation_books` VALUES ('2017-05-16', '59', '2', '85');
INSERT INTO `recommendation_books` VALUES ('2017-05-16', '59', '37', '100');
INSERT INTO `recommendation_books` VALUES ('2017-05-16', '59', '11', '89');
INSERT INTO `recommendation_books` VALUES ('2017-05-16', '59', '26', '95');
INSERT INTO `recommendation_books` VALUES ('2017-05-16', '60', '8', '98');
INSERT INTO `recommendation_books` VALUES ('2017-05-16', '60', '33', '94');
INSERT INTO `recommendation_books` VALUES ('2017-05-16', '60', '15', '98');
INSERT INTO `recommendation_books` VALUES ('2017-05-16', '60', '41', '93');
INSERT INTO `recommendation_books` VALUES ('2017-05-16', '61', '10', '89');
INSERT INTO `recommendation_books` VALUES ('2017-05-16', '61', '45', '92');
INSERT INTO `recommendation_books` VALUES ('2017-05-16', '61', '30', '90');
INSERT INTO `recommendation_books` VALUES ('2017-05-16', '61', '16', '89');
INSERT INTO `recommendation_books` VALUES ('2017-05-16', '62', '15', '90');
INSERT INTO `recommendation_books` VALUES ('2017-05-16', '62', '45', '89');
INSERT INTO `recommendation_books` VALUES ('2017-05-16', '62', '41', '94');
INSERT INTO `recommendation_books` VALUES ('2017-05-16', '62', '19', '90');
INSERT INTO `recommendation_books` VALUES ('2017-05-16', '63', '46', '95');
INSERT INTO `recommendation_books` VALUES ('2017-05-16', '63', '36', '91');
INSERT INTO `recommendation_books` VALUES ('2017-05-16', '63', '34', '93');
INSERT INTO `recommendation_books` VALUES ('2017-05-16', '63', '24', '80');
INSERT INTO `recommendation_books` VALUES ('2017-05-16', '64', '36', '86');
INSERT INTO `recommendation_books` VALUES ('2017-05-16', '64', '8', '83');
INSERT INTO `recommendation_books` VALUES ('2017-05-16', '64', '38', '92');
INSERT INTO `recommendation_books` VALUES ('2017-05-16', '64', '37', '89');
INSERT INTO `recommendation_books` VALUES ('2017-05-16', '65', '38', '91');
INSERT INTO `recommendation_books` VALUES ('2017-05-16', '65', '48', '89');
INSERT INTO `recommendation_books` VALUES ('2017-05-16', '65', '21', '82');
INSERT INTO `recommendation_books` VALUES ('2017-05-16', '65', '28', '93');
INSERT INTO `recommendation_books` VALUES ('2017-05-16', '66', '7', '93');
INSERT INTO `recommendation_books` VALUES ('2017-05-16', '66', '22', '98');
INSERT INTO `recommendation_books` VALUES ('2017-05-16', '66', '6', '91');
INSERT INTO `recommendation_books` VALUES ('2017-05-16', '66', '50', '82');
INSERT INTO `recommendation_books` VALUES ('2017-05-16', '67', '11', '94');
INSERT INTO `recommendation_books` VALUES ('2017-05-16', '67', '1', '89');
INSERT INTO `recommendation_books` VALUES ('2017-05-16', '67', '38', '96');
INSERT INTO `recommendation_books` VALUES ('2017-05-16', '67', '23', '84');
INSERT INTO `recommendation_books` VALUES ('2017-05-16', '68', '38', '95');
INSERT INTO `recommendation_books` VALUES ('2017-05-16', '68', '36', '95');
INSERT INTO `recommendation_books` VALUES ('2017-05-16', '68', '38', '98');
INSERT INTO `recommendation_books` VALUES ('2017-05-16', '68', '2', '99');
INSERT INTO `recommendation_books` VALUES ('2017-05-16', '69', '46', '84');
INSERT INTO `recommendation_books` VALUES ('2017-05-16', '69', '48', '85');
INSERT INTO `recommendation_books` VALUES ('2017-05-16', '69', '12', '85');
INSERT INTO `recommendation_books` VALUES ('2017-05-16', '69', '1', '91');
INSERT INTO `recommendation_books` VALUES ('2017-05-16', '70', '18', '97');
INSERT INTO `recommendation_books` VALUES ('2017-05-16', '70', '18', '95');
INSERT INTO `recommendation_books` VALUES ('2017-05-16', '70', '30', '97');
INSERT INTO `recommendation_books` VALUES ('2017-05-16', '70', '30', '90');
INSERT INTO `recommendation_books` VALUES ('2017-05-16', '71', '19', '95');
INSERT INTO `recommendation_books` VALUES ('2017-05-16', '71', '6', '94');
INSERT INTO `recommendation_books` VALUES ('2017-05-16', '71', '49', '84');
INSERT INTO `recommendation_books` VALUES ('2017-05-16', '71', '19', '84');
INSERT INTO `recommendation_books` VALUES ('2017-05-16', '72', '39', '98');
INSERT INTO `recommendation_books` VALUES ('2017-05-16', '72', '30', '95');
INSERT INTO `recommendation_books` VALUES ('2017-05-16', '72', '31', '87');
INSERT INTO `recommendation_books` VALUES ('2017-05-16', '72', '37', '85');
INSERT INTO `recommendation_books` VALUES ('2017-05-16', '73', '38', '81');
INSERT INTO `recommendation_books` VALUES ('2017-05-16', '73', '25', '94');
INSERT INTO `recommendation_books` VALUES ('2017-05-16', '73', '50', '95');
INSERT INTO `recommendation_books` VALUES ('2017-05-16', '73', '5', '87');
INSERT INTO `recommendation_books` VALUES ('2017-05-16', '74', '25', '97');
INSERT INTO `recommendation_books` VALUES ('2017-05-16', '74', '30', '93');
INSERT INTO `recommendation_books` VALUES ('2017-05-16', '74', '7', '100');
INSERT INTO `recommendation_books` VALUES ('2017-05-16', '74', '3', '89');
INSERT INTO `recommendation_books` VALUES ('2017-05-16', '75', '18', '88');
INSERT INTO `recommendation_books` VALUES ('2017-05-16', '75', '31', '80');
INSERT INTO `recommendation_books` VALUES ('2017-05-16', '75', '44', '80');
INSERT INTO `recommendation_books` VALUES ('2017-05-16', '75', '24', '89');
INSERT INTO `recommendation_books` VALUES ('2017-05-16', '76', '38', '96');
INSERT INTO `recommendation_books` VALUES ('2017-05-16', '76', '11', '92');
INSERT INTO `recommendation_books` VALUES ('2017-05-16', '76', '2', '87');
INSERT INTO `recommendation_books` VALUES ('2017-05-16', '76', '36', '87');
INSERT INTO `recommendation_books` VALUES ('2017-05-16', '77', '48', '84');
INSERT INTO `recommendation_books` VALUES ('2017-05-16', '77', '2', '89');
INSERT INTO `recommendation_books` VALUES ('2017-05-16', '77', '15', '94');
INSERT INTO `recommendation_books` VALUES ('2017-05-16', '77', '6', '86');
INSERT INTO `recommendation_books` VALUES ('2017-05-16', '78', '7', '95');
INSERT INTO `recommendation_books` VALUES ('2017-05-16', '78', '33', '89');
INSERT INTO `recommendation_books` VALUES ('2017-05-16', '78', '17', '94');
INSERT INTO `recommendation_books` VALUES ('2017-05-16', '78', '12', '96');
INSERT INTO `recommendation_books` VALUES ('2017-05-16', '79', '31', '80');
INSERT INTO `recommendation_books` VALUES ('2017-05-16', '79', '47', '84');
INSERT INTO `recommendation_books` VALUES ('2017-05-16', '79', '21', '94');
INSERT INTO `recommendation_books` VALUES ('2017-05-16', '79', '38', '81');
INSERT INTO `recommendation_books` VALUES ('2017-05-16', '80', '27', '84');
INSERT INTO `recommendation_books` VALUES ('2017-05-16', '80', '25', '93');
INSERT INTO `recommendation_books` VALUES ('2017-05-16', '80', '1', '100');
INSERT INTO `recommendation_books` VALUES ('2017-05-16', '80', '17', '90');
INSERT INTO `recommendation_books` VALUES ('2017-05-16', '81', '32', '99');
INSERT INTO `recommendation_books` VALUES ('2017-05-16', '81', '50', '81');
INSERT INTO `recommendation_books` VALUES ('2017-05-16', '81', '41', '81');
INSERT INTO `recommendation_books` VALUES ('2017-05-16', '81', '18', '83');
INSERT INTO `recommendation_books` VALUES ('2017-05-16', '82', '50', '87');
INSERT INTO `recommendation_books` VALUES ('2017-05-16', '82', '14', '100');
INSERT INTO `recommendation_books` VALUES ('2017-05-16', '82', '13', '92');
INSERT INTO `recommendation_books` VALUES ('2017-05-16', '82', '18', '84');
INSERT INTO `recommendation_books` VALUES ('2017-05-16', '83', '31', '82');
INSERT INTO `recommendation_books` VALUES ('2017-05-16', '83', '35', '85');
INSERT INTO `recommendation_books` VALUES ('2017-05-16', '83', '36', '84');
INSERT INTO `recommendation_books` VALUES ('2017-05-16', '83', '49', '80');
INSERT INTO `recommendation_books` VALUES ('2017-05-16', '84', '8', '92');
INSERT INTO `recommendation_books` VALUES ('2017-05-16', '84', '20', '94');
INSERT INTO `recommendation_books` VALUES ('2017-05-16', '84', '44', '95');
INSERT INTO `recommendation_books` VALUES ('2017-05-16', '84', '20', '83');
INSERT INTO `recommendation_books` VALUES ('2017-05-16', '85', '1', '80');
INSERT INTO `recommendation_books` VALUES ('2017-05-16', '85', '44', '95');
INSERT INTO `recommendation_books` VALUES ('2017-05-16', '85', '15', '97');
INSERT INTO `recommendation_books` VALUES ('2017-05-16', '85', '3', '89');
INSERT INTO `recommendation_books` VALUES ('2017-05-16', '86', '39', '85');
INSERT INTO `recommendation_books` VALUES ('2017-05-16', '86', '31', '95');
INSERT INTO `recommendation_books` VALUES ('2017-05-16', '86', '44', '99');
INSERT INTO `recommendation_books` VALUES ('2017-05-16', '86', '33', '82');
INSERT INTO `recommendation_books` VALUES ('2017-05-16', '87', '6', '100');
INSERT INTO `recommendation_books` VALUES ('2017-05-16', '87', '48', '91');
INSERT INTO `recommendation_books` VALUES ('2017-05-16', '87', '8', '93');
INSERT INTO `recommendation_books` VALUES ('2017-05-16', '87', '17', '84');
INSERT INTO `recommendation_books` VALUES ('2017-05-16', '88', '42', '92');
INSERT INTO `recommendation_books` VALUES ('2017-05-16', '88', '17', '83');
INSERT INTO `recommendation_books` VALUES ('2017-05-16', '88', '4', '86');
INSERT INTO `recommendation_books` VALUES ('2017-05-16', '88', '9', '98');
INSERT INTO `recommendation_books` VALUES ('2017-05-16', '89', '5', '85');
INSERT INTO `recommendation_books` VALUES ('2017-05-16', '89', '3', '95');
INSERT INTO `recommendation_books` VALUES ('2017-05-16', '89', '1', '99');
INSERT INTO `recommendation_books` VALUES ('2017-05-16', '89', '1', '100');
INSERT INTO `recommendation_books` VALUES ('2017-05-16', '90', '10', '87');
INSERT INTO `recommendation_books` VALUES ('2017-05-16', '90', '43', '97');
INSERT INTO `recommendation_books` VALUES ('2017-05-16', '90', '14', '90');
INSERT INTO `recommendation_books` VALUES ('2017-05-16', '90', '7', '82');
INSERT INTO `recommendation_books` VALUES ('2017-05-16', '91', '4', '92');
INSERT INTO `recommendation_books` VALUES ('2017-05-16', '91', '30', '100');
INSERT INTO `recommendation_books` VALUES ('2017-05-16', '91', '26', '84');
INSERT INTO `recommendation_books` VALUES ('2017-05-16', '91', '34', '84');
INSERT INTO `recommendation_books` VALUES ('2017-05-16', '92', '48', '94');
INSERT INTO `recommendation_books` VALUES ('2017-05-16', '92', '27', '92');
INSERT INTO `recommendation_books` VALUES ('2017-05-16', '92', '1', '83');
INSERT INTO `recommendation_books` VALUES ('2017-05-16', '92', '16', '82');
INSERT INTO `recommendation_books` VALUES ('2017-05-16', '93', '21', '99');
INSERT INTO `recommendation_books` VALUES ('2017-05-16', '93', '26', '89');
INSERT INTO `recommendation_books` VALUES ('2017-05-16', '93', '30', '92');
INSERT INTO `recommendation_books` VALUES ('2017-05-16', '93', '32', '83');
INSERT INTO `recommendation_books` VALUES ('2017-05-16', '94', '18', '97');
INSERT INTO `recommendation_books` VALUES ('2017-05-16', '94', '12', '98');
INSERT INTO `recommendation_books` VALUES ('2017-05-16', '94', '13', '93');
INSERT INTO `recommendation_books` VALUES ('2017-05-16', '94', '12', '85');
INSERT INTO `recommendation_books` VALUES ('2017-05-16', '95', '24', '97');
INSERT INTO `recommendation_books` VALUES ('2017-05-16', '95', '36', '86');
INSERT INTO `recommendation_books` VALUES ('2017-05-16', '95', '36', '86');
INSERT INTO `recommendation_books` VALUES ('2017-05-16', '95', '36', '96');
INSERT INTO `recommendation_books` VALUES ('2017-05-16', '96', '36', '83');
INSERT INTO `recommendation_books` VALUES ('2017-05-16', '96', '35', '86');
INSERT INTO `recommendation_books` VALUES ('2017-05-16', '96', '24', '89');
INSERT INTO `recommendation_books` VALUES ('2017-05-16', '96', '13', '95');
INSERT INTO `recommendation_books` VALUES ('2017-05-16', '97', '18', '94');
INSERT INTO `recommendation_books` VALUES ('2017-05-16', '97', '32', '92');
INSERT INTO `recommendation_books` VALUES ('2017-05-16', '97', '40', '96');
INSERT INTO `recommendation_books` VALUES ('2017-05-16', '97', '11', '81');
INSERT INTO `recommendation_books` VALUES ('2017-05-16', '98', '25', '81');
INSERT INTO `recommendation_books` VALUES ('2017-05-16', '98', '37', '99');
INSERT INTO `recommendation_books` VALUES ('2017-05-16', '98', '34', '87');
INSERT INTO `recommendation_books` VALUES ('2017-05-16', '98', '30', '89');
INSERT INTO `recommendation_books` VALUES ('2017-05-16', '99', '21', '90');
INSERT INTO `recommendation_books` VALUES ('2017-05-16', '99', '20', '85');
INSERT INTO `recommendation_books` VALUES ('2017-05-16', '99', '14', '84');
INSERT INTO `recommendation_books` VALUES ('2017-05-16', '99', '28', '86');
INSERT INTO `recommendation_books` VALUES ('2017-05-16', '100', '41', '85');
INSERT INTO `recommendation_books` VALUES ('2017-05-16', '100', '40', '81');
INSERT INTO `recommendation_books` VALUES ('2017-05-16', '100', '20', '84');
INSERT INTO `recommendation_books` VALUES ('2017-05-16', '100', '28', '98');
INSERT INTO `recommendation_books` VALUES ('2017-05-17', '1', '15', '92');
INSERT INTO `recommendation_books` VALUES ('2017-05-17', '1', '6', '92');
INSERT INTO `recommendation_books` VALUES ('2017-05-17', '1', '13', '100');
INSERT INTO `recommendation_books` VALUES ('2017-05-17', '1', '12', '82');
INSERT INTO `recommendation_books` VALUES ('2017-05-17', '2', '8', '83');
INSERT INTO `recommendation_books` VALUES ('2017-05-17', '2', '36', '82');
INSERT INTO `recommendation_books` VALUES ('2017-05-17', '2', '46', '86');
INSERT INTO `recommendation_books` VALUES ('2017-05-17', '2', '37', '90');
INSERT INTO `recommendation_books` VALUES ('2017-05-17', '3', '22', '97');
INSERT INTO `recommendation_books` VALUES ('2017-05-17', '3', '41', '83');
INSERT INTO `recommendation_books` VALUES ('2017-05-17', '3', '3', '87');
INSERT INTO `recommendation_books` VALUES ('2017-05-17', '3', '18', '99');
INSERT INTO `recommendation_books` VALUES ('2017-05-17', '4', '23', '83');
INSERT INTO `recommendation_books` VALUES ('2017-05-17', '4', '44', '93');
INSERT INTO `recommendation_books` VALUES ('2017-05-17', '4', '21', '83');
INSERT INTO `recommendation_books` VALUES ('2017-05-17', '4', '45', '82');
INSERT INTO `recommendation_books` VALUES ('2017-05-17', '5', '25', '90');
INSERT INTO `recommendation_books` VALUES ('2017-05-17', '5', '23', '80');
INSERT INTO `recommendation_books` VALUES ('2017-05-17', '5', '46', '94');
INSERT INTO `recommendation_books` VALUES ('2017-05-17', '5', '8', '98');
INSERT INTO `recommendation_books` VALUES ('2017-05-17', '6', '44', '96');
INSERT INTO `recommendation_books` VALUES ('2017-05-17', '6', '41', '95');
INSERT INTO `recommendation_books` VALUES ('2017-05-17', '6', '14', '89');
INSERT INTO `recommendation_books` VALUES ('2017-05-17', '6', '23', '95');
INSERT INTO `recommendation_books` VALUES ('2017-05-17', '7', '48', '83');
INSERT INTO `recommendation_books` VALUES ('2017-05-17', '7', '30', '92');
INSERT INTO `recommendation_books` VALUES ('2017-05-17', '7', '1', '90');
INSERT INTO `recommendation_books` VALUES ('2017-05-17', '7', '17', '92');
INSERT INTO `recommendation_books` VALUES ('2017-05-17', '8', '19', '96');
INSERT INTO `recommendation_books` VALUES ('2017-05-17', '8', '42', '95');
INSERT INTO `recommendation_books` VALUES ('2017-05-17', '8', '46', '96');
INSERT INTO `recommendation_books` VALUES ('2017-05-17', '8', '36', '89');
INSERT INTO `recommendation_books` VALUES ('2017-05-17', '9', '45', '85');
INSERT INTO `recommendation_books` VALUES ('2017-05-17', '9', '37', '85');
INSERT INTO `recommendation_books` VALUES ('2017-05-17', '9', '25', '92');
INSERT INTO `recommendation_books` VALUES ('2017-05-17', '9', '49', '87');
INSERT INTO `recommendation_books` VALUES ('2017-05-17', '10', '31', '93');
INSERT INTO `recommendation_books` VALUES ('2017-05-17', '10', '27', '84');
INSERT INTO `recommendation_books` VALUES ('2017-05-17', '10', '16', '94');
INSERT INTO `recommendation_books` VALUES ('2017-05-17', '10', '9', '94');
INSERT INTO `recommendation_books` VALUES ('2017-05-17', '11', '16', '88');
INSERT INTO `recommendation_books` VALUES ('2017-05-17', '11', '48', '99');
INSERT INTO `recommendation_books` VALUES ('2017-05-17', '11', '29', '89');
INSERT INTO `recommendation_books` VALUES ('2017-05-17', '11', '50', '87');
INSERT INTO `recommendation_books` VALUES ('2017-05-17', '12', '43', '89');
INSERT INTO `recommendation_books` VALUES ('2017-05-17', '12', '10', '83');
INSERT INTO `recommendation_books` VALUES ('2017-05-17', '12', '16', '97');
INSERT INTO `recommendation_books` VALUES ('2017-05-17', '12', '36', '96');
INSERT INTO `recommendation_books` VALUES ('2017-05-17', '13', '24', '82');
INSERT INTO `recommendation_books` VALUES ('2017-05-17', '13', '24', '80');
INSERT INTO `recommendation_books` VALUES ('2017-05-17', '13', '2', '96');
INSERT INTO `recommendation_books` VALUES ('2017-05-17', '13', '28', '90');
INSERT INTO `recommendation_books` VALUES ('2017-05-17', '14', '20', '86');
INSERT INTO `recommendation_books` VALUES ('2017-05-17', '14', '26', '83');
INSERT INTO `recommendation_books` VALUES ('2017-05-17', '14', '9', '94');
INSERT INTO `recommendation_books` VALUES ('2017-05-17', '14', '17', '93');
INSERT INTO `recommendation_books` VALUES ('2017-05-17', '15', '50', '82');
INSERT INTO `recommendation_books` VALUES ('2017-05-17', '15', '37', '80');
INSERT INTO `recommendation_books` VALUES ('2017-05-17', '15', '36', '92');
INSERT INTO `recommendation_books` VALUES ('2017-05-17', '15', '7', '95');
INSERT INTO `recommendation_books` VALUES ('2017-05-17', '16', '2', '99');
INSERT INTO `recommendation_books` VALUES ('2017-05-17', '16', '20', '100');
INSERT INTO `recommendation_books` VALUES ('2017-05-17', '16', '36', '90');
INSERT INTO `recommendation_books` VALUES ('2017-05-17', '16', '26', '95');
INSERT INTO `recommendation_books` VALUES ('2017-05-17', '17', '47', '89');
INSERT INTO `recommendation_books` VALUES ('2017-05-17', '17', '6', '80');
INSERT INTO `recommendation_books` VALUES ('2017-05-17', '17', '1', '99');
INSERT INTO `recommendation_books` VALUES ('2017-05-17', '17', '40', '91');
INSERT INTO `recommendation_books` VALUES ('2017-05-17', '18', '29', '80');
INSERT INTO `recommendation_books` VALUES ('2017-05-17', '18', '1', '100');
INSERT INTO `recommendation_books` VALUES ('2017-05-17', '18', '1', '84');
INSERT INTO `recommendation_books` VALUES ('2017-05-17', '18', '36', '100');
INSERT INTO `recommendation_books` VALUES ('2017-05-17', '19', '2', '95');
INSERT INTO `recommendation_books` VALUES ('2017-05-17', '19', '29', '83');
INSERT INTO `recommendation_books` VALUES ('2017-05-17', '19', '23', '87');
INSERT INTO `recommendation_books` VALUES ('2017-05-17', '19', '17', '86');
INSERT INTO `recommendation_books` VALUES ('2017-05-17', '20', '20', '88');
INSERT INTO `recommendation_books` VALUES ('2017-05-17', '20', '36', '82');
INSERT INTO `recommendation_books` VALUES ('2017-05-17', '20', '47', '96');
INSERT INTO `recommendation_books` VALUES ('2017-05-17', '20', '35', '89');
INSERT INTO `recommendation_books` VALUES ('2017-05-17', '21', '39', '82');
INSERT INTO `recommendation_books` VALUES ('2017-05-17', '21', '47', '100');
INSERT INTO `recommendation_books` VALUES ('2017-05-17', '21', '9', '96');
INSERT INTO `recommendation_books` VALUES ('2017-05-17', '21', '21', '99');
INSERT INTO `recommendation_books` VALUES ('2017-05-17', '22', '16', '85');
INSERT INTO `recommendation_books` VALUES ('2017-05-17', '22', '17', '93');
INSERT INTO `recommendation_books` VALUES ('2017-05-17', '22', '10', '82');
INSERT INTO `recommendation_books` VALUES ('2017-05-17', '22', '42', '92');
INSERT INTO `recommendation_books` VALUES ('2017-05-17', '23', '30', '86');
INSERT INTO `recommendation_books` VALUES ('2017-05-17', '23', '34', '83');
INSERT INTO `recommendation_books` VALUES ('2017-05-17', '23', '12', '80');
INSERT INTO `recommendation_books` VALUES ('2017-05-17', '23', '17', '82');
INSERT INTO `recommendation_books` VALUES ('2017-05-17', '24', '36', '94');
INSERT INTO `recommendation_books` VALUES ('2017-05-17', '24', '7', '94');
INSERT INTO `recommendation_books` VALUES ('2017-05-17', '24', '35', '97');
INSERT INTO `recommendation_books` VALUES ('2017-05-17', '24', '46', '90');
INSERT INTO `recommendation_books` VALUES ('2017-05-17', '25', '24', '90');
INSERT INTO `recommendation_books` VALUES ('2017-05-17', '25', '33', '86');
INSERT INTO `recommendation_books` VALUES ('2017-05-17', '25', '12', '87');
INSERT INTO `recommendation_books` VALUES ('2017-05-17', '25', '14', '81');
INSERT INTO `recommendation_books` VALUES ('2017-05-17', '26', '20', '96');
INSERT INTO `recommendation_books` VALUES ('2017-05-17', '26', '8', '84');
INSERT INTO `recommendation_books` VALUES ('2017-05-17', '26', '15', '92');
INSERT INTO `recommendation_books` VALUES ('2017-05-17', '26', '7', '82');
INSERT INTO `recommendation_books` VALUES ('2017-05-17', '27', '40', '82');
INSERT INTO `recommendation_books` VALUES ('2017-05-17', '27', '27', '91');
INSERT INTO `recommendation_books` VALUES ('2017-05-17', '27', '44', '98');
INSERT INTO `recommendation_books` VALUES ('2017-05-17', '27', '41', '93');
INSERT INTO `recommendation_books` VALUES ('2017-05-17', '28', '5', '83');
INSERT INTO `recommendation_books` VALUES ('2017-05-17', '28', '3', '87');
INSERT INTO `recommendation_books` VALUES ('2017-05-17', '28', '8', '94');
INSERT INTO `recommendation_books` VALUES ('2017-05-17', '28', '19', '95');
INSERT INTO `recommendation_books` VALUES ('2017-05-17', '29', '44', '96');
INSERT INTO `recommendation_books` VALUES ('2017-05-17', '29', '12', '99');
INSERT INTO `recommendation_books` VALUES ('2017-05-17', '29', '32', '93');
INSERT INTO `recommendation_books` VALUES ('2017-05-17', '29', '32', '84');
INSERT INTO `recommendation_books` VALUES ('2017-05-17', '30', '4', '93');
INSERT INTO `recommendation_books` VALUES ('2017-05-17', '30', '27', '99');
INSERT INTO `recommendation_books` VALUES ('2017-05-17', '30', '32', '91');
INSERT INTO `recommendation_books` VALUES ('2017-05-17', '30', '22', '85');
INSERT INTO `recommendation_books` VALUES ('2017-05-17', '31', '2', '99');
INSERT INTO `recommendation_books` VALUES ('2017-05-17', '31', '2', '90');
INSERT INTO `recommendation_books` VALUES ('2017-05-17', '31', '28', '81');
INSERT INTO `recommendation_books` VALUES ('2017-05-17', '31', '11', '92');
INSERT INTO `recommendation_books` VALUES ('2017-05-17', '32', '49', '96');
INSERT INTO `recommendation_books` VALUES ('2017-05-17', '32', '34', '80');
INSERT INTO `recommendation_books` VALUES ('2017-05-17', '32', '48', '80');
INSERT INTO `recommendation_books` VALUES ('2017-05-17', '32', '13', '87');
INSERT INTO `recommendation_books` VALUES ('2017-05-17', '33', '42', '84');
INSERT INTO `recommendation_books` VALUES ('2017-05-17', '33', '27', '81');
INSERT INTO `recommendation_books` VALUES ('2017-05-17', '33', '24', '98');
INSERT INTO `recommendation_books` VALUES ('2017-05-17', '33', '8', '81');
INSERT INTO `recommendation_books` VALUES ('2017-05-17', '34', '35', '83');
INSERT INTO `recommendation_books` VALUES ('2017-05-17', '34', '26', '84');
INSERT INTO `recommendation_books` VALUES ('2017-05-17', '34', '38', '84');
INSERT INTO `recommendation_books` VALUES ('2017-05-17', '34', '48', '83');
INSERT INTO `recommendation_books` VALUES ('2017-05-17', '35', '46', '86');
INSERT INTO `recommendation_books` VALUES ('2017-05-17', '35', '37', '85');
INSERT INTO `recommendation_books` VALUES ('2017-05-17', '35', '14', '92');
INSERT INTO `recommendation_books` VALUES ('2017-05-17', '35', '9', '98');
INSERT INTO `recommendation_books` VALUES ('2017-05-17', '36', '11', '85');
INSERT INTO `recommendation_books` VALUES ('2017-05-17', '36', '40', '90');
INSERT INTO `recommendation_books` VALUES ('2017-05-17', '36', '45', '82');
INSERT INTO `recommendation_books` VALUES ('2017-05-17', '36', '27', '88');
INSERT INTO `recommendation_books` VALUES ('2017-05-17', '37', '12', '88');
INSERT INTO `recommendation_books` VALUES ('2017-05-17', '37', '22', '99');
INSERT INTO `recommendation_books` VALUES ('2017-05-17', '37', '16', '86');
INSERT INTO `recommendation_books` VALUES ('2017-05-17', '37', '47', '88');
INSERT INTO `recommendation_books` VALUES ('2017-05-17', '38', '28', '81');
INSERT INTO `recommendation_books` VALUES ('2017-05-17', '38', '15', '93');
INSERT INTO `recommendation_books` VALUES ('2017-05-17', '38', '13', '94');
INSERT INTO `recommendation_books` VALUES ('2017-05-17', '38', '39', '81');
INSERT INTO `recommendation_books` VALUES ('2017-05-17', '39', '26', '83');
INSERT INTO `recommendation_books` VALUES ('2017-05-17', '39', '24', '97');
INSERT INTO `recommendation_books` VALUES ('2017-05-17', '39', '40', '94');
INSERT INTO `recommendation_books` VALUES ('2017-05-17', '39', '46', '88');
INSERT INTO `recommendation_books` VALUES ('2017-05-17', '40', '32', '83');
INSERT INTO `recommendation_books` VALUES ('2017-05-17', '40', '49', '86');
INSERT INTO `recommendation_books` VALUES ('2017-05-17', '40', '22', '88');
INSERT INTO `recommendation_books` VALUES ('2017-05-17', '40', '50', '83');
INSERT INTO `recommendation_books` VALUES ('2017-05-17', '41', '8', '80');
INSERT INTO `recommendation_books` VALUES ('2017-05-17', '41', '9', '82');
INSERT INTO `recommendation_books` VALUES ('2017-05-17', '41', '16', '98');
INSERT INTO `recommendation_books` VALUES ('2017-05-17', '41', '1', '93');
INSERT INTO `recommendation_books` VALUES ('2017-05-17', '42', '41', '82');
INSERT INTO `recommendation_books` VALUES ('2017-05-17', '42', '11', '87');
INSERT INTO `recommendation_books` VALUES ('2017-05-17', '42', '33', '82');
INSERT INTO `recommendation_books` VALUES ('2017-05-17', '42', '35', '82');
INSERT INTO `recommendation_books` VALUES ('2017-05-17', '43', '22', '84');
INSERT INTO `recommendation_books` VALUES ('2017-05-17', '43', '15', '86');
INSERT INTO `recommendation_books` VALUES ('2017-05-17', '43', '21', '87');
INSERT INTO `recommendation_books` VALUES ('2017-05-17', '43', '33', '91');
INSERT INTO `recommendation_books` VALUES ('2017-05-17', '44', '11', '93');
INSERT INTO `recommendation_books` VALUES ('2017-05-17', '44', '44', '84');
INSERT INTO `recommendation_books` VALUES ('2017-05-17', '44', '21', '99');
INSERT INTO `recommendation_books` VALUES ('2017-05-17', '44', '21', '82');
INSERT INTO `recommendation_books` VALUES ('2017-05-17', '45', '4', '94');
INSERT INTO `recommendation_books` VALUES ('2017-05-17', '45', '27', '86');
INSERT INTO `recommendation_books` VALUES ('2017-05-17', '45', '1', '95');
INSERT INTO `recommendation_books` VALUES ('2017-05-17', '45', '19', '89');
INSERT INTO `recommendation_books` VALUES ('2017-05-17', '46', '11', '83');
INSERT INTO `recommendation_books` VALUES ('2017-05-17', '46', '12', '89');
INSERT INTO `recommendation_books` VALUES ('2017-05-17', '46', '20', '95');
INSERT INTO `recommendation_books` VALUES ('2017-05-17', '46', '24', '94');
INSERT INTO `recommendation_books` VALUES ('2017-05-17', '47', '40', '89');
INSERT INTO `recommendation_books` VALUES ('2017-05-17', '47', '32', '85');
INSERT INTO `recommendation_books` VALUES ('2017-05-17', '47', '24', '100');
INSERT INTO `recommendation_books` VALUES ('2017-05-17', '47', '10', '96');
INSERT INTO `recommendation_books` VALUES ('2017-05-17', '48', '36', '82');
INSERT INTO `recommendation_books` VALUES ('2017-05-17', '48', '21', '88');
INSERT INTO `recommendation_books` VALUES ('2017-05-17', '48', '27', '95');
INSERT INTO `recommendation_books` VALUES ('2017-05-17', '48', '43', '93');
INSERT INTO `recommendation_books` VALUES ('2017-05-17', '49', '37', '86');
INSERT INTO `recommendation_books` VALUES ('2017-05-17', '49', '27', '80');
INSERT INTO `recommendation_books` VALUES ('2017-05-17', '49', '23', '96');
INSERT INTO `recommendation_books` VALUES ('2017-05-17', '49', '38', '80');
INSERT INTO `recommendation_books` VALUES ('2017-05-17', '50', '49', '97');
INSERT INTO `recommendation_books` VALUES ('2017-05-17', '50', '9', '98');
INSERT INTO `recommendation_books` VALUES ('2017-05-17', '50', '20', '85');
INSERT INTO `recommendation_books` VALUES ('2017-05-17', '50', '3', '100');
INSERT INTO `recommendation_books` VALUES ('2017-05-17', '51', '12', '81');
INSERT INTO `recommendation_books` VALUES ('2017-05-17', '51', '29', '98');
INSERT INTO `recommendation_books` VALUES ('2017-05-17', '51', '4', '99');
INSERT INTO `recommendation_books` VALUES ('2017-05-17', '51', '29', '80');
INSERT INTO `recommendation_books` VALUES ('2017-05-17', '52', '8', '95');
INSERT INTO `recommendation_books` VALUES ('2017-05-17', '52', '42', '88');
INSERT INTO `recommendation_books` VALUES ('2017-05-17', '52', '30', '99');
INSERT INTO `recommendation_books` VALUES ('2017-05-17', '52', '23', '96');
INSERT INTO `recommendation_books` VALUES ('2017-05-17', '53', '40', '98');
INSERT INTO `recommendation_books` VALUES ('2017-05-17', '53', '15', '85');
INSERT INTO `recommendation_books` VALUES ('2017-05-17', '53', '22', '95');
INSERT INTO `recommendation_books` VALUES ('2017-05-17', '53', '21', '98');
INSERT INTO `recommendation_books` VALUES ('2017-05-17', '54', '49', '82');
INSERT INTO `recommendation_books` VALUES ('2017-05-17', '54', '17', '87');
INSERT INTO `recommendation_books` VALUES ('2017-05-17', '54', '12', '94');
INSERT INTO `recommendation_books` VALUES ('2017-05-17', '54', '5', '87');
INSERT INTO `recommendation_books` VALUES ('2017-05-17', '55', '15', '90');
INSERT INTO `recommendation_books` VALUES ('2017-05-17', '55', '39', '97');
INSERT INTO `recommendation_books` VALUES ('2017-05-17', '55', '32', '85');
INSERT INTO `recommendation_books` VALUES ('2017-05-17', '55', '31', '99');
INSERT INTO `recommendation_books` VALUES ('2017-05-17', '56', '50', '95');
INSERT INTO `recommendation_books` VALUES ('2017-05-17', '56', '33', '82');
INSERT INTO `recommendation_books` VALUES ('2017-05-17', '56', '12', '89');
INSERT INTO `recommendation_books` VALUES ('2017-05-17', '56', '47', '88');
INSERT INTO `recommendation_books` VALUES ('2017-05-17', '57', '12', '89');
INSERT INTO `recommendation_books` VALUES ('2017-05-17', '57', '46', '90');
INSERT INTO `recommendation_books` VALUES ('2017-05-17', '57', '22', '86');
INSERT INTO `recommendation_books` VALUES ('2017-05-17', '57', '39', '87');
INSERT INTO `recommendation_books` VALUES ('2017-05-17', '58', '20', '81');
INSERT INTO `recommendation_books` VALUES ('2017-05-17', '58', '17', '90');
INSERT INTO `recommendation_books` VALUES ('2017-05-17', '58', '37', '84');
INSERT INTO `recommendation_books` VALUES ('2017-05-17', '58', '30', '87');
INSERT INTO `recommendation_books` VALUES ('2017-05-17', '59', '3', '97');
INSERT INTO `recommendation_books` VALUES ('2017-05-17', '59', '10', '85');
INSERT INTO `recommendation_books` VALUES ('2017-05-17', '59', '31', '94');
INSERT INTO `recommendation_books` VALUES ('2017-05-17', '59', '2', '89');
INSERT INTO `recommendation_books` VALUES ('2017-05-17', '60', '20', '83');
INSERT INTO `recommendation_books` VALUES ('2017-05-17', '60', '32', '84');
INSERT INTO `recommendation_books` VALUES ('2017-05-17', '60', '33', '98');
INSERT INTO `recommendation_books` VALUES ('2017-05-17', '60', '4', '81');
INSERT INTO `recommendation_books` VALUES ('2017-05-17', '61', '13', '82');
INSERT INTO `recommendation_books` VALUES ('2017-05-17', '61', '30', '97');
INSERT INTO `recommendation_books` VALUES ('2017-05-17', '61', '1', '89');
INSERT INTO `recommendation_books` VALUES ('2017-05-17', '61', '36', '86');
INSERT INTO `recommendation_books` VALUES ('2017-05-17', '62', '37', '90');
INSERT INTO `recommendation_books` VALUES ('2017-05-17', '62', '40', '90');
INSERT INTO `recommendation_books` VALUES ('2017-05-17', '62', '3', '97');
INSERT INTO `recommendation_books` VALUES ('2017-05-17', '62', '16', '100');
INSERT INTO `recommendation_books` VALUES ('2017-05-17', '63', '20', '91');
INSERT INTO `recommendation_books` VALUES ('2017-05-17', '63', '24', '99');
INSERT INTO `recommendation_books` VALUES ('2017-05-17', '63', '42', '84');
INSERT INTO `recommendation_books` VALUES ('2017-05-17', '63', '44', '98');
INSERT INTO `recommendation_books` VALUES ('2017-05-17', '64', '33', '99');
INSERT INTO `recommendation_books` VALUES ('2017-05-17', '64', '11', '87');
INSERT INTO `recommendation_books` VALUES ('2017-05-17', '64', '21', '100');
INSERT INTO `recommendation_books` VALUES ('2017-05-17', '64', '23', '90');
INSERT INTO `recommendation_books` VALUES ('2017-05-17', '65', '18', '98');
INSERT INTO `recommendation_books` VALUES ('2017-05-17', '65', '4', '92');
INSERT INTO `recommendation_books` VALUES ('2017-05-17', '65', '50', '93');
INSERT INTO `recommendation_books` VALUES ('2017-05-17', '65', '47', '99');
INSERT INTO `recommendation_books` VALUES ('2017-05-17', '66', '8', '86');
INSERT INTO `recommendation_books` VALUES ('2017-05-17', '66', '22', '96');
INSERT INTO `recommendation_books` VALUES ('2017-05-17', '66', '19', '84');
INSERT INTO `recommendation_books` VALUES ('2017-05-17', '66', '40', '89');
INSERT INTO `recommendation_books` VALUES ('2017-05-17', '67', '47', '86');
INSERT INTO `recommendation_books` VALUES ('2017-05-17', '67', '16', '95');
INSERT INTO `recommendation_books` VALUES ('2017-05-17', '67', '13', '84');
INSERT INTO `recommendation_books` VALUES ('2017-05-17', '67', '1', '96');
INSERT INTO `recommendation_books` VALUES ('2017-05-17', '68', '6', '80');
INSERT INTO `recommendation_books` VALUES ('2017-05-17', '68', '29', '97');
INSERT INTO `recommendation_books` VALUES ('2017-05-17', '68', '4', '94');
INSERT INTO `recommendation_books` VALUES ('2017-05-17', '68', '8', '82');
INSERT INTO `recommendation_books` VALUES ('2017-05-17', '69', '40', '80');
INSERT INTO `recommendation_books` VALUES ('2017-05-17', '69', '12', '90');
INSERT INTO `recommendation_books` VALUES ('2017-05-17', '69', '34', '83');
INSERT INTO `recommendation_books` VALUES ('2017-05-17', '69', '37', '83');
INSERT INTO `recommendation_books` VALUES ('2017-05-17', '70', '4', '83');
INSERT INTO `recommendation_books` VALUES ('2017-05-17', '70', '16', '88');
INSERT INTO `recommendation_books` VALUES ('2017-05-17', '70', '12', '99');
INSERT INTO `recommendation_books` VALUES ('2017-05-17', '70', '18', '95');
INSERT INTO `recommendation_books` VALUES ('2017-05-17', '71', '5', '96');
INSERT INTO `recommendation_books` VALUES ('2017-05-17', '71', '20', '91');
INSERT INTO `recommendation_books` VALUES ('2017-05-17', '71', '14', '89');
INSERT INTO `recommendation_books` VALUES ('2017-05-17', '71', '26', '99');
INSERT INTO `recommendation_books` VALUES ('2017-05-17', '72', '23', '84');
INSERT INTO `recommendation_books` VALUES ('2017-05-17', '72', '42', '93');
INSERT INTO `recommendation_books` VALUES ('2017-05-17', '72', '24', '80');
INSERT INTO `recommendation_books` VALUES ('2017-05-17', '72', '16', '88');
INSERT INTO `recommendation_books` VALUES ('2017-05-17', '73', '41', '81');
INSERT INTO `recommendation_books` VALUES ('2017-05-17', '73', '21', '84');
INSERT INTO `recommendation_books` VALUES ('2017-05-17', '73', '21', '95');
INSERT INTO `recommendation_books` VALUES ('2017-05-17', '73', '17', '89');
INSERT INTO `recommendation_books` VALUES ('2017-05-17', '74', '20', '92');
INSERT INTO `recommendation_books` VALUES ('2017-05-17', '74', '48', '85');
INSERT INTO `recommendation_books` VALUES ('2017-05-17', '74', '39', '83');
INSERT INTO `recommendation_books` VALUES ('2017-05-17', '74', '38', '85');
INSERT INTO `recommendation_books` VALUES ('2017-05-17', '75', '47', '86');
INSERT INTO `recommendation_books` VALUES ('2017-05-17', '75', '13', '84');
INSERT INTO `recommendation_books` VALUES ('2017-05-17', '75', '2', '84');
INSERT INTO `recommendation_books` VALUES ('2017-05-17', '75', '27', '100');
INSERT INTO `recommendation_books` VALUES ('2017-05-17', '76', '39', '87');
INSERT INTO `recommendation_books` VALUES ('2017-05-17', '76', '32', '99');
INSERT INTO `recommendation_books` VALUES ('2017-05-17', '76', '32', '98');
INSERT INTO `recommendation_books` VALUES ('2017-05-17', '76', '7', '95');
INSERT INTO `recommendation_books` VALUES ('2017-05-17', '77', '42', '98');
INSERT INTO `recommendation_books` VALUES ('2017-05-17', '77', '40', '85');
INSERT INTO `recommendation_books` VALUES ('2017-05-17', '77', '39', '87');
INSERT INTO `recommendation_books` VALUES ('2017-05-17', '77', '4', '95');
INSERT INTO `recommendation_books` VALUES ('2017-05-17', '78', '48', '88');
INSERT INTO `recommendation_books` VALUES ('2017-05-17', '78', '42', '99');
INSERT INTO `recommendation_books` VALUES ('2017-05-17', '78', '6', '83');
INSERT INTO `recommendation_books` VALUES ('2017-05-17', '78', '47', '84');
INSERT INTO `recommendation_books` VALUES ('2017-05-17', '79', '23', '88');
INSERT INTO `recommendation_books` VALUES ('2017-05-17', '79', '32', '86');
INSERT INTO `recommendation_books` VALUES ('2017-05-17', '79', '17', '98');
INSERT INTO `recommendation_books` VALUES ('2017-05-17', '79', '39', '89');
INSERT INTO `recommendation_books` VALUES ('2017-05-17', '80', '21', '99');
INSERT INTO `recommendation_books` VALUES ('2017-05-17', '80', '23', '97');
INSERT INTO `recommendation_books` VALUES ('2017-05-17', '80', '41', '87');
INSERT INTO `recommendation_books` VALUES ('2017-05-17', '80', '25', '86');
INSERT INTO `recommendation_books` VALUES ('2017-05-17', '81', '10', '89');
INSERT INTO `recommendation_books` VALUES ('2017-05-17', '81', '13', '90');
INSERT INTO `recommendation_books` VALUES ('2017-05-17', '81', '14', '98');
INSERT INTO `recommendation_books` VALUES ('2017-05-17', '81', '25', '81');
INSERT INTO `recommendation_books` VALUES ('2017-05-17', '82', '3', '91');
INSERT INTO `recommendation_books` VALUES ('2017-05-17', '82', '4', '96');
INSERT INTO `recommendation_books` VALUES ('2017-05-17', '82', '19', '93');
INSERT INTO `recommendation_books` VALUES ('2017-05-17', '82', '45', '82');
INSERT INTO `recommendation_books` VALUES ('2017-05-17', '83', '4', '87');
INSERT INTO `recommendation_books` VALUES ('2017-05-17', '83', '11', '91');
INSERT INTO `recommendation_books` VALUES ('2017-05-17', '83', '28', '80');
INSERT INTO `recommendation_books` VALUES ('2017-05-17', '83', '17', '87');
INSERT INTO `recommendation_books` VALUES ('2017-05-17', '84', '7', '92');
INSERT INTO `recommendation_books` VALUES ('2017-05-17', '84', '41', '94');
INSERT INTO `recommendation_books` VALUES ('2017-05-17', '84', '4', '91');
INSERT INTO `recommendation_books` VALUES ('2017-05-17', '84', '39', '86');
INSERT INTO `recommendation_books` VALUES ('2017-05-17', '85', '33', '86');
INSERT INTO `recommendation_books` VALUES ('2017-05-17', '85', '26', '86');
INSERT INTO `recommendation_books` VALUES ('2017-05-17', '85', '31', '99');
INSERT INTO `recommendation_books` VALUES ('2017-05-17', '85', '18', '90');
INSERT INTO `recommendation_books` VALUES ('2017-05-17', '86', '2', '94');
INSERT INTO `recommendation_books` VALUES ('2017-05-17', '86', '1', '89');
INSERT INTO `recommendation_books` VALUES ('2017-05-17', '86', '8', '88');
INSERT INTO `recommendation_books` VALUES ('2017-05-17', '86', '3', '96');
INSERT INTO `recommendation_books` VALUES ('2017-05-17', '87', '7', '91');
INSERT INTO `recommendation_books` VALUES ('2017-05-17', '87', '6', '87');
INSERT INTO `recommendation_books` VALUES ('2017-05-17', '87', '47', '89');
INSERT INTO `recommendation_books` VALUES ('2017-05-17', '87', '34', '80');
INSERT INTO `recommendation_books` VALUES ('2017-05-17', '88', '2', '93');
INSERT INTO `recommendation_books` VALUES ('2017-05-17', '88', '17', '86');
INSERT INTO `recommendation_books` VALUES ('2017-05-17', '88', '12', '80');
INSERT INTO `recommendation_books` VALUES ('2017-05-17', '88', '46', '93');
INSERT INTO `recommendation_books` VALUES ('2017-05-17', '89', '28', '86');
INSERT INTO `recommendation_books` VALUES ('2017-05-17', '89', '48', '87');
INSERT INTO `recommendation_books` VALUES ('2017-05-17', '89', '20', '85');
INSERT INTO `recommendation_books` VALUES ('2017-05-17', '89', '2', '83');
INSERT INTO `recommendation_books` VALUES ('2017-05-17', '90', '23', '99');
INSERT INTO `recommendation_books` VALUES ('2017-05-17', '90', '13', '90');
INSERT INTO `recommendation_books` VALUES ('2017-05-17', '90', '38', '81');
INSERT INTO `recommendation_books` VALUES ('2017-05-17', '90', '17', '97');
INSERT INTO `recommendation_books` VALUES ('2017-05-17', '91', '22', '81');
INSERT INTO `recommendation_books` VALUES ('2017-05-17', '91', '22', '80');
INSERT INTO `recommendation_books` VALUES ('2017-05-17', '91', '26', '83');
INSERT INTO `recommendation_books` VALUES ('2017-05-17', '91', '20', '88');
INSERT INTO `recommendation_books` VALUES ('2017-05-17', '92', '3', '90');
INSERT INTO `recommendation_books` VALUES ('2017-05-17', '92', '43', '100');
INSERT INTO `recommendation_books` VALUES ('2017-05-17', '92', '23', '100');
INSERT INTO `recommendation_books` VALUES ('2017-05-17', '92', '12', '81');
INSERT INTO `recommendation_books` VALUES ('2017-05-17', '93', '8', '99');
INSERT INTO `recommendation_books` VALUES ('2017-05-17', '93', '48', '81');
INSERT INTO `recommendation_books` VALUES ('2017-05-17', '93', '39', '81');
INSERT INTO `recommendation_books` VALUES ('2017-05-17', '93', '20', '89');
INSERT INTO `recommendation_books` VALUES ('2017-05-17', '94', '5', '93');
INSERT INTO `recommendation_books` VALUES ('2017-05-17', '94', '25', '94');
INSERT INTO `recommendation_books` VALUES ('2017-05-17', '94', '22', '92');
INSERT INTO `recommendation_books` VALUES ('2017-05-17', '94', '16', '91');
INSERT INTO `recommendation_books` VALUES ('2017-05-17', '95', '18', '81');
INSERT INTO `recommendation_books` VALUES ('2017-05-17', '95', '9', '87');
INSERT INTO `recommendation_books` VALUES ('2017-05-17', '95', '38', '92');
INSERT INTO `recommendation_books` VALUES ('2017-05-17', '95', '24', '85');
INSERT INTO `recommendation_books` VALUES ('2017-05-17', '96', '12', '80');
INSERT INTO `recommendation_books` VALUES ('2017-05-17', '96', '11', '92');
INSERT INTO `recommendation_books` VALUES ('2017-05-17', '96', '49', '92');
INSERT INTO `recommendation_books` VALUES ('2017-05-17', '96', '16', '85');
INSERT INTO `recommendation_books` VALUES ('2017-05-17', '97', '49', '82');
INSERT INTO `recommendation_books` VALUES ('2017-05-17', '97', '34', '87');
INSERT INTO `recommendation_books` VALUES ('2017-05-17', '97', '1', '83');
INSERT INTO `recommendation_books` VALUES ('2017-05-17', '97', '2', '94');
INSERT INTO `recommendation_books` VALUES ('2017-05-17', '98', '15', '81');
INSERT INTO `recommendation_books` VALUES ('2017-05-17', '98', '42', '94');
INSERT INTO `recommendation_books` VALUES ('2017-05-17', '98', '27', '92');
INSERT INTO `recommendation_books` VALUES ('2017-05-17', '98', '1', '82');
INSERT INTO `recommendation_books` VALUES ('2017-05-17', '99', '32', '92');
INSERT INTO `recommendation_books` VALUES ('2017-05-17', '99', '19', '87');
INSERT INTO `recommendation_books` VALUES ('2017-05-17', '99', '47', '80');
INSERT INTO `recommendation_books` VALUES ('2017-05-17', '99', '8', '95');
INSERT INTO `recommendation_books` VALUES ('2017-05-17', '100', '14', '82');
INSERT INTO `recommendation_books` VALUES ('2017-05-17', '100', '13', '94');
INSERT INTO `recommendation_books` VALUES ('2017-05-17', '100', '18', '81');
INSERT INTO `recommendation_books` VALUES ('2017-05-17', '100', '3', '93');
INSERT INTO `recommendation_books` VALUES ('2017-05-18', '1', '40', '81');
INSERT INTO `recommendation_books` VALUES ('2017-05-18', '1', '17', '95');
INSERT INTO `recommendation_books` VALUES ('2017-05-18', '1', '41', '85');
INSERT INTO `recommendation_books` VALUES ('2017-05-18', '1', '44', '86');
INSERT INTO `recommendation_books` VALUES ('2017-05-18', '2', '12', '82');
INSERT INTO `recommendation_books` VALUES ('2017-05-18', '2', '10', '94');
INSERT INTO `recommendation_books` VALUES ('2017-05-18', '2', '17', '89');
INSERT INTO `recommendation_books` VALUES ('2017-05-18', '2', '22', '97');
INSERT INTO `recommendation_books` VALUES ('2017-05-18', '3', '40', '87');
INSERT INTO `recommendation_books` VALUES ('2017-05-18', '3', '42', '90');
INSERT INTO `recommendation_books` VALUES ('2017-05-18', '3', '42', '93');
INSERT INTO `recommendation_books` VALUES ('2017-05-18', '3', '18', '92');
INSERT INTO `recommendation_books` VALUES ('2017-05-18', '4', '36', '85');
INSERT INTO `recommendation_books` VALUES ('2017-05-18', '4', '13', '90');
INSERT INTO `recommendation_books` VALUES ('2017-05-18', '4', '25', '90');
INSERT INTO `recommendation_books` VALUES ('2017-05-18', '4', '18', '92');
INSERT INTO `recommendation_books` VALUES ('2017-05-18', '5', '25', '96');
INSERT INTO `recommendation_books` VALUES ('2017-05-18', '5', '18', '97');
INSERT INTO `recommendation_books` VALUES ('2017-05-18', '5', '26', '80');
INSERT INTO `recommendation_books` VALUES ('2017-05-18', '5', '46', '87');
INSERT INTO `recommendation_books` VALUES ('2017-05-18', '6', '31', '80');
INSERT INTO `recommendation_books` VALUES ('2017-05-18', '6', '22', '99');
INSERT INTO `recommendation_books` VALUES ('2017-05-18', '6', '32', '95');
INSERT INTO `recommendation_books` VALUES ('2017-05-18', '6', '24', '83');
INSERT INTO `recommendation_books` VALUES ('2017-05-18', '7', '22', '98');
INSERT INTO `recommendation_books` VALUES ('2017-05-18', '7', '29', '86');
INSERT INTO `recommendation_books` VALUES ('2017-05-18', '7', '37', '84');
INSERT INTO `recommendation_books` VALUES ('2017-05-18', '7', '10', '99');
INSERT INTO `recommendation_books` VALUES ('2017-05-18', '8', '32', '95');
INSERT INTO `recommendation_books` VALUES ('2017-05-18', '8', '39', '85');
INSERT INTO `recommendation_books` VALUES ('2017-05-18', '8', '1', '90');
INSERT INTO `recommendation_books` VALUES ('2017-05-18', '8', '3', '100');
INSERT INTO `recommendation_books` VALUES ('2017-05-18', '9', '25', '97');
INSERT INTO `recommendation_books` VALUES ('2017-05-18', '9', '40', '100');
INSERT INTO `recommendation_books` VALUES ('2017-05-18', '9', '49', '93');
INSERT INTO `recommendation_books` VALUES ('2017-05-18', '9', '11', '94');
INSERT INTO `recommendation_books` VALUES ('2017-05-18', '10', '34', '91');
INSERT INTO `recommendation_books` VALUES ('2017-05-18', '10', '25', '87');
INSERT INTO `recommendation_books` VALUES ('2017-05-18', '10', '49', '86');
INSERT INTO `recommendation_books` VALUES ('2017-05-18', '10', '18', '97');
INSERT INTO `recommendation_books` VALUES ('2017-05-18', '11', '2', '81');
INSERT INTO `recommendation_books` VALUES ('2017-05-18', '11', '23', '89');
INSERT INTO `recommendation_books` VALUES ('2017-05-18', '11', '14', '98');
INSERT INTO `recommendation_books` VALUES ('2017-05-18', '11', '49', '86');
INSERT INTO `recommendation_books` VALUES ('2017-05-18', '12', '45', '93');
INSERT INTO `recommendation_books` VALUES ('2017-05-18', '12', '47', '82');
INSERT INTO `recommendation_books` VALUES ('2017-05-18', '12', '36', '96');
INSERT INTO `recommendation_books` VALUES ('2017-05-18', '12', '35', '81');
INSERT INTO `recommendation_books` VALUES ('2017-05-18', '13', '2', '83');
INSERT INTO `recommendation_books` VALUES ('2017-05-18', '13', '35', '89');
INSERT INTO `recommendation_books` VALUES ('2017-05-18', '13', '35', '94');
INSERT INTO `recommendation_books` VALUES ('2017-05-18', '13', '8', '85');
INSERT INTO `recommendation_books` VALUES ('2017-05-18', '14', '44', '84');
INSERT INTO `recommendation_books` VALUES ('2017-05-18', '14', '21', '100');
INSERT INTO `recommendation_books` VALUES ('2017-05-18', '14', '24', '99');
INSERT INTO `recommendation_books` VALUES ('2017-05-18', '14', '7', '93');
INSERT INTO `recommendation_books` VALUES ('2017-05-18', '15', '29', '86');
INSERT INTO `recommendation_books` VALUES ('2017-05-18', '15', '8', '89');
INSERT INTO `recommendation_books` VALUES ('2017-05-18', '15', '27', '98');
INSERT INTO `recommendation_books` VALUES ('2017-05-18', '15', '50', '92');
INSERT INTO `recommendation_books` VALUES ('2017-05-18', '16', '24', '100');
INSERT INTO `recommendation_books` VALUES ('2017-05-18', '16', '4', '98');
INSERT INTO `recommendation_books` VALUES ('2017-05-18', '16', '12', '94');
INSERT INTO `recommendation_books` VALUES ('2017-05-18', '16', '8', '90');
INSERT INTO `recommendation_books` VALUES ('2017-05-18', '17', '32', '80');
INSERT INTO `recommendation_books` VALUES ('2017-05-18', '17', '39', '88');
INSERT INTO `recommendation_books` VALUES ('2017-05-18', '17', '2', '89');
INSERT INTO `recommendation_books` VALUES ('2017-05-18', '17', '18', '86');
INSERT INTO `recommendation_books` VALUES ('2017-05-18', '18', '46', '93');
INSERT INTO `recommendation_books` VALUES ('2017-05-18', '18', '45', '94');
INSERT INTO `recommendation_books` VALUES ('2017-05-18', '18', '13', '99');
INSERT INTO `recommendation_books` VALUES ('2017-05-18', '18', '37', '80');
INSERT INTO `recommendation_books` VALUES ('2017-05-18', '19', '35', '82');
INSERT INTO `recommendation_books` VALUES ('2017-05-18', '19', '32', '82');
INSERT INTO `recommendation_books` VALUES ('2017-05-18', '19', '44', '85');
INSERT INTO `recommendation_books` VALUES ('2017-05-18', '19', '9', '100');
INSERT INTO `recommendation_books` VALUES ('2017-05-18', '20', '39', '89');
INSERT INTO `recommendation_books` VALUES ('2017-05-18', '20', '16', '92');
INSERT INTO `recommendation_books` VALUES ('2017-05-18', '20', '26', '94');
INSERT INTO `recommendation_books` VALUES ('2017-05-18', '20', '47', '94');
INSERT INTO `recommendation_books` VALUES ('2017-05-18', '21', '6', '98');
INSERT INTO `recommendation_books` VALUES ('2017-05-18', '21', '46', '86');
INSERT INTO `recommendation_books` VALUES ('2017-05-18', '21', '9', '91');
INSERT INTO `recommendation_books` VALUES ('2017-05-18', '21', '47', '91');
INSERT INTO `recommendation_books` VALUES ('2017-05-18', '22', '38', '91');
INSERT INTO `recommendation_books` VALUES ('2017-05-18', '22', '47', '91');
INSERT INTO `recommendation_books` VALUES ('2017-05-18', '22', '20', '83');
INSERT INTO `recommendation_books` VALUES ('2017-05-18', '22', '10', '92');
INSERT INTO `recommendation_books` VALUES ('2017-05-18', '23', '22', '82');
INSERT INTO `recommendation_books` VALUES ('2017-05-18', '23', '17', '93');
INSERT INTO `recommendation_books` VALUES ('2017-05-18', '23', '46', '99');
INSERT INTO `recommendation_books` VALUES ('2017-05-18', '23', '39', '83');
INSERT INTO `recommendation_books` VALUES ('2017-05-18', '24', '40', '90');
INSERT INTO `recommendation_books` VALUES ('2017-05-18', '24', '4', '96');
INSERT INTO `recommendation_books` VALUES ('2017-05-18', '24', '37', '94');
INSERT INTO `recommendation_books` VALUES ('2017-05-18', '24', '8', '87');
INSERT INTO `recommendation_books` VALUES ('2017-05-18', '25', '11', '100');
INSERT INTO `recommendation_books` VALUES ('2017-05-18', '25', '12', '95');
INSERT INTO `recommendation_books` VALUES ('2017-05-18', '25', '5', '93');
INSERT INTO `recommendation_books` VALUES ('2017-05-18', '25', '11', '87');
INSERT INTO `recommendation_books` VALUES ('2017-05-18', '26', '40', '80');
INSERT INTO `recommendation_books` VALUES ('2017-05-18', '26', '11', '92');
INSERT INTO `recommendation_books` VALUES ('2017-05-18', '26', '32', '80');
INSERT INTO `recommendation_books` VALUES ('2017-05-18', '26', '33', '84');
INSERT INTO `recommendation_books` VALUES ('2017-05-18', '27', '13', '86');
INSERT INTO `recommendation_books` VALUES ('2017-05-18', '27', '9', '82');
INSERT INTO `recommendation_books` VALUES ('2017-05-18', '27', '42', '99');
INSERT INTO `recommendation_books` VALUES ('2017-05-18', '27', '36', '90');
INSERT INTO `recommendation_books` VALUES ('2017-05-18', '28', '26', '86');
INSERT INTO `recommendation_books` VALUES ('2017-05-18', '28', '7', '100');
INSERT INTO `recommendation_books` VALUES ('2017-05-18', '28', '15', '82');
INSERT INTO `recommendation_books` VALUES ('2017-05-18', '28', '26', '90');
INSERT INTO `recommendation_books` VALUES ('2017-05-18', '29', '49', '80');
INSERT INTO `recommendation_books` VALUES ('2017-05-18', '29', '1', '98');
INSERT INTO `recommendation_books` VALUES ('2017-05-18', '29', '2', '86');
INSERT INTO `recommendation_books` VALUES ('2017-05-18', '29', '17', '93');
INSERT INTO `recommendation_books` VALUES ('2017-05-18', '30', '45', '84');
INSERT INTO `recommendation_books` VALUES ('2017-05-18', '30', '7', '91');
INSERT INTO `recommendation_books` VALUES ('2017-05-18', '30', '19', '94');
INSERT INTO `recommendation_books` VALUES ('2017-05-18', '30', '35', '100');
INSERT INTO `recommendation_books` VALUES ('2017-05-18', '31', '36', '98');
INSERT INTO `recommendation_books` VALUES ('2017-05-18', '31', '30', '83');
INSERT INTO `recommendation_books` VALUES ('2017-05-18', '31', '12', '90');
INSERT INTO `recommendation_books` VALUES ('2017-05-18', '31', '19', '83');
INSERT INTO `recommendation_books` VALUES ('2017-05-18', '32', '23', '86');
INSERT INTO `recommendation_books` VALUES ('2017-05-18', '32', '3', '95');
INSERT INTO `recommendation_books` VALUES ('2017-05-18', '32', '23', '98');
INSERT INTO `recommendation_books` VALUES ('2017-05-18', '32', '3', '99');
INSERT INTO `recommendation_books` VALUES ('2017-05-18', '33', '42', '85');
INSERT INTO `recommendation_books` VALUES ('2017-05-18', '33', '5', '87');
INSERT INTO `recommendation_books` VALUES ('2017-05-18', '33', '29', '82');
INSERT INTO `recommendation_books` VALUES ('2017-05-18', '33', '34', '90');
INSERT INTO `recommendation_books` VALUES ('2017-05-18', '34', '4', '93');
INSERT INTO `recommendation_books` VALUES ('2017-05-18', '34', '33', '96');
INSERT INTO `recommendation_books` VALUES ('2017-05-18', '34', '12', '89');
INSERT INTO `recommendation_books` VALUES ('2017-05-18', '34', '47', '95');
INSERT INTO `recommendation_books` VALUES ('2017-05-18', '35', '16', '97');
INSERT INTO `recommendation_books` VALUES ('2017-05-18', '35', '8', '90');
INSERT INTO `recommendation_books` VALUES ('2017-05-18', '35', '39', '84');
INSERT INTO `recommendation_books` VALUES ('2017-05-18', '35', '36', '100');
INSERT INTO `recommendation_books` VALUES ('2017-05-18', '36', '7', '100');
INSERT INTO `recommendation_books` VALUES ('2017-05-18', '36', '26', '90');
INSERT INTO `recommendation_books` VALUES ('2017-05-18', '36', '27', '95');
INSERT INTO `recommendation_books` VALUES ('2017-05-18', '36', '24', '89');
INSERT INTO `recommendation_books` VALUES ('2017-05-18', '37', '29', '82');
INSERT INTO `recommendation_books` VALUES ('2017-05-18', '37', '2', '83');
INSERT INTO `recommendation_books` VALUES ('2017-05-18', '37', '12', '89');
INSERT INTO `recommendation_books` VALUES ('2017-05-18', '37', '37', '86');
INSERT INTO `recommendation_books` VALUES ('2017-05-18', '38', '21', '91');
INSERT INTO `recommendation_books` VALUES ('2017-05-18', '38', '1', '100');
INSERT INTO `recommendation_books` VALUES ('2017-05-18', '38', '44', '90');
INSERT INTO `recommendation_books` VALUES ('2017-05-18', '38', '46', '83');
INSERT INTO `recommendation_books` VALUES ('2017-05-18', '39', '21', '94');
INSERT INTO `recommendation_books` VALUES ('2017-05-18', '39', '33', '91');
INSERT INTO `recommendation_books` VALUES ('2017-05-18', '39', '10', '86');
INSERT INTO `recommendation_books` VALUES ('2017-05-18', '39', '2', '94');
INSERT INTO `recommendation_books` VALUES ('2017-05-18', '40', '47', '89');
INSERT INTO `recommendation_books` VALUES ('2017-05-18', '40', '32', '85');
INSERT INTO `recommendation_books` VALUES ('2017-05-18', '40', '45', '89');
INSERT INTO `recommendation_books` VALUES ('2017-05-18', '40', '9', '84');
INSERT INTO `recommendation_books` VALUES ('2017-05-18', '41', '49', '80');
INSERT INTO `recommendation_books` VALUES ('2017-05-18', '41', '38', '83');
INSERT INTO `recommendation_books` VALUES ('2017-05-18', '41', '13', '82');
INSERT INTO `recommendation_books` VALUES ('2017-05-18', '41', '39', '87');
INSERT INTO `recommendation_books` VALUES ('2017-05-18', '42', '26', '86');
INSERT INTO `recommendation_books` VALUES ('2017-05-18', '42', '15', '88');
INSERT INTO `recommendation_books` VALUES ('2017-05-18', '42', '29', '94');
INSERT INTO `recommendation_books` VALUES ('2017-05-18', '42', '29', '85');
INSERT INTO `recommendation_books` VALUES ('2017-05-18', '43', '1', '99');
INSERT INTO `recommendation_books` VALUES ('2017-05-18', '43', '23', '81');
INSERT INTO `recommendation_books` VALUES ('2017-05-18', '43', '35', '85');
INSERT INTO `recommendation_books` VALUES ('2017-05-18', '43', '49', '81');
INSERT INTO `recommendation_books` VALUES ('2017-05-18', '44', '38', '88');
INSERT INTO `recommendation_books` VALUES ('2017-05-18', '44', '23', '82');
INSERT INTO `recommendation_books` VALUES ('2017-05-18', '44', '37', '99');
INSERT INTO `recommendation_books` VALUES ('2017-05-18', '44', '37', '89');
INSERT INTO `recommendation_books` VALUES ('2017-05-18', '45', '8', '87');
INSERT INTO `recommendation_books` VALUES ('2017-05-18', '45', '10', '84');
INSERT INTO `recommendation_books` VALUES ('2017-05-18', '45', '11', '83');
INSERT INTO `recommendation_books` VALUES ('2017-05-18', '45', '34', '100');
INSERT INTO `recommendation_books` VALUES ('2017-05-18', '46', '2', '82');
INSERT INTO `recommendation_books` VALUES ('2017-05-18', '46', '23', '86');
INSERT INTO `recommendation_books` VALUES ('2017-05-18', '46', '37', '89');
INSERT INTO `recommendation_books` VALUES ('2017-05-18', '46', '31', '94');
INSERT INTO `recommendation_books` VALUES ('2017-05-18', '47', '31', '89');
INSERT INTO `recommendation_books` VALUES ('2017-05-18', '47', '20', '82');
INSERT INTO `recommendation_books` VALUES ('2017-05-18', '47', '34', '94');
INSERT INTO `recommendation_books` VALUES ('2017-05-18', '47', '24', '98');
INSERT INTO `recommendation_books` VALUES ('2017-05-18', '48', '16', '94');
INSERT INTO `recommendation_books` VALUES ('2017-05-18', '48', '19', '91');
INSERT INTO `recommendation_books` VALUES ('2017-05-18', '48', '5', '99');
INSERT INTO `recommendation_books` VALUES ('2017-05-18', '48', '8', '92');
INSERT INTO `recommendation_books` VALUES ('2017-05-18', '49', '46', '97');
INSERT INTO `recommendation_books` VALUES ('2017-05-18', '49', '6', '99');
INSERT INTO `recommendation_books` VALUES ('2017-05-18', '49', '5', '92');
INSERT INTO `recommendation_books` VALUES ('2017-05-18', '49', '32', '97');
INSERT INTO `recommendation_books` VALUES ('2017-05-18', '50', '7', '90');
INSERT INTO `recommendation_books` VALUES ('2017-05-18', '50', '29', '89');
INSERT INTO `recommendation_books` VALUES ('2017-05-18', '50', '27', '89');
INSERT INTO `recommendation_books` VALUES ('2017-05-18', '50', '46', '91');
INSERT INTO `recommendation_books` VALUES ('2017-05-18', '51', '7', '98');
INSERT INTO `recommendation_books` VALUES ('2017-05-18', '51', '45', '99');
INSERT INTO `recommendation_books` VALUES ('2017-05-18', '51', '44', '91');
INSERT INTO `recommendation_books` VALUES ('2017-05-18', '51', '33', '95');
INSERT INTO `recommendation_books` VALUES ('2017-05-18', '52', '47', '97');
INSERT INTO `recommendation_books` VALUES ('2017-05-18', '52', '30', '89');
INSERT INTO `recommendation_books` VALUES ('2017-05-18', '52', '23', '86');
INSERT INTO `recommendation_books` VALUES ('2017-05-18', '52', '21', '95');
INSERT INTO `recommendation_books` VALUES ('2017-05-18', '53', '18', '95');
INSERT INTO `recommendation_books` VALUES ('2017-05-18', '53', '13', '88');
INSERT INTO `recommendation_books` VALUES ('2017-05-18', '53', '19', '89');
INSERT INTO `recommendation_books` VALUES ('2017-05-18', '53', '22', '97');
INSERT INTO `recommendation_books` VALUES ('2017-05-18', '54', '31', '84');
INSERT INTO `recommendation_books` VALUES ('2017-05-18', '54', '25', '82');
INSERT INTO `recommendation_books` VALUES ('2017-05-18', '54', '14', '87');
INSERT INTO `recommendation_books` VALUES ('2017-05-18', '54', '27', '80');
INSERT INTO `recommendation_books` VALUES ('2017-05-18', '55', '30', '87');
INSERT INTO `recommendation_books` VALUES ('2017-05-18', '55', '38', '97');
INSERT INTO `recommendation_books` VALUES ('2017-05-18', '55', '8', '80');
INSERT INTO `recommendation_books` VALUES ('2017-05-18', '55', '17', '85');
INSERT INTO `recommendation_books` VALUES ('2017-05-18', '56', '5', '96');
INSERT INTO `recommendation_books` VALUES ('2017-05-18', '56', '37', '96');
INSERT INTO `recommendation_books` VALUES ('2017-05-18', '56', '40', '88');
INSERT INTO `recommendation_books` VALUES ('2017-05-18', '56', '3', '93');
INSERT INTO `recommendation_books` VALUES ('2017-05-18', '57', '42', '84');
INSERT INTO `recommendation_books` VALUES ('2017-05-18', '57', '19', '86');
INSERT INTO `recommendation_books` VALUES ('2017-05-18', '57', '14', '90');
INSERT INTO `recommendation_books` VALUES ('2017-05-18', '57', '43', '89');
INSERT INTO `recommendation_books` VALUES ('2017-05-18', '58', '3', '81');
INSERT INTO `recommendation_books` VALUES ('2017-05-18', '58', '23', '88');
INSERT INTO `recommendation_books` VALUES ('2017-05-18', '58', '39', '89');
INSERT INTO `recommendation_books` VALUES ('2017-05-18', '58', '32', '90');
INSERT INTO `recommendation_books` VALUES ('2017-05-18', '59', '7', '89');
INSERT INTO `recommendation_books` VALUES ('2017-05-18', '59', '8', '85');
INSERT INTO `recommendation_books` VALUES ('2017-05-18', '59', '8', '96');
INSERT INTO `recommendation_books` VALUES ('2017-05-18', '59', '17', '81');
INSERT INTO `recommendation_books` VALUES ('2017-05-18', '60', '23', '95');
INSERT INTO `recommendation_books` VALUES ('2017-05-18', '60', '9', '90');
INSERT INTO `recommendation_books` VALUES ('2017-05-18', '60', '35', '93');
INSERT INTO `recommendation_books` VALUES ('2017-05-18', '60', '43', '95');
INSERT INTO `recommendation_books` VALUES ('2017-05-18', '61', '12', '94');
INSERT INTO `recommendation_books` VALUES ('2017-05-18', '61', '29', '99');
INSERT INTO `recommendation_books` VALUES ('2017-05-18', '61', '5', '96');
INSERT INTO `recommendation_books` VALUES ('2017-05-18', '61', '14', '87');
INSERT INTO `recommendation_books` VALUES ('2017-05-18', '62', '45', '88');
INSERT INTO `recommendation_books` VALUES ('2017-05-18', '62', '38', '82');
INSERT INTO `recommendation_books` VALUES ('2017-05-18', '62', '34', '94');
INSERT INTO `recommendation_books` VALUES ('2017-05-18', '62', '16', '81');
INSERT INTO `recommendation_books` VALUES ('2017-05-18', '63', '42', '85');
INSERT INTO `recommendation_books` VALUES ('2017-05-18', '63', '10', '96');
INSERT INTO `recommendation_books` VALUES ('2017-05-18', '63', '45', '100');
INSERT INTO `recommendation_books` VALUES ('2017-05-18', '63', '38', '99');
INSERT INTO `recommendation_books` VALUES ('2017-05-18', '64', '40', '98');
INSERT INTO `recommendation_books` VALUES ('2017-05-18', '64', '50', '81');
INSERT INTO `recommendation_books` VALUES ('2017-05-18', '64', '43', '87');
INSERT INTO `recommendation_books` VALUES ('2017-05-18', '64', '34', '93');
INSERT INTO `recommendation_books` VALUES ('2017-05-18', '65', '9', '81');
INSERT INTO `recommendation_books` VALUES ('2017-05-18', '65', '43', '85');
INSERT INTO `recommendation_books` VALUES ('2017-05-18', '65', '4', '96');
INSERT INTO `recommendation_books` VALUES ('2017-05-18', '65', '19', '84');
INSERT INTO `recommendation_books` VALUES ('2017-05-18', '66', '13', '93');
INSERT INTO `recommendation_books` VALUES ('2017-05-18', '66', '16', '89');
INSERT INTO `recommendation_books` VALUES ('2017-05-18', '66', '47', '92');
INSERT INTO `recommendation_books` VALUES ('2017-05-18', '66', '17', '89');
INSERT INTO `recommendation_books` VALUES ('2017-05-18', '67', '27', '92');
INSERT INTO `recommendation_books` VALUES ('2017-05-18', '67', '30', '85');
INSERT INTO `recommendation_books` VALUES ('2017-05-18', '67', '32', '83');
INSERT INTO `recommendation_books` VALUES ('2017-05-18', '67', '7', '86');
INSERT INTO `recommendation_books` VALUES ('2017-05-18', '68', '8', '93');
INSERT INTO `recommendation_books` VALUES ('2017-05-18', '68', '11', '84');
INSERT INTO `recommendation_books` VALUES ('2017-05-18', '68', '20', '82');
INSERT INTO `recommendation_books` VALUES ('2017-05-18', '68', '11', '94');
INSERT INTO `recommendation_books` VALUES ('2017-05-18', '69', '46', '89');
INSERT INTO `recommendation_books` VALUES ('2017-05-18', '69', '39', '94');
INSERT INTO `recommendation_books` VALUES ('2017-05-18', '69', '26', '84');
INSERT INTO `recommendation_books` VALUES ('2017-05-18', '69', '19', '89');
INSERT INTO `recommendation_books` VALUES ('2017-05-18', '70', '27', '91');
INSERT INTO `recommendation_books` VALUES ('2017-05-18', '70', '18', '94');
INSERT INTO `recommendation_books` VALUES ('2017-05-18', '70', '35', '80');
INSERT INTO `recommendation_books` VALUES ('2017-05-18', '70', '24', '95');
INSERT INTO `recommendation_books` VALUES ('2017-05-18', '71', '42', '90');
INSERT INTO `recommendation_books` VALUES ('2017-05-18', '71', '9', '91');
INSERT INTO `recommendation_books` VALUES ('2017-05-18', '71', '33', '92');
INSERT INTO `recommendation_books` VALUES ('2017-05-18', '71', '45', '99');
INSERT INTO `recommendation_books` VALUES ('2017-05-18', '72', '7', '81');
INSERT INTO `recommendation_books` VALUES ('2017-05-18', '72', '40', '83');
INSERT INTO `recommendation_books` VALUES ('2017-05-18', '72', '48', '82');
INSERT INTO `recommendation_books` VALUES ('2017-05-18', '72', '11', '89');
INSERT INTO `recommendation_books` VALUES ('2017-05-18', '73', '7', '97');
INSERT INTO `recommendation_books` VALUES ('2017-05-18', '73', '11', '84');
INSERT INTO `recommendation_books` VALUES ('2017-05-18', '73', '9', '86');
INSERT INTO `recommendation_books` VALUES ('2017-05-18', '73', '5', '92');
INSERT INTO `recommendation_books` VALUES ('2017-05-18', '74', '27', '100');
INSERT INTO `recommendation_books` VALUES ('2017-05-18', '74', '30', '80');
INSERT INTO `recommendation_books` VALUES ('2017-05-18', '74', '37', '82');
INSERT INTO `recommendation_books` VALUES ('2017-05-18', '74', '49', '91');
INSERT INTO `recommendation_books` VALUES ('2017-05-18', '75', '36', '89');
INSERT INTO `recommendation_books` VALUES ('2017-05-18', '75', '26', '90');
INSERT INTO `recommendation_books` VALUES ('2017-05-18', '75', '14', '80');
INSERT INTO `recommendation_books` VALUES ('2017-05-18', '75', '13', '91');
INSERT INTO `recommendation_books` VALUES ('2017-05-18', '76', '12', '94');
INSERT INTO `recommendation_books` VALUES ('2017-05-18', '76', '1', '95');
INSERT INTO `recommendation_books` VALUES ('2017-05-18', '76', '12', '93');
INSERT INTO `recommendation_books` VALUES ('2017-05-18', '76', '11', '91');
INSERT INTO `recommendation_books` VALUES ('2017-05-18', '77', '12', '84');
INSERT INTO `recommendation_books` VALUES ('2017-05-18', '77', '14', '100');
INSERT INTO `recommendation_books` VALUES ('2017-05-18', '77', '11', '82');
INSERT INTO `recommendation_books` VALUES ('2017-05-18', '77', '34', '95');
INSERT INTO `recommendation_books` VALUES ('2017-05-18', '78', '17', '82');
INSERT INTO `recommendation_books` VALUES ('2017-05-18', '78', '3', '95');
INSERT INTO `recommendation_books` VALUES ('2017-05-18', '78', '21', '98');
INSERT INTO `recommendation_books` VALUES ('2017-05-18', '78', '35', '88');
INSERT INTO `recommendation_books` VALUES ('2017-05-18', '79', '34', '92');
INSERT INTO `recommendation_books` VALUES ('2017-05-18', '79', '1', '84');
INSERT INTO `recommendation_books` VALUES ('2017-05-18', '79', '34', '84');
INSERT INTO `recommendation_books` VALUES ('2017-05-18', '79', '33', '92');
INSERT INTO `recommendation_books` VALUES ('2017-05-18', '80', '18', '94');
INSERT INTO `recommendation_books` VALUES ('2017-05-18', '80', '25', '86');
INSERT INTO `recommendation_books` VALUES ('2017-05-18', '80', '28', '86');
INSERT INTO `recommendation_books` VALUES ('2017-05-18', '80', '4', '100');
INSERT INTO `recommendation_books` VALUES ('2017-05-18', '81', '33', '96');
INSERT INTO `recommendation_books` VALUES ('2017-05-18', '81', '33', '86');
INSERT INTO `recommendation_books` VALUES ('2017-05-18', '81', '50', '92');
INSERT INTO `recommendation_books` VALUES ('2017-05-18', '81', '6', '100');
INSERT INTO `recommendation_books` VALUES ('2017-05-18', '82', '10', '97');
INSERT INTO `recommendation_books` VALUES ('2017-05-18', '82', '7', '81');
INSERT INTO `recommendation_books` VALUES ('2017-05-18', '82', '41', '83');
INSERT INTO `recommendation_books` VALUES ('2017-05-18', '82', '8', '92');
INSERT INTO `recommendation_books` VALUES ('2017-05-18', '83', '28', '82');
INSERT INTO `recommendation_books` VALUES ('2017-05-18', '83', '26', '87');
INSERT INTO `recommendation_books` VALUES ('2017-05-18', '83', '6', '98');
INSERT INTO `recommendation_books` VALUES ('2017-05-18', '83', '29', '100');
INSERT INTO `recommendation_books` VALUES ('2017-05-18', '84', '29', '98');
INSERT INTO `recommendation_books` VALUES ('2017-05-18', '84', '40', '99');
INSERT INTO `recommendation_books` VALUES ('2017-05-18', '84', '41', '80');
INSERT INTO `recommendation_books` VALUES ('2017-05-18', '84', '1', '99');
INSERT INTO `recommendation_books` VALUES ('2017-05-18', '85', '33', '88');
INSERT INTO `recommendation_books` VALUES ('2017-05-18', '85', '32', '99');
INSERT INTO `recommendation_books` VALUES ('2017-05-18', '85', '32', '92');
INSERT INTO `recommendation_books` VALUES ('2017-05-18', '85', '17', '84');
INSERT INTO `recommendation_books` VALUES ('2017-05-18', '86', '30', '91');
INSERT INTO `recommendation_books` VALUES ('2017-05-18', '86', '6', '84');
INSERT INTO `recommendation_books` VALUES ('2017-05-18', '86', '31', '89');
INSERT INTO `recommendation_books` VALUES ('2017-05-18', '86', '21', '91');
INSERT INTO `recommendation_books` VALUES ('2017-05-18', '87', '12', '80');
INSERT INTO `recommendation_books` VALUES ('2017-05-18', '87', '49', '95');
INSERT INTO `recommendation_books` VALUES ('2017-05-18', '87', '42', '81');
INSERT INTO `recommendation_books` VALUES ('2017-05-18', '87', '8', '83');
INSERT INTO `recommendation_books` VALUES ('2017-05-18', '88', '35', '99');
INSERT INTO `recommendation_books` VALUES ('2017-05-18', '88', '13', '82');
INSERT INTO `recommendation_books` VALUES ('2017-05-18', '88', '12', '83');
INSERT INTO `recommendation_books` VALUES ('2017-05-18', '88', '3', '82');
INSERT INTO `recommendation_books` VALUES ('2017-05-18', '89', '15', '84');
INSERT INTO `recommendation_books` VALUES ('2017-05-18', '89', '37', '86');
INSERT INTO `recommendation_books` VALUES ('2017-05-18', '89', '33', '80');
INSERT INTO `recommendation_books` VALUES ('2017-05-18', '89', '12', '89');
INSERT INTO `recommendation_books` VALUES ('2017-05-18', '90', '21', '89');
INSERT INTO `recommendation_books` VALUES ('2017-05-18', '90', '28', '88');
INSERT INTO `recommendation_books` VALUES ('2017-05-18', '90', '1', '90');
INSERT INTO `recommendation_books` VALUES ('2017-05-18', '90', '41', '87');
INSERT INTO `recommendation_books` VALUES ('2017-05-18', '91', '41', '85');
INSERT INTO `recommendation_books` VALUES ('2017-05-18', '91', '14', '90');
INSERT INTO `recommendation_books` VALUES ('2017-05-18', '91', '20', '86');
INSERT INTO `recommendation_books` VALUES ('2017-05-18', '91', '34', '93');
INSERT INTO `recommendation_books` VALUES ('2017-05-18', '92', '22', '97');
INSERT INTO `recommendation_books` VALUES ('2017-05-18', '92', '42', '82');
INSERT INTO `recommendation_books` VALUES ('2017-05-18', '92', '45', '93');
INSERT INTO `recommendation_books` VALUES ('2017-05-18', '92', '28', '86');
INSERT INTO `recommendation_books` VALUES ('2017-05-18', '93', '27', '82');
INSERT INTO `recommendation_books` VALUES ('2017-05-18', '93', '14', '80');
INSERT INTO `recommendation_books` VALUES ('2017-05-18', '93', '4', '80');
INSERT INTO `recommendation_books` VALUES ('2017-05-18', '93', '9', '91');
INSERT INTO `recommendation_books` VALUES ('2017-05-18', '94', '4', '81');
INSERT INTO `recommendation_books` VALUES ('2017-05-18', '94', '16', '89');
INSERT INTO `recommendation_books` VALUES ('2017-05-18', '94', '37', '92');
INSERT INTO `recommendation_books` VALUES ('2017-05-18', '94', '29', '93');
INSERT INTO `recommendation_books` VALUES ('2017-05-18', '95', '15', '80');
INSERT INTO `recommendation_books` VALUES ('2017-05-18', '95', '21', '91');
INSERT INTO `recommendation_books` VALUES ('2017-05-18', '95', '45', '91');
INSERT INTO `recommendation_books` VALUES ('2017-05-18', '95', '9', '94');
INSERT INTO `recommendation_books` VALUES ('2017-05-18', '96', '9', '83');
INSERT INTO `recommendation_books` VALUES ('2017-05-18', '96', '1', '100');
INSERT INTO `recommendation_books` VALUES ('2017-05-18', '96', '41', '96');
INSERT INTO `recommendation_books` VALUES ('2017-05-18', '96', '33', '95');
INSERT INTO `recommendation_books` VALUES ('2017-05-18', '97', '41', '99');
INSERT INTO `recommendation_books` VALUES ('2017-05-18', '97', '7', '95');
INSERT INTO `recommendation_books` VALUES ('2017-05-18', '97', '32', '82');
INSERT INTO `recommendation_books` VALUES ('2017-05-18', '97', '26', '87');
INSERT INTO `recommendation_books` VALUES ('2017-05-18', '98', '13', '85');
INSERT INTO `recommendation_books` VALUES ('2017-05-18', '98', '43', '99');
INSERT INTO `recommendation_books` VALUES ('2017-05-18', '98', '40', '93');
INSERT INTO `recommendation_books` VALUES ('2017-05-18', '98', '10', '83');
INSERT INTO `recommendation_books` VALUES ('2017-05-18', '99', '26', '85');
INSERT INTO `recommendation_books` VALUES ('2017-05-18', '99', '14', '92');
INSERT INTO `recommendation_books` VALUES ('2017-05-18', '99', '12', '94');
INSERT INTO `recommendation_books` VALUES ('2017-05-18', '99', '2', '95');
INSERT INTO `recommendation_books` VALUES ('2017-05-18', '100', '19', '81');
INSERT INTO `recommendation_books` VALUES ('2017-05-18', '100', '28', '85');
INSERT INTO `recommendation_books` VALUES ('2017-05-18', '100', '46', '94');
INSERT INTO `recommendation_books` VALUES ('2017-05-18', '100', '50', '95');
INSERT INTO `recommendation_books` VALUES ('2017-05-19', '1', '1', '85');
INSERT INTO `recommendation_books` VALUES ('2017-05-19', '1', '2', '90');
INSERT INTO `recommendation_books` VALUES ('2017-05-19', '1', '27', '92');
INSERT INTO `recommendation_books` VALUES ('2017-05-19', '1', '36', '80');
INSERT INTO `recommendation_books` VALUES ('2017-05-19', '2', '44', '95');
INSERT INTO `recommendation_books` VALUES ('2017-05-19', '2', '39', '84');
INSERT INTO `recommendation_books` VALUES ('2017-05-19', '2', '38', '92');
INSERT INTO `recommendation_books` VALUES ('2017-05-19', '2', '14', '89');
INSERT INTO `recommendation_books` VALUES ('2017-05-19', '3', '5', '83');
INSERT INTO `recommendation_books` VALUES ('2017-05-19', '3', '50', '80');
INSERT INTO `recommendation_books` VALUES ('2017-05-19', '3', '9', '91');
INSERT INTO `recommendation_books` VALUES ('2017-05-19', '3', '17', '86');
INSERT INTO `recommendation_books` VALUES ('2017-05-19', '4', '19', '87');
INSERT INTO `recommendation_books` VALUES ('2017-05-19', '4', '15', '88');
INSERT INTO `recommendation_books` VALUES ('2017-05-19', '4', '29', '90');
INSERT INTO `recommendation_books` VALUES ('2017-05-19', '4', '42', '98');
INSERT INTO `recommendation_books` VALUES ('2017-05-19', '5', '4', '86');
INSERT INTO `recommendation_books` VALUES ('2017-05-19', '5', '7', '88');
INSERT INTO `recommendation_books` VALUES ('2017-05-19', '5', '19', '83');
INSERT INTO `recommendation_books` VALUES ('2017-05-19', '5', '44', '84');
INSERT INTO `recommendation_books` VALUES ('2017-05-19', '6', '34', '98');
INSERT INTO `recommendation_books` VALUES ('2017-05-19', '6', '24', '98');
INSERT INTO `recommendation_books` VALUES ('2017-05-19', '6', '32', '80');
INSERT INTO `recommendation_books` VALUES ('2017-05-19', '6', '17', '88');
INSERT INTO `recommendation_books` VALUES ('2017-05-19', '7', '7', '90');
INSERT INTO `recommendation_books` VALUES ('2017-05-19', '7', '42', '96');
INSERT INTO `recommendation_books` VALUES ('2017-05-19', '7', '28', '85');
INSERT INTO `recommendation_books` VALUES ('2017-05-19', '7', '9', '91');
INSERT INTO `recommendation_books` VALUES ('2017-05-19', '8', '7', '100');
INSERT INTO `recommendation_books` VALUES ('2017-05-19', '8', '40', '84');
INSERT INTO `recommendation_books` VALUES ('2017-05-19', '8', '41', '96');
INSERT INTO `recommendation_books` VALUES ('2017-05-19', '8', '40', '94');
INSERT INTO `recommendation_books` VALUES ('2017-05-19', '9', '10', '80');
INSERT INTO `recommendation_books` VALUES ('2017-05-19', '9', '9', '83');
INSERT INTO `recommendation_books` VALUES ('2017-05-19', '9', '27', '80');
INSERT INTO `recommendation_books` VALUES ('2017-05-19', '9', '35', '84');
INSERT INTO `recommendation_books` VALUES ('2017-05-19', '10', '32', '92');
INSERT INTO `recommendation_books` VALUES ('2017-05-19', '10', '35', '100');
INSERT INTO `recommendation_books` VALUES ('2017-05-19', '10', '17', '93');
INSERT INTO `recommendation_books` VALUES ('2017-05-19', '10', '39', '99');
INSERT INTO `recommendation_books` VALUES ('2017-05-19', '11', '4', '92');
INSERT INTO `recommendation_books` VALUES ('2017-05-19', '11', '24', '87');
INSERT INTO `recommendation_books` VALUES ('2017-05-19', '11', '12', '83');
INSERT INTO `recommendation_books` VALUES ('2017-05-19', '11', '2', '80');
INSERT INTO `recommendation_books` VALUES ('2017-05-19', '12', '4', '92');
INSERT INTO `recommendation_books` VALUES ('2017-05-19', '12', '35', '87');
INSERT INTO `recommendation_books` VALUES ('2017-05-19', '12', '15', '94');
INSERT INTO `recommendation_books` VALUES ('2017-05-19', '12', '10', '86');
INSERT INTO `recommendation_books` VALUES ('2017-05-19', '13', '41', '85');
INSERT INTO `recommendation_books` VALUES ('2017-05-19', '13', '31', '84');
INSERT INTO `recommendation_books` VALUES ('2017-05-19', '13', '17', '82');
INSERT INTO `recommendation_books` VALUES ('2017-05-19', '13', '35', '81');
INSERT INTO `recommendation_books` VALUES ('2017-05-19', '14', '36', '89');
INSERT INTO `recommendation_books` VALUES ('2017-05-19', '14', '21', '95');
INSERT INTO `recommendation_books` VALUES ('2017-05-19', '14', '32', '87');
INSERT INTO `recommendation_books` VALUES ('2017-05-19', '14', '34', '99');
INSERT INTO `recommendation_books` VALUES ('2017-05-19', '15', '8', '86');
INSERT INTO `recommendation_books` VALUES ('2017-05-19', '15', '26', '86');
INSERT INTO `recommendation_books` VALUES ('2017-05-19', '15', '43', '88');
INSERT INTO `recommendation_books` VALUES ('2017-05-19', '15', '48', '100');
INSERT INTO `recommendation_books` VALUES ('2017-05-19', '16', '4', '80');
INSERT INTO `recommendation_books` VALUES ('2017-05-19', '16', '6', '98');
INSERT INTO `recommendation_books` VALUES ('2017-05-19', '16', '47', '95');
INSERT INTO `recommendation_books` VALUES ('2017-05-19', '16', '20', '85');
INSERT INTO `recommendation_books` VALUES ('2017-05-19', '17', '20', '97');
INSERT INTO `recommendation_books` VALUES ('2017-05-19', '17', '48', '87');
INSERT INTO `recommendation_books` VALUES ('2017-05-19', '17', '37', '99');
INSERT INTO `recommendation_books` VALUES ('2017-05-19', '17', '36', '93');
INSERT INTO `recommendation_books` VALUES ('2017-05-19', '18', '26', '93');
INSERT INTO `recommendation_books` VALUES ('2017-05-19', '18', '21', '93');
INSERT INTO `recommendation_books` VALUES ('2017-05-19', '18', '16', '93');
INSERT INTO `recommendation_books` VALUES ('2017-05-19', '18', '47', '82');
INSERT INTO `recommendation_books` VALUES ('2017-05-19', '19', '12', '100');
INSERT INTO `recommendation_books` VALUES ('2017-05-19', '19', '21', '98');
INSERT INTO `recommendation_books` VALUES ('2017-05-19', '19', '46', '92');
INSERT INTO `recommendation_books` VALUES ('2017-05-19', '19', '30', '88');
INSERT INTO `recommendation_books` VALUES ('2017-05-19', '20', '50', '95');
INSERT INTO `recommendation_books` VALUES ('2017-05-19', '20', '42', '93');
INSERT INTO `recommendation_books` VALUES ('2017-05-19', '20', '18', '93');
INSERT INTO `recommendation_books` VALUES ('2017-05-19', '20', '31', '82');
INSERT INTO `recommendation_books` VALUES ('2017-05-19', '21', '5', '100');
INSERT INTO `recommendation_books` VALUES ('2017-05-19', '21', '7', '86');
INSERT INTO `recommendation_books` VALUES ('2017-05-19', '21', '32', '94');
INSERT INTO `recommendation_books` VALUES ('2017-05-19', '21', '44', '87');
INSERT INTO `recommendation_books` VALUES ('2017-05-19', '22', '25', '82');
INSERT INTO `recommendation_books` VALUES ('2017-05-19', '22', '44', '86');
INSERT INTO `recommendation_books` VALUES ('2017-05-19', '22', '33', '80');
INSERT INTO `recommendation_books` VALUES ('2017-05-19', '22', '18', '99');
INSERT INTO `recommendation_books` VALUES ('2017-05-19', '23', '2', '98');
INSERT INTO `recommendation_books` VALUES ('2017-05-19', '23', '5', '82');
INSERT INTO `recommendation_books` VALUES ('2017-05-19', '23', '34', '92');
INSERT INTO `recommendation_books` VALUES ('2017-05-19', '23', '25', '98');
INSERT INTO `recommendation_books` VALUES ('2017-05-19', '24', '28', '94');
INSERT INTO `recommendation_books` VALUES ('2017-05-19', '24', '32', '87');
INSERT INTO `recommendation_books` VALUES ('2017-05-19', '24', '11', '91');
INSERT INTO `recommendation_books` VALUES ('2017-05-19', '24', '35', '97');
INSERT INTO `recommendation_books` VALUES ('2017-05-19', '25', '12', '99');
INSERT INTO `recommendation_books` VALUES ('2017-05-19', '25', '43', '84');
INSERT INTO `recommendation_books` VALUES ('2017-05-19', '25', '3', '80');
INSERT INTO `recommendation_books` VALUES ('2017-05-19', '25', '9', '86');
INSERT INTO `recommendation_books` VALUES ('2017-05-19', '26', '9', '90');
INSERT INTO `recommendation_books` VALUES ('2017-05-19', '26', '35', '80');
INSERT INTO `recommendation_books` VALUES ('2017-05-19', '26', '14', '81');
INSERT INTO `recommendation_books` VALUES ('2017-05-19', '26', '49', '86');
INSERT INTO `recommendation_books` VALUES ('2017-05-19', '27', '2', '90');
INSERT INTO `recommendation_books` VALUES ('2017-05-19', '27', '2', '84');
INSERT INTO `recommendation_books` VALUES ('2017-05-19', '27', '27', '81');
INSERT INTO `recommendation_books` VALUES ('2017-05-19', '27', '49', '89');
INSERT INTO `recommendation_books` VALUES ('2017-05-19', '28', '24', '90');
INSERT INTO `recommendation_books` VALUES ('2017-05-19', '28', '31', '87');
INSERT INTO `recommendation_books` VALUES ('2017-05-19', '28', '32', '81');
INSERT INTO `recommendation_books` VALUES ('2017-05-19', '28', '28', '82');
INSERT INTO `recommendation_books` VALUES ('2017-05-19', '29', '18', '82');
INSERT INTO `recommendation_books` VALUES ('2017-05-19', '29', '32', '96');
INSERT INTO `recommendation_books` VALUES ('2017-05-19', '29', '15', '85');
INSERT INTO `recommendation_books` VALUES ('2017-05-19', '29', '22', '90');
INSERT INTO `recommendation_books` VALUES ('2017-05-19', '30', '50', '88');
INSERT INTO `recommendation_books` VALUES ('2017-05-19', '30', '50', '93');
INSERT INTO `recommendation_books` VALUES ('2017-05-19', '30', '32', '97');
INSERT INTO `recommendation_books` VALUES ('2017-05-19', '30', '32', '93');
INSERT INTO `recommendation_books` VALUES ('2017-05-19', '31', '21', '97');
INSERT INTO `recommendation_books` VALUES ('2017-05-19', '31', '12', '87');
INSERT INTO `recommendation_books` VALUES ('2017-05-19', '31', '4', '93');
INSERT INTO `recommendation_books` VALUES ('2017-05-19', '31', '45', '97');
INSERT INTO `recommendation_books` VALUES ('2017-05-19', '32', '13', '88');
INSERT INTO `recommendation_books` VALUES ('2017-05-19', '32', '48', '85');
INSERT INTO `recommendation_books` VALUES ('2017-05-19', '32', '44', '91');
INSERT INTO `recommendation_books` VALUES ('2017-05-19', '32', '12', '94');
INSERT INTO `recommendation_books` VALUES ('2017-05-19', '33', '19', '98');
INSERT INTO `recommendation_books` VALUES ('2017-05-19', '33', '33', '98');
INSERT INTO `recommendation_books` VALUES ('2017-05-19', '33', '47', '82');
INSERT INTO `recommendation_books` VALUES ('2017-05-19', '33', '17', '92');
INSERT INTO `recommendation_books` VALUES ('2017-05-19', '34', '37', '99');
INSERT INTO `recommendation_books` VALUES ('2017-05-19', '34', '8', '80');
INSERT INTO `recommendation_books` VALUES ('2017-05-19', '34', '39', '82');
INSERT INTO `recommendation_books` VALUES ('2017-05-19', '34', '30', '99');
INSERT INTO `recommendation_books` VALUES ('2017-05-19', '35', '23', '97');
INSERT INTO `recommendation_books` VALUES ('2017-05-19', '35', '24', '96');
INSERT INTO `recommendation_books` VALUES ('2017-05-19', '35', '2', '92');
INSERT INTO `recommendation_books` VALUES ('2017-05-19', '35', '8', '96');
INSERT INTO `recommendation_books` VALUES ('2017-05-19', '36', '13', '98');
INSERT INTO `recommendation_books` VALUES ('2017-05-19', '36', '35', '83');
INSERT INTO `recommendation_books` VALUES ('2017-05-19', '36', '18', '85');
INSERT INTO `recommendation_books` VALUES ('2017-05-19', '36', '20', '82');
INSERT INTO `recommendation_books` VALUES ('2017-05-19', '37', '7', '84');
INSERT INTO `recommendation_books` VALUES ('2017-05-19', '37', '27', '96');
INSERT INTO `recommendation_books` VALUES ('2017-05-19', '37', '27', '99');
INSERT INTO `recommendation_books` VALUES ('2017-05-19', '37', '38', '100');
INSERT INTO `recommendation_books` VALUES ('2017-05-19', '38', '24', '96');
INSERT INTO `recommendation_books` VALUES ('2017-05-19', '38', '22', '91');
INSERT INTO `recommendation_books` VALUES ('2017-05-19', '38', '44', '80');
INSERT INTO `recommendation_books` VALUES ('2017-05-19', '38', '39', '88');
INSERT INTO `recommendation_books` VALUES ('2017-05-19', '39', '3', '87');
INSERT INTO `recommendation_books` VALUES ('2017-05-19', '39', '24', '86');
INSERT INTO `recommendation_books` VALUES ('2017-05-19', '39', '10', '85');
INSERT INTO `recommendation_books` VALUES ('2017-05-19', '39', '38', '92');
INSERT INTO `recommendation_books` VALUES ('2017-05-19', '40', '14', '94');
INSERT INTO `recommendation_books` VALUES ('2017-05-19', '40', '43', '81');
INSERT INTO `recommendation_books` VALUES ('2017-05-19', '40', '30', '95');
INSERT INTO `recommendation_books` VALUES ('2017-05-19', '40', '14', '83');
INSERT INTO `recommendation_books` VALUES ('2017-05-19', '41', '28', '100');
INSERT INTO `recommendation_books` VALUES ('2017-05-19', '41', '47', '96');
INSERT INTO `recommendation_books` VALUES ('2017-05-19', '41', '24', '88');
INSERT INTO `recommendation_books` VALUES ('2017-05-19', '41', '45', '80');
INSERT INTO `recommendation_books` VALUES ('2017-05-19', '42', '42', '94');
INSERT INTO `recommendation_books` VALUES ('2017-05-19', '42', '46', '85');
INSERT INTO `recommendation_books` VALUES ('2017-05-19', '42', '44', '88');
INSERT INTO `recommendation_books` VALUES ('2017-05-19', '42', '50', '92');
INSERT INTO `recommendation_books` VALUES ('2017-05-19', '43', '43', '91');
INSERT INTO `recommendation_books` VALUES ('2017-05-19', '43', '7', '81');
INSERT INTO `recommendation_books` VALUES ('2017-05-19', '43', '42', '85');
INSERT INTO `recommendation_books` VALUES ('2017-05-19', '43', '39', '86');
INSERT INTO `recommendation_books` VALUES ('2017-05-19', '44', '27', '82');
INSERT INTO `recommendation_books` VALUES ('2017-05-19', '44', '36', '86');
INSERT INTO `recommendation_books` VALUES ('2017-05-19', '44', '1', '97');
INSERT INTO `recommendation_books` VALUES ('2017-05-19', '44', '14', '84');
INSERT INTO `recommendation_books` VALUES ('2017-05-19', '45', '5', '90');
INSERT INTO `recommendation_books` VALUES ('2017-05-19', '45', '42', '91');
INSERT INTO `recommendation_books` VALUES ('2017-05-19', '45', '19', '85');
INSERT INTO `recommendation_books` VALUES ('2017-05-19', '45', '4', '84');
INSERT INTO `recommendation_books` VALUES ('2017-05-19', '46', '1', '80');
INSERT INTO `recommendation_books` VALUES ('2017-05-19', '46', '49', '97');
INSERT INTO `recommendation_books` VALUES ('2017-05-19', '46', '3', '87');
INSERT INTO `recommendation_books` VALUES ('2017-05-19', '46', '35', '83');
INSERT INTO `recommendation_books` VALUES ('2017-05-19', '47', '19', '92');
INSERT INTO `recommendation_books` VALUES ('2017-05-19', '47', '1', '88');
INSERT INTO `recommendation_books` VALUES ('2017-05-19', '47', '39', '100');
INSERT INTO `recommendation_books` VALUES ('2017-05-19', '47', '7', '89');
INSERT INTO `recommendation_books` VALUES ('2017-05-19', '48', '46', '93');
INSERT INTO `recommendation_books` VALUES ('2017-05-19', '48', '4', '97');
INSERT INTO `recommendation_books` VALUES ('2017-05-19', '48', '10', '80');
INSERT INTO `recommendation_books` VALUES ('2017-05-19', '48', '50', '83');
INSERT INTO `recommendation_books` VALUES ('2017-05-19', '49', '11', '96');
INSERT INTO `recommendation_books` VALUES ('2017-05-19', '49', '50', '100');
INSERT INTO `recommendation_books` VALUES ('2017-05-19', '49', '32', '99');
INSERT INTO `recommendation_books` VALUES ('2017-05-19', '49', '49', '87');
INSERT INTO `recommendation_books` VALUES ('2017-05-19', '50', '13', '89');
INSERT INTO `recommendation_books` VALUES ('2017-05-19', '50', '49', '91');
INSERT INTO `recommendation_books` VALUES ('2017-05-19', '50', '32', '92');
INSERT INTO `recommendation_books` VALUES ('2017-05-19', '50', '32', '100');
INSERT INTO `recommendation_books` VALUES ('2017-05-19', '51', '25', '87');
INSERT INTO `recommendation_books` VALUES ('2017-05-19', '51', '32', '80');
INSERT INTO `recommendation_books` VALUES ('2017-05-19', '51', '50', '98');
INSERT INTO `recommendation_books` VALUES ('2017-05-19', '51', '30', '89');
INSERT INTO `recommendation_books` VALUES ('2017-05-19', '52', '3', '82');
INSERT INTO `recommendation_books` VALUES ('2017-05-19', '52', '23', '96');
INSERT INTO `recommendation_books` VALUES ('2017-05-19', '52', '6', '94');
INSERT INTO `recommendation_books` VALUES ('2017-05-19', '52', '42', '91');
INSERT INTO `recommendation_books` VALUES ('2017-05-19', '53', '44', '96');
INSERT INTO `recommendation_books` VALUES ('2017-05-19', '53', '40', '92');
INSERT INTO `recommendation_books` VALUES ('2017-05-19', '53', '29', '83');
INSERT INTO `recommendation_books` VALUES ('2017-05-19', '53', '44', '80');
INSERT INTO `recommendation_books` VALUES ('2017-05-19', '54', '26', '85');
INSERT INTO `recommendation_books` VALUES ('2017-05-19', '54', '1', '95');
INSERT INTO `recommendation_books` VALUES ('2017-05-19', '54', '20', '88');
INSERT INTO `recommendation_books` VALUES ('2017-05-19', '54', '14', '95');
INSERT INTO `recommendation_books` VALUES ('2017-05-19', '55', '21', '93');
INSERT INTO `recommendation_books` VALUES ('2017-05-19', '55', '17', '90');
INSERT INTO `recommendation_books` VALUES ('2017-05-19', '55', '49', '88');
INSERT INTO `recommendation_books` VALUES ('2017-05-19', '55', '7', '97');
INSERT INTO `recommendation_books` VALUES ('2017-05-19', '56', '14', '92');
INSERT INTO `recommendation_books` VALUES ('2017-05-19', '56', '17', '91');
INSERT INTO `recommendation_books` VALUES ('2017-05-19', '56', '49', '86');
INSERT INTO `recommendation_books` VALUES ('2017-05-19', '56', '1', '98');
INSERT INTO `recommendation_books` VALUES ('2017-05-19', '57', '5', '82');
INSERT INTO `recommendation_books` VALUES ('2017-05-19', '57', '13', '89');
INSERT INTO `recommendation_books` VALUES ('2017-05-19', '57', '37', '86');
INSERT INTO `recommendation_books` VALUES ('2017-05-19', '57', '8', '84');
INSERT INTO `recommendation_books` VALUES ('2017-05-19', '58', '10', '97');
INSERT INTO `recommendation_books` VALUES ('2017-05-19', '58', '17', '94');
INSERT INTO `recommendation_books` VALUES ('2017-05-19', '58', '10', '84');
INSERT INTO `recommendation_books` VALUES ('2017-05-19', '58', '49', '95');
INSERT INTO `recommendation_books` VALUES ('2017-05-19', '59', '40', '82');
INSERT INTO `recommendation_books` VALUES ('2017-05-19', '59', '28', '83');
INSERT INTO `recommendation_books` VALUES ('2017-05-19', '59', '24', '97');
INSERT INTO `recommendation_books` VALUES ('2017-05-19', '59', '44', '87');
INSERT INTO `recommendation_books` VALUES ('2017-05-19', '60', '28', '91');
INSERT INTO `recommendation_books` VALUES ('2017-05-19', '60', '43', '94');
INSERT INTO `recommendation_books` VALUES ('2017-05-19', '60', '39', '86');
INSERT INTO `recommendation_books` VALUES ('2017-05-19', '60', '19', '85');
INSERT INTO `recommendation_books` VALUES ('2017-05-19', '61', '27', '87');
INSERT INTO `recommendation_books` VALUES ('2017-05-19', '61', '38', '85');
INSERT INTO `recommendation_books` VALUES ('2017-05-19', '61', '36', '82');
INSERT INTO `recommendation_books` VALUES ('2017-05-19', '61', '35', '99');
INSERT INTO `recommendation_books` VALUES ('2017-05-19', '62', '4', '98');
INSERT INTO `recommendation_books` VALUES ('2017-05-19', '62', '39', '90');
INSERT INTO `recommendation_books` VALUES ('2017-05-19', '62', '26', '91');
INSERT INTO `recommendation_books` VALUES ('2017-05-19', '62', '43', '89');
INSERT INTO `recommendation_books` VALUES ('2017-05-19', '63', '1', '85');
INSERT INTO `recommendation_books` VALUES ('2017-05-19', '63', '38', '81');
INSERT INTO `recommendation_books` VALUES ('2017-05-19', '63', '10', '82');
INSERT INTO `recommendation_books` VALUES ('2017-05-19', '63', '5', '93');
INSERT INTO `recommendation_books` VALUES ('2017-05-19', '64', '20', '84');
INSERT INTO `recommendation_books` VALUES ('2017-05-19', '64', '31', '83');
INSERT INTO `recommendation_books` VALUES ('2017-05-19', '64', '45', '80');
INSERT INTO `recommendation_books` VALUES ('2017-05-19', '64', '10', '80');
INSERT INTO `recommendation_books` VALUES ('2017-05-19', '65', '9', '89');
INSERT INTO `recommendation_books` VALUES ('2017-05-19', '65', '26', '97');
INSERT INTO `recommendation_books` VALUES ('2017-05-19', '65', '14', '98');
INSERT INTO `recommendation_books` VALUES ('2017-05-19', '65', '47', '95');
INSERT INTO `recommendation_books` VALUES ('2017-05-19', '66', '22', '83');
INSERT INTO `recommendation_books` VALUES ('2017-05-19', '66', '30', '84');
INSERT INTO `recommendation_books` VALUES ('2017-05-19', '66', '48', '90');
INSERT INTO `recommendation_books` VALUES ('2017-05-19', '66', '28', '86');
INSERT INTO `recommendation_books` VALUES ('2017-05-19', '67', '8', '98');
INSERT INTO `recommendation_books` VALUES ('2017-05-19', '67', '3', '96');
INSERT INTO `recommendation_books` VALUES ('2017-05-19', '67', '35', '99');
INSERT INTO `recommendation_books` VALUES ('2017-05-19', '67', '2', '90');
INSERT INTO `recommendation_books` VALUES ('2017-05-19', '68', '21', '87');
INSERT INTO `recommendation_books` VALUES ('2017-05-19', '68', '34', '86');
INSERT INTO `recommendation_books` VALUES ('2017-05-19', '68', '39', '96');
INSERT INTO `recommendation_books` VALUES ('2017-05-19', '68', '8', '90');
INSERT INTO `recommendation_books` VALUES ('2017-05-19', '69', '2', '89');
INSERT INTO `recommendation_books` VALUES ('2017-05-19', '69', '7', '88');
INSERT INTO `recommendation_books` VALUES ('2017-05-19', '69', '39', '95');
INSERT INTO `recommendation_books` VALUES ('2017-05-19', '69', '13', '84');
INSERT INTO `recommendation_books` VALUES ('2017-05-19', '70', '17', '89');
INSERT INTO `recommendation_books` VALUES ('2017-05-19', '70', '22', '85');
INSERT INTO `recommendation_books` VALUES ('2017-05-19', '70', '46', '100');
INSERT INTO `recommendation_books` VALUES ('2017-05-19', '70', '36', '93');
INSERT INTO `recommendation_books` VALUES ('2017-05-19', '71', '47', '80');
INSERT INTO `recommendation_books` VALUES ('2017-05-19', '71', '18', '99');
INSERT INTO `recommendation_books` VALUES ('2017-05-19', '71', '17', '82');
INSERT INTO `recommendation_books` VALUES ('2017-05-19', '71', '42', '88');
INSERT INTO `recommendation_books` VALUES ('2017-05-19', '72', '23', '85');
INSERT INTO `recommendation_books` VALUES ('2017-05-19', '72', '41', '94');
INSERT INTO `recommendation_books` VALUES ('2017-05-19', '72', '15', '92');
INSERT INTO `recommendation_books` VALUES ('2017-05-19', '72', '21', '87');
INSERT INTO `recommendation_books` VALUES ('2017-05-19', '73', '47', '83');
INSERT INTO `recommendation_books` VALUES ('2017-05-19', '73', '38', '90');
INSERT INTO `recommendation_books` VALUES ('2017-05-19', '73', '1', '94');
INSERT INTO `recommendation_books` VALUES ('2017-05-19', '73', '23', '85');
INSERT INTO `recommendation_books` VALUES ('2017-05-19', '74', '7', '87');
INSERT INTO `recommendation_books` VALUES ('2017-05-19', '74', '4', '91');
INSERT INTO `recommendation_books` VALUES ('2017-05-19', '74', '45', '89');
INSERT INTO `recommendation_books` VALUES ('2017-05-19', '74', '11', '86');
INSERT INTO `recommendation_books` VALUES ('2017-05-19', '75', '2', '82');
INSERT INTO `recommendation_books` VALUES ('2017-05-19', '75', '50', '92');
INSERT INTO `recommendation_books` VALUES ('2017-05-19', '75', '22', '80');
INSERT INTO `recommendation_books` VALUES ('2017-05-19', '75', '41', '100');
INSERT INTO `recommendation_books` VALUES ('2017-05-19', '76', '31', '82');
INSERT INTO `recommendation_books` VALUES ('2017-05-19', '76', '40', '90');
INSERT INTO `recommendation_books` VALUES ('2017-05-19', '76', '37', '84');
INSERT INTO `recommendation_books` VALUES ('2017-05-19', '76', '11', '86');
INSERT INTO `recommendation_books` VALUES ('2017-05-19', '77', '11', '94');
INSERT INTO `recommendation_books` VALUES ('2017-05-19', '77', '50', '93');
INSERT INTO `recommendation_books` VALUES ('2017-05-19', '77', '30', '93');
INSERT INTO `recommendation_books` VALUES ('2017-05-19', '77', '28', '90');
INSERT INTO `recommendation_books` VALUES ('2017-05-19', '78', '8', '90');
INSERT INTO `recommendation_books` VALUES ('2017-05-19', '78', '28', '87');
INSERT INTO `recommendation_books` VALUES ('2017-05-19', '78', '13', '88');
INSERT INTO `recommendation_books` VALUES ('2017-05-19', '78', '11', '96');
INSERT INTO `recommendation_books` VALUES ('2017-05-19', '79', '41', '86');
INSERT INTO `recommendation_books` VALUES ('2017-05-19', '79', '47', '92');
INSERT INTO `recommendation_books` VALUES ('2017-05-19', '79', '18', '96');
INSERT INTO `recommendation_books` VALUES ('2017-05-19', '79', '20', '94');
INSERT INTO `recommendation_books` VALUES ('2017-05-19', '80', '22', '86');
INSERT INTO `recommendation_books` VALUES ('2017-05-19', '80', '18', '97');
INSERT INTO `recommendation_books` VALUES ('2017-05-19', '80', '35', '97');
INSERT INTO `recommendation_books` VALUES ('2017-05-19', '80', '7', '89');
INSERT INTO `recommendation_books` VALUES ('2017-05-19', '81', '36', '92');
INSERT INTO `recommendation_books` VALUES ('2017-05-19', '81', '50', '86');
INSERT INTO `recommendation_books` VALUES ('2017-05-19', '81', '10', '84');
INSERT INTO `recommendation_books` VALUES ('2017-05-19', '81', '18', '97');
INSERT INTO `recommendation_books` VALUES ('2017-05-19', '82', '21', '83');
INSERT INTO `recommendation_books` VALUES ('2017-05-19', '82', '31', '93');
INSERT INTO `recommendation_books` VALUES ('2017-05-19', '82', '20', '93');
INSERT INTO `recommendation_books` VALUES ('2017-05-19', '82', '41', '86');
INSERT INTO `recommendation_books` VALUES ('2017-05-19', '83', '9', '95');
INSERT INTO `recommendation_books` VALUES ('2017-05-19', '83', '50', '81');
INSERT INTO `recommendation_books` VALUES ('2017-05-19', '83', '47', '83');
INSERT INTO `recommendation_books` VALUES ('2017-05-19', '83', '12', '82');
INSERT INTO `recommendation_books` VALUES ('2017-05-19', '84', '38', '82');
INSERT INTO `recommendation_books` VALUES ('2017-05-19', '84', '29', '82');
INSERT INTO `recommendation_books` VALUES ('2017-05-19', '84', '35', '80');
INSERT INTO `recommendation_books` VALUES ('2017-05-19', '84', '49', '89');
INSERT INTO `recommendation_books` VALUES ('2017-05-19', '85', '30', '99');
INSERT INTO `recommendation_books` VALUES ('2017-05-19', '85', '11', '93');
INSERT INTO `recommendation_books` VALUES ('2017-05-19', '85', '39', '84');
INSERT INTO `recommendation_books` VALUES ('2017-05-19', '85', '27', '99');
INSERT INTO `recommendation_books` VALUES ('2017-05-19', '86', '38', '85');
INSERT INTO `recommendation_books` VALUES ('2017-05-19', '86', '44', '90');
INSERT INTO `recommendation_books` VALUES ('2017-05-19', '86', '27', '85');
INSERT INTO `recommendation_books` VALUES ('2017-05-19', '86', '43', '95');
INSERT INTO `recommendation_books` VALUES ('2017-05-19', '87', '42', '82');
INSERT INTO `recommendation_books` VALUES ('2017-05-19', '87', '42', '81');
INSERT INTO `recommendation_books` VALUES ('2017-05-19', '87', '38', '86');
INSERT INTO `recommendation_books` VALUES ('2017-05-19', '87', '38', '84');
INSERT INTO `recommendation_books` VALUES ('2017-05-19', '88', '37', '94');
INSERT INTO `recommendation_books` VALUES ('2017-05-19', '88', '24', '82');
INSERT INTO `recommendation_books` VALUES ('2017-05-19', '88', '7', '93');
INSERT INTO `recommendation_books` VALUES ('2017-05-19', '88', '35', '92');
INSERT INTO `recommendation_books` VALUES ('2017-05-19', '89', '23', '98');
INSERT INTO `recommendation_books` VALUES ('2017-05-19', '89', '36', '96');
INSERT INTO `recommendation_books` VALUES ('2017-05-19', '89', '43', '93');
INSERT INTO `recommendation_books` VALUES ('2017-05-19', '89', '39', '96');
INSERT INTO `recommendation_books` VALUES ('2017-05-19', '90', '41', '99');
INSERT INTO `recommendation_books` VALUES ('2017-05-19', '90', '7', '100');
INSERT INTO `recommendation_books` VALUES ('2017-05-19', '90', '49', '80');
INSERT INTO `recommendation_books` VALUES ('2017-05-19', '90', '45', '87');
INSERT INTO `recommendation_books` VALUES ('2017-05-19', '91', '3', '96');
INSERT INTO `recommendation_books` VALUES ('2017-05-19', '91', '18', '95');
INSERT INTO `recommendation_books` VALUES ('2017-05-19', '91', '2', '85');
INSERT INTO `recommendation_books` VALUES ('2017-05-19', '91', '11', '89');
INSERT INTO `recommendation_books` VALUES ('2017-05-19', '92', '29', '95');
INSERT INTO `recommendation_books` VALUES ('2017-05-19', '92', '29', '88');
INSERT INTO `recommendation_books` VALUES ('2017-05-19', '92', '37', '88');
INSERT INTO `recommendation_books` VALUES ('2017-05-19', '92', '29', '96');
INSERT INTO `recommendation_books` VALUES ('2017-05-19', '93', '1', '89');
INSERT INTO `recommendation_books` VALUES ('2017-05-19', '93', '38', '80');
INSERT INTO `recommendation_books` VALUES ('2017-05-19', '93', '50', '89');
INSERT INTO `recommendation_books` VALUES ('2017-05-19', '93', '43', '89');
INSERT INTO `recommendation_books` VALUES ('2017-05-19', '94', '34', '95');
INSERT INTO `recommendation_books` VALUES ('2017-05-19', '94', '19', '88');
INSERT INTO `recommendation_books` VALUES ('2017-05-19', '94', '33', '100');
INSERT INTO `recommendation_books` VALUES ('2017-05-19', '94', '37', '81');
INSERT INTO `recommendation_books` VALUES ('2017-05-19', '95', '2', '82');
INSERT INTO `recommendation_books` VALUES ('2017-05-19', '95', '49', '82');
INSERT INTO `recommendation_books` VALUES ('2017-05-19', '95', '39', '87');
INSERT INTO `recommendation_books` VALUES ('2017-05-19', '95', '49', '95');
INSERT INTO `recommendation_books` VALUES ('2017-05-19', '96', '18', '97');
INSERT INTO `recommendation_books` VALUES ('2017-05-19', '96', '10', '99');
INSERT INTO `recommendation_books` VALUES ('2017-05-19', '96', '5', '81');
INSERT INTO `recommendation_books` VALUES ('2017-05-19', '96', '5', '98');
INSERT INTO `recommendation_books` VALUES ('2017-05-19', '97', '31', '95');
INSERT INTO `recommendation_books` VALUES ('2017-05-19', '97', '45', '85');
INSERT INTO `recommendation_books` VALUES ('2017-05-19', '97', '48', '93');
INSERT INTO `recommendation_books` VALUES ('2017-05-19', '97', '3', '96');
INSERT INTO `recommendation_books` VALUES ('2017-05-19', '98', '10', '89');
INSERT INTO `recommendation_books` VALUES ('2017-05-19', '98', '5', '86');
INSERT INTO `recommendation_books` VALUES ('2017-05-19', '98', '32', '96');
INSERT INTO `recommendation_books` VALUES ('2017-05-19', '98', '43', '83');
INSERT INTO `recommendation_books` VALUES ('2017-05-19', '99', '31', '86');
INSERT INTO `recommendation_books` VALUES ('2017-05-19', '99', '16', '96');
INSERT INTO `recommendation_books` VALUES ('2017-05-19', '99', '2', '87');
INSERT INTO `recommendation_books` VALUES ('2017-05-19', '99', '15', '81');
INSERT INTO `recommendation_books` VALUES ('2017-05-19', '100', '33', '100');
INSERT INTO `recommendation_books` VALUES ('2017-05-19', '100', '20', '80');
INSERT INTO `recommendation_books` VALUES ('2017-05-19', '100', '9', '96');
INSERT INTO `recommendation_books` VALUES ('2017-05-19', '100', '6', '82');
INSERT INTO `recommendation_books` VALUES ('2017-05-20', '1', '39', '92');
INSERT INTO `recommendation_books` VALUES ('2017-05-20', '1', '9', '93');
INSERT INTO `recommendation_books` VALUES ('2017-05-20', '1', '19', '85');
INSERT INTO `recommendation_books` VALUES ('2017-05-20', '1', '29', '96');
INSERT INTO `recommendation_books` VALUES ('2017-05-20', '2', '22', '92');
INSERT INTO `recommendation_books` VALUES ('2017-05-20', '2', '33', '80');
INSERT INTO `recommendation_books` VALUES ('2017-05-20', '2', '2', '90');
INSERT INTO `recommendation_books` VALUES ('2017-05-20', '2', '10', '89');
INSERT INTO `recommendation_books` VALUES ('2017-05-20', '3', '5', '88');
INSERT INTO `recommendation_books` VALUES ('2017-05-20', '3', '2', '81');
INSERT INTO `recommendation_books` VALUES ('2017-05-20', '3', '9', '83');
INSERT INTO `recommendation_books` VALUES ('2017-05-20', '3', '25', '93');
INSERT INTO `recommendation_books` VALUES ('2017-05-20', '4', '44', '81');
INSERT INTO `recommendation_books` VALUES ('2017-05-20', '4', '36', '88');
INSERT INTO `recommendation_books` VALUES ('2017-05-20', '4', '44', '97');
INSERT INTO `recommendation_books` VALUES ('2017-05-20', '4', '35', '99');
INSERT INTO `recommendation_books` VALUES ('2017-05-20', '5', '47', '92');
INSERT INTO `recommendation_books` VALUES ('2017-05-20', '5', '26', '97');
INSERT INTO `recommendation_books` VALUES ('2017-05-20', '5', '22', '89');
INSERT INTO `recommendation_books` VALUES ('2017-05-20', '5', '50', '87');
INSERT INTO `recommendation_books` VALUES ('2017-05-20', '6', '17', '80');
INSERT INTO `recommendation_books` VALUES ('2017-05-20', '6', '15', '90');
INSERT INTO `recommendation_books` VALUES ('2017-05-20', '6', '41', '84');
INSERT INTO `recommendation_books` VALUES ('2017-05-20', '6', '27', '91');
INSERT INTO `recommendation_books` VALUES ('2017-05-20', '7', '37', '95');
INSERT INTO `recommendation_books` VALUES ('2017-05-20', '7', '5', '93');
INSERT INTO `recommendation_books` VALUES ('2017-05-20', '7', '50', '99');
INSERT INTO `recommendation_books` VALUES ('2017-05-20', '7', '38', '89');
INSERT INTO `recommendation_books` VALUES ('2017-05-20', '8', '28', '80');
INSERT INTO `recommendation_books` VALUES ('2017-05-20', '8', '20', '81');
INSERT INTO `recommendation_books` VALUES ('2017-05-20', '8', '19', '99');
INSERT INTO `recommendation_books` VALUES ('2017-05-20', '8', '39', '92');
INSERT INTO `recommendation_books` VALUES ('2017-05-20', '9', '27', '91');
INSERT INTO `recommendation_books` VALUES ('2017-05-20', '9', '27', '85');
INSERT INTO `recommendation_books` VALUES ('2017-05-20', '9', '35', '93');
INSERT INTO `recommendation_books` VALUES ('2017-05-20', '9', '39', '86');
INSERT INTO `recommendation_books` VALUES ('2017-05-20', '10', '42', '95');
INSERT INTO `recommendation_books` VALUES ('2017-05-20', '10', '43', '84');
INSERT INTO `recommendation_books` VALUES ('2017-05-20', '10', '13', '87');
INSERT INTO `recommendation_books` VALUES ('2017-05-20', '10', '44', '86');
INSERT INTO `recommendation_books` VALUES ('2017-05-20', '11', '19', '94');
INSERT INTO `recommendation_books` VALUES ('2017-05-20', '11', '20', '84');
INSERT INTO `recommendation_books` VALUES ('2017-05-20', '11', '16', '90');
INSERT INTO `recommendation_books` VALUES ('2017-05-20', '11', '50', '86');
INSERT INTO `recommendation_books` VALUES ('2017-05-20', '12', '22', '81');
INSERT INTO `recommendation_books` VALUES ('2017-05-20', '12', '7', '99');
INSERT INTO `recommendation_books` VALUES ('2017-05-20', '12', '46', '80');
INSERT INTO `recommendation_books` VALUES ('2017-05-20', '12', '14', '91');
INSERT INTO `recommendation_books` VALUES ('2017-05-20', '13', '22', '99');
INSERT INTO `recommendation_books` VALUES ('2017-05-20', '13', '6', '98');
INSERT INTO `recommendation_books` VALUES ('2017-05-20', '13', '7', '89');
INSERT INTO `recommendation_books` VALUES ('2017-05-20', '13', '17', '94');
INSERT INTO `recommendation_books` VALUES ('2017-05-20', '14', '50', '92');
INSERT INTO `recommendation_books` VALUES ('2017-05-20', '14', '22', '82');
INSERT INTO `recommendation_books` VALUES ('2017-05-20', '14', '11', '82');
INSERT INTO `recommendation_books` VALUES ('2017-05-20', '14', '33', '83');
INSERT INTO `recommendation_books` VALUES ('2017-05-20', '15', '33', '95');
INSERT INTO `recommendation_books` VALUES ('2017-05-20', '15', '4', '95');
INSERT INTO `recommendation_books` VALUES ('2017-05-20', '15', '31', '95');
INSERT INTO `recommendation_books` VALUES ('2017-05-20', '15', '34', '93');
INSERT INTO `recommendation_books` VALUES ('2017-05-20', '16', '1', '83');
INSERT INTO `recommendation_books` VALUES ('2017-05-20', '16', '17', '83');
INSERT INTO `recommendation_books` VALUES ('2017-05-20', '16', '48', '97');
INSERT INTO `recommendation_books` VALUES ('2017-05-20', '16', '33', '84');
INSERT INTO `recommendation_books` VALUES ('2017-05-20', '17', '27', '97');
INSERT INTO `recommendation_books` VALUES ('2017-05-20', '17', '29', '84');
INSERT INTO `recommendation_books` VALUES ('2017-05-20', '17', '35', '92');
INSERT INTO `recommendation_books` VALUES ('2017-05-20', '17', '43', '80');
INSERT INTO `recommendation_books` VALUES ('2017-05-20', '18', '10', '89');
INSERT INTO `recommendation_books` VALUES ('2017-05-20', '18', '28', '80');
INSERT INTO `recommendation_books` VALUES ('2017-05-20', '18', '39', '80');
INSERT INTO `recommendation_books` VALUES ('2017-05-20', '18', '11', '88');
INSERT INTO `recommendation_books` VALUES ('2017-05-20', '19', '15', '86');
INSERT INTO `recommendation_books` VALUES ('2017-05-20', '19', '5', '91');
INSERT INTO `recommendation_books` VALUES ('2017-05-20', '19', '32', '91');
INSERT INTO `recommendation_books` VALUES ('2017-05-20', '19', '23', '86');
INSERT INTO `recommendation_books` VALUES ('2017-05-20', '20', '49', '82');
INSERT INTO `recommendation_books` VALUES ('2017-05-20', '20', '47', '84');
INSERT INTO `recommendation_books` VALUES ('2017-05-20', '20', '38', '85');
INSERT INTO `recommendation_books` VALUES ('2017-05-20', '20', '44', '82');
INSERT INTO `recommendation_books` VALUES ('2017-05-20', '21', '42', '84');
INSERT INTO `recommendation_books` VALUES ('2017-05-20', '21', '15', '86');
INSERT INTO `recommendation_books` VALUES ('2017-05-20', '21', '15', '83');
INSERT INTO `recommendation_books` VALUES ('2017-05-20', '21', '22', '92');
INSERT INTO `recommendation_books` VALUES ('2017-05-20', '22', '41', '82');
INSERT INTO `recommendation_books` VALUES ('2017-05-20', '22', '9', '94');
INSERT INTO `recommendation_books` VALUES ('2017-05-20', '22', '6', '87');
INSERT INTO `recommendation_books` VALUES ('2017-05-20', '22', '45', '94');
INSERT INTO `recommendation_books` VALUES ('2017-05-20', '23', '17', '96');
INSERT INTO `recommendation_books` VALUES ('2017-05-20', '23', '36', '89');
INSERT INTO `recommendation_books` VALUES ('2017-05-20', '23', '13', '94');
INSERT INTO `recommendation_books` VALUES ('2017-05-20', '23', '19', '94');
INSERT INTO `recommendation_books` VALUES ('2017-05-20', '24', '47', '95');
INSERT INTO `recommendation_books` VALUES ('2017-05-20', '24', '11', '88');
INSERT INTO `recommendation_books` VALUES ('2017-05-20', '24', '16', '88');
INSERT INTO `recommendation_books` VALUES ('2017-05-20', '24', '22', '95');
INSERT INTO `recommendation_books` VALUES ('2017-05-20', '25', '49', '86');
INSERT INTO `recommendation_books` VALUES ('2017-05-20', '25', '24', '95');
INSERT INTO `recommendation_books` VALUES ('2017-05-20', '25', '9', '87');
INSERT INTO `recommendation_books` VALUES ('2017-05-20', '25', '49', '87');
INSERT INTO `recommendation_books` VALUES ('2017-05-20', '26', '26', '86');
INSERT INTO `recommendation_books` VALUES ('2017-05-20', '26', '45', '80');
INSERT INTO `recommendation_books` VALUES ('2017-05-20', '26', '38', '84');
INSERT INTO `recommendation_books` VALUES ('2017-05-20', '26', '48', '82');
INSERT INTO `recommendation_books` VALUES ('2017-05-20', '27', '11', '88');
INSERT INTO `recommendation_books` VALUES ('2017-05-20', '27', '33', '81');
INSERT INTO `recommendation_books` VALUES ('2017-05-20', '27', '8', '99');
INSERT INTO `recommendation_books` VALUES ('2017-05-20', '27', '33', '80');
INSERT INTO `recommendation_books` VALUES ('2017-05-20', '28', '44', '81');
INSERT INTO `recommendation_books` VALUES ('2017-05-20', '28', '7', '90');
INSERT INTO `recommendation_books` VALUES ('2017-05-20', '28', '30', '81');
INSERT INTO `recommendation_books` VALUES ('2017-05-20', '28', '30', '90');
INSERT INTO `recommendation_books` VALUES ('2017-05-20', '29', '48', '98');
INSERT INTO `recommendation_books` VALUES ('2017-05-20', '29', '42', '86');
INSERT INTO `recommendation_books` VALUES ('2017-05-20', '29', '33', '100');
INSERT INTO `recommendation_books` VALUES ('2017-05-20', '29', '47', '98');
INSERT INTO `recommendation_books` VALUES ('2017-05-20', '30', '31', '81');
INSERT INTO `recommendation_books` VALUES ('2017-05-20', '30', '6', '84');
INSERT INTO `recommendation_books` VALUES ('2017-05-20', '30', '45', '100');
INSERT INTO `recommendation_books` VALUES ('2017-05-20', '30', '25', '97');
INSERT INTO `recommendation_books` VALUES ('2017-05-20', '31', '13', '88');
INSERT INTO `recommendation_books` VALUES ('2017-05-20', '31', '4', '81');
INSERT INTO `recommendation_books` VALUES ('2017-05-20', '31', '26', '100');
INSERT INTO `recommendation_books` VALUES ('2017-05-20', '31', '20', '84');
INSERT INTO `recommendation_books` VALUES ('2017-05-20', '32', '3', '100');
INSERT INTO `recommendation_books` VALUES ('2017-05-20', '32', '48', '93');
INSERT INTO `recommendation_books` VALUES ('2017-05-20', '32', '30', '97');
INSERT INTO `recommendation_books` VALUES ('2017-05-20', '32', '39', '94');
INSERT INTO `recommendation_books` VALUES ('2017-05-20', '33', '12', '85');
INSERT INTO `recommendation_books` VALUES ('2017-05-20', '33', '11', '80');
INSERT INTO `recommendation_books` VALUES ('2017-05-20', '33', '37', '91');
INSERT INTO `recommendation_books` VALUES ('2017-05-20', '33', '38', '88');
INSERT INTO `recommendation_books` VALUES ('2017-05-20', '34', '44', '91');
INSERT INTO `recommendation_books` VALUES ('2017-05-20', '34', '27', '96');
INSERT INTO `recommendation_books` VALUES ('2017-05-20', '34', '6', '92');
INSERT INTO `recommendation_books` VALUES ('2017-05-20', '34', '12', '91');
INSERT INTO `recommendation_books` VALUES ('2017-05-20', '35', '11', '97');
INSERT INTO `recommendation_books` VALUES ('2017-05-20', '35', '33', '93');
INSERT INTO `recommendation_books` VALUES ('2017-05-20', '35', '41', '86');
INSERT INTO `recommendation_books` VALUES ('2017-05-20', '35', '4', '88');
INSERT INTO `recommendation_books` VALUES ('2017-05-20', '36', '34', '92');
INSERT INTO `recommendation_books` VALUES ('2017-05-20', '36', '16', '87');
INSERT INTO `recommendation_books` VALUES ('2017-05-20', '36', '4', '96');
INSERT INTO `recommendation_books` VALUES ('2017-05-20', '36', '14', '88');
INSERT INTO `recommendation_books` VALUES ('2017-05-20', '37', '33', '83');
INSERT INTO `recommendation_books` VALUES ('2017-05-20', '37', '23', '87');
INSERT INTO `recommendation_books` VALUES ('2017-05-20', '37', '4', '86');
INSERT INTO `recommendation_books` VALUES ('2017-05-20', '37', '31', '93');
INSERT INTO `recommendation_books` VALUES ('2017-05-20', '38', '46', '86');
INSERT INTO `recommendation_books` VALUES ('2017-05-20', '38', '38', '99');
INSERT INTO `recommendation_books` VALUES ('2017-05-20', '38', '39', '88');
INSERT INTO `recommendation_books` VALUES ('2017-05-20', '38', '24', '86');
INSERT INTO `recommendation_books` VALUES ('2017-05-20', '39', '3', '84');
INSERT INTO `recommendation_books` VALUES ('2017-05-20', '39', '37', '92');
INSERT INTO `recommendation_books` VALUES ('2017-05-20', '39', '29', '80');
INSERT INTO `recommendation_books` VALUES ('2017-05-20', '39', '16', '80');
INSERT INTO `recommendation_books` VALUES ('2017-05-20', '40', '1', '95');
INSERT INTO `recommendation_books` VALUES ('2017-05-20', '40', '26', '99');
INSERT INTO `recommendation_books` VALUES ('2017-05-20', '40', '33', '97');
INSERT INTO `recommendation_books` VALUES ('2017-05-20', '40', '8', '98');
INSERT INTO `recommendation_books` VALUES ('2017-05-20', '41', '6', '99');
INSERT INTO `recommendation_books` VALUES ('2017-05-20', '41', '49', '85');
INSERT INTO `recommendation_books` VALUES ('2017-05-20', '41', '19', '82');
INSERT INTO `recommendation_books` VALUES ('2017-05-20', '41', '11', '92');
INSERT INTO `recommendation_books` VALUES ('2017-05-20', '42', '28', '97');
INSERT INTO `recommendation_books` VALUES ('2017-05-20', '42', '42', '100');
INSERT INTO `recommendation_books` VALUES ('2017-05-20', '42', '10', '82');
INSERT INTO `recommendation_books` VALUES ('2017-05-20', '42', '40', '82');
INSERT INTO `recommendation_books` VALUES ('2017-05-20', '43', '31', '94');
INSERT INTO `recommendation_books` VALUES ('2017-05-20', '43', '46', '86');
INSERT INTO `recommendation_books` VALUES ('2017-05-20', '43', '32', '94');
INSERT INTO `recommendation_books` VALUES ('2017-05-20', '43', '16', '94');
INSERT INTO `recommendation_books` VALUES ('2017-05-20', '44', '11', '84');
INSERT INTO `recommendation_books` VALUES ('2017-05-20', '44', '37', '87');
INSERT INTO `recommendation_books` VALUES ('2017-05-20', '44', '24', '85');
INSERT INTO `recommendation_books` VALUES ('2017-05-20', '44', '5', '95');
INSERT INTO `recommendation_books` VALUES ('2017-05-20', '45', '9', '85');
INSERT INTO `recommendation_books` VALUES ('2017-05-20', '45', '35', '90');
INSERT INTO `recommendation_books` VALUES ('2017-05-20', '45', '36', '84');
INSERT INTO `recommendation_books` VALUES ('2017-05-20', '45', '17', '93');
INSERT INTO `recommendation_books` VALUES ('2017-05-20', '46', '49', '84');
INSERT INTO `recommendation_books` VALUES ('2017-05-20', '46', '12', '89');
INSERT INTO `recommendation_books` VALUES ('2017-05-20', '46', '29', '92');
INSERT INTO `recommendation_books` VALUES ('2017-05-20', '46', '38', '86');
INSERT INTO `recommendation_books` VALUES ('2017-05-20', '47', '49', '91');
INSERT INTO `recommendation_books` VALUES ('2017-05-20', '47', '49', '99');
INSERT INTO `recommendation_books` VALUES ('2017-05-20', '47', '17', '88');
INSERT INTO `recommendation_books` VALUES ('2017-05-20', '47', '1', '86');
INSERT INTO `recommendation_books` VALUES ('2017-05-20', '48', '45', '96');
INSERT INTO `recommendation_books` VALUES ('2017-05-20', '48', '40', '98');
INSERT INTO `recommendation_books` VALUES ('2017-05-20', '48', '45', '81');
INSERT INTO `recommendation_books` VALUES ('2017-05-20', '48', '2', '88');
INSERT INTO `recommendation_books` VALUES ('2017-05-20', '49', '47', '86');
INSERT INTO `recommendation_books` VALUES ('2017-05-20', '49', '33', '96');
INSERT INTO `recommendation_books` VALUES ('2017-05-20', '49', '3', '90');
INSERT INTO `recommendation_books` VALUES ('2017-05-20', '49', '14', '85');
INSERT INTO `recommendation_books` VALUES ('2017-05-20', '50', '42', '93');
INSERT INTO `recommendation_books` VALUES ('2017-05-20', '50', '41', '84');
INSERT INTO `recommendation_books` VALUES ('2017-05-20', '50', '15', '88');
INSERT INTO `recommendation_books` VALUES ('2017-05-20', '50', '31', '97');
INSERT INTO `recommendation_books` VALUES ('2017-05-20', '51', '17', '84');
INSERT INTO `recommendation_books` VALUES ('2017-05-20', '51', '46', '87');
INSERT INTO `recommendation_books` VALUES ('2017-05-20', '51', '28', '89');
INSERT INTO `recommendation_books` VALUES ('2017-05-20', '51', '31', '95');
INSERT INTO `recommendation_books` VALUES ('2017-05-20', '52', '50', '93');
INSERT INTO `recommendation_books` VALUES ('2017-05-20', '52', '8', '90');
INSERT INTO `recommendation_books` VALUES ('2017-05-20', '52', '12', '86');
INSERT INTO `recommendation_books` VALUES ('2017-05-20', '52', '14', '82');
INSERT INTO `recommendation_books` VALUES ('2017-05-20', '53', '9', '89');
INSERT INTO `recommendation_books` VALUES ('2017-05-20', '53', '3', '80');
INSERT INTO `recommendation_books` VALUES ('2017-05-20', '53', '24', '84');
INSERT INTO `recommendation_books` VALUES ('2017-05-20', '53', '44', '88');
INSERT INTO `recommendation_books` VALUES ('2017-05-20', '54', '5', '91');
INSERT INTO `recommendation_books` VALUES ('2017-05-20', '54', '6', '81');
INSERT INTO `recommendation_books` VALUES ('2017-05-20', '54', '14', '80');
INSERT INTO `recommendation_books` VALUES ('2017-05-20', '54', '3', '97');
INSERT INTO `recommendation_books` VALUES ('2017-05-20', '55', '23', '85');
INSERT INTO `recommendation_books` VALUES ('2017-05-20', '55', '19', '93');
INSERT INTO `recommendation_books` VALUES ('2017-05-20', '55', '23', '88');
INSERT INTO `recommendation_books` VALUES ('2017-05-20', '55', '42', '91');
INSERT INTO `recommendation_books` VALUES ('2017-05-20', '56', '31', '84');
INSERT INTO `recommendation_books` VALUES ('2017-05-20', '56', '39', '99');
INSERT INTO `recommendation_books` VALUES ('2017-05-20', '56', '15', '87');
INSERT INTO `recommendation_books` VALUES ('2017-05-20', '56', '21', '82');
INSERT INTO `recommendation_books` VALUES ('2017-05-20', '57', '47', '94');
INSERT INTO `recommendation_books` VALUES ('2017-05-20', '57', '43', '97');
INSERT INTO `recommendation_books` VALUES ('2017-05-20', '57', '49', '88');
INSERT INTO `recommendation_books` VALUES ('2017-05-20', '57', '4', '90');
INSERT INTO `recommendation_books` VALUES ('2017-05-20', '58', '45', '82');
INSERT INTO `recommendation_books` VALUES ('2017-05-20', '58', '9', '98');
INSERT INTO `recommendation_books` VALUES ('2017-05-20', '58', '34', '93');
INSERT INTO `recommendation_books` VALUES ('2017-05-20', '58', '27', '86');
INSERT INTO `recommendation_books` VALUES ('2017-05-20', '59', '8', '93');
INSERT INTO `recommendation_books` VALUES ('2017-05-20', '59', '11', '92');
INSERT INTO `recommendation_books` VALUES ('2017-05-20', '59', '9', '97');
INSERT INTO `recommendation_books` VALUES ('2017-05-20', '59', '40', '84');
INSERT INTO `recommendation_books` VALUES ('2017-05-20', '60', '6', '100');
INSERT INTO `recommendation_books` VALUES ('2017-05-20', '60', '30', '80');
INSERT INTO `recommendation_books` VALUES ('2017-05-20', '60', '42', '98');
INSERT INTO `recommendation_books` VALUES ('2017-05-20', '60', '5', '81');
INSERT INTO `recommendation_books` VALUES ('2017-05-20', '61', '44', '86');
INSERT INTO `recommendation_books` VALUES ('2017-05-20', '61', '36', '98');
INSERT INTO `recommendation_books` VALUES ('2017-05-20', '61', '37', '86');
INSERT INTO `recommendation_books` VALUES ('2017-05-20', '61', '7', '95');
INSERT INTO `recommendation_books` VALUES ('2017-05-20', '62', '3', '85');
INSERT INTO `recommendation_books` VALUES ('2017-05-20', '62', '33', '92');
INSERT INTO `recommendation_books` VALUES ('2017-05-20', '62', '26', '85');
INSERT INTO `recommendation_books` VALUES ('2017-05-20', '62', '11', '100');
INSERT INTO `recommendation_books` VALUES ('2017-05-20', '63', '3', '97');
INSERT INTO `recommendation_books` VALUES ('2017-05-20', '63', '34', '96');
INSERT INTO `recommendation_books` VALUES ('2017-05-20', '63', '4', '97');
INSERT INTO `recommendation_books` VALUES ('2017-05-20', '63', '8', '94');
INSERT INTO `recommendation_books` VALUES ('2017-05-20', '64', '6', '97');
INSERT INTO `recommendation_books` VALUES ('2017-05-20', '64', '11', '90');
INSERT INTO `recommendation_books` VALUES ('2017-05-20', '64', '4', '98');
INSERT INTO `recommendation_books` VALUES ('2017-05-20', '64', '17', '80');
INSERT INTO `recommendation_books` VALUES ('2017-05-20', '65', '15', '87');
INSERT INTO `recommendation_books` VALUES ('2017-05-20', '65', '46', '94');
INSERT INTO `recommendation_books` VALUES ('2017-05-20', '65', '46', '86');
INSERT INTO `recommendation_books` VALUES ('2017-05-20', '65', '2', '98');
INSERT INTO `recommendation_books` VALUES ('2017-05-20', '66', '41', '100');
INSERT INTO `recommendation_books` VALUES ('2017-05-20', '66', '34', '82');
INSERT INTO `recommendation_books` VALUES ('2017-05-20', '66', '42', '84');
INSERT INTO `recommendation_books` VALUES ('2017-05-20', '66', '7', '89');
INSERT INTO `recommendation_books` VALUES ('2017-05-20', '67', '4', '89');
INSERT INTO `recommendation_books` VALUES ('2017-05-20', '67', '4', '94');
INSERT INTO `recommendation_books` VALUES ('2017-05-20', '67', '2', '81');
INSERT INTO `recommendation_books` VALUES ('2017-05-20', '67', '18', '84');
INSERT INTO `recommendation_books` VALUES ('2017-05-20', '68', '48', '99');
INSERT INTO `recommendation_books` VALUES ('2017-05-20', '68', '16', '90');
INSERT INTO `recommendation_books` VALUES ('2017-05-20', '68', '41', '87');
INSERT INTO `recommendation_books` VALUES ('2017-05-20', '68', '21', '93');
INSERT INTO `recommendation_books` VALUES ('2017-05-20', '69', '13', '99');
INSERT INTO `recommendation_books` VALUES ('2017-05-20', '69', '5', '97');
INSERT INTO `recommendation_books` VALUES ('2017-05-20', '69', '13', '90');
INSERT INTO `recommendation_books` VALUES ('2017-05-20', '69', '28', '99');
INSERT INTO `recommendation_books` VALUES ('2017-05-20', '70', '46', '99');
INSERT INTO `recommendation_books` VALUES ('2017-05-20', '70', '8', '97');
INSERT INTO `recommendation_books` VALUES ('2017-05-20', '70', '26', '95');
INSERT INTO `recommendation_books` VALUES ('2017-05-20', '70', '48', '97');
INSERT INTO `recommendation_books` VALUES ('2017-05-20', '71', '40', '92');
INSERT INTO `recommendation_books` VALUES ('2017-05-20', '71', '41', '84');
INSERT INTO `recommendation_books` VALUES ('2017-05-20', '71', '20', '86');
INSERT INTO `recommendation_books` VALUES ('2017-05-20', '71', '1', '81');
INSERT INTO `recommendation_books` VALUES ('2017-05-20', '72', '46', '93');
INSERT INTO `recommendation_books` VALUES ('2017-05-20', '72', '5', '87');
INSERT INTO `recommendation_books` VALUES ('2017-05-20', '72', '5', '91');
INSERT INTO `recommendation_books` VALUES ('2017-05-20', '72', '44', '87');
INSERT INTO `recommendation_books` VALUES ('2017-05-20', '73', '46', '88');
INSERT INTO `recommendation_books` VALUES ('2017-05-20', '73', '17', '81');
INSERT INTO `recommendation_books` VALUES ('2017-05-20', '73', '34', '86');
INSERT INTO `recommendation_books` VALUES ('2017-05-20', '73', '45', '96');
INSERT INTO `recommendation_books` VALUES ('2017-05-20', '74', '9', '88');
INSERT INTO `recommendation_books` VALUES ('2017-05-20', '74', '14', '94');
INSERT INTO `recommendation_books` VALUES ('2017-05-20', '74', '48', '88');
INSERT INTO `recommendation_books` VALUES ('2017-05-20', '74', '10', '99');
INSERT INTO `recommendation_books` VALUES ('2017-05-20', '75', '17', '96');
INSERT INTO `recommendation_books` VALUES ('2017-05-20', '75', '37', '81');
INSERT INTO `recommendation_books` VALUES ('2017-05-20', '75', '38', '94');
INSERT INTO `recommendation_books` VALUES ('2017-05-20', '75', '50', '85');
INSERT INTO `recommendation_books` VALUES ('2017-05-20', '76', '35', '88');
INSERT INTO `recommendation_books` VALUES ('2017-05-20', '76', '17', '81');
INSERT INTO `recommendation_books` VALUES ('2017-05-20', '76', '49', '89');
INSERT INTO `recommendation_books` VALUES ('2017-05-20', '76', '45', '89');
INSERT INTO `recommendation_books` VALUES ('2017-05-20', '77', '45', '96');
INSERT INTO `recommendation_books` VALUES ('2017-05-20', '77', '48', '97');
INSERT INTO `recommendation_books` VALUES ('2017-05-20', '77', '15', '81');
INSERT INTO `recommendation_books` VALUES ('2017-05-20', '77', '42', '97');
INSERT INTO `recommendation_books` VALUES ('2017-05-20', '78', '8', '92');
INSERT INTO `recommendation_books` VALUES ('2017-05-20', '78', '35', '86');
INSERT INTO `recommendation_books` VALUES ('2017-05-20', '78', '9', '80');
INSERT INTO `recommendation_books` VALUES ('2017-05-20', '78', '36', '80');
INSERT INTO `recommendation_books` VALUES ('2017-05-20', '79', '20', '93');
INSERT INTO `recommendation_books` VALUES ('2017-05-20', '79', '12', '83');
INSERT INTO `recommendation_books` VALUES ('2017-05-20', '79', '36', '90');
INSERT INTO `recommendation_books` VALUES ('2017-05-20', '79', '16', '81');
INSERT INTO `recommendation_books` VALUES ('2017-05-20', '80', '50', '97');
INSERT INTO `recommendation_books` VALUES ('2017-05-20', '80', '38', '87');
INSERT INTO `recommendation_books` VALUES ('2017-05-20', '80', '49', '86');
INSERT INTO `recommendation_books` VALUES ('2017-05-20', '80', '21', '82');
INSERT INTO `recommendation_books` VALUES ('2017-05-20', '81', '31', '89');
INSERT INTO `recommendation_books` VALUES ('2017-05-20', '81', '24', '99');
INSERT INTO `recommendation_books` VALUES ('2017-05-20', '81', '46', '92');
INSERT INTO `recommendation_books` VALUES ('2017-05-20', '81', '45', '92');
INSERT INTO `recommendation_books` VALUES ('2017-05-20', '82', '30', '88');
INSERT INTO `recommendation_books` VALUES ('2017-05-20', '82', '25', '84');
INSERT INTO `recommendation_books` VALUES ('2017-05-20', '82', '34', '82');
INSERT INTO `recommendation_books` VALUES ('2017-05-20', '82', '2', '87');
INSERT INTO `recommendation_books` VALUES ('2017-05-20', '83', '14', '94');
INSERT INTO `recommendation_books` VALUES ('2017-05-20', '83', '32', '93');
INSERT INTO `recommendation_books` VALUES ('2017-05-20', '83', '49', '98');
INSERT INTO `recommendation_books` VALUES ('2017-05-20', '83', '7', '90');
INSERT INTO `recommendation_books` VALUES ('2017-05-20', '84', '23', '82');
INSERT INTO `recommendation_books` VALUES ('2017-05-20', '84', '45', '83');
INSERT INTO `recommendation_books` VALUES ('2017-05-20', '84', '47', '100');
INSERT INTO `recommendation_books` VALUES ('2017-05-20', '84', '2', '98');
INSERT INTO `recommendation_books` VALUES ('2017-05-20', '85', '34', '88');
INSERT INTO `recommendation_books` VALUES ('2017-05-20', '85', '29', '99');
INSERT INTO `recommendation_books` VALUES ('2017-05-20', '85', '13', '80');
INSERT INTO `recommendation_books` VALUES ('2017-05-20', '85', '48', '85');
INSERT INTO `recommendation_books` VALUES ('2017-05-20', '86', '36', '93');
INSERT INTO `recommendation_books` VALUES ('2017-05-20', '86', '41', '91');
INSERT INTO `recommendation_books` VALUES ('2017-05-20', '86', '12', '84');
INSERT INTO `recommendation_books` VALUES ('2017-05-20', '86', '33', '85');
INSERT INTO `recommendation_books` VALUES ('2017-05-20', '87', '48', '100');
INSERT INTO `recommendation_books` VALUES ('2017-05-20', '87', '22', '93');
INSERT INTO `recommendation_books` VALUES ('2017-05-20', '87', '41', '98');
INSERT INTO `recommendation_books` VALUES ('2017-05-20', '87', '48', '93');
INSERT INTO `recommendation_books` VALUES ('2017-05-20', '88', '47', '89');
INSERT INTO `recommendation_books` VALUES ('2017-05-20', '88', '5', '91');
INSERT INTO `recommendation_books` VALUES ('2017-05-20', '88', '8', '82');
INSERT INTO `recommendation_books` VALUES ('2017-05-20', '88', '39', '82');
INSERT INTO `recommendation_books` VALUES ('2017-05-20', '89', '41', '86');
INSERT INTO `recommendation_books` VALUES ('2017-05-20', '89', '6', '92');
INSERT INTO `recommendation_books` VALUES ('2017-05-20', '89', '19', '97');
INSERT INTO `recommendation_books` VALUES ('2017-05-20', '89', '21', '84');
INSERT INTO `recommendation_books` VALUES ('2017-05-20', '90', '28', '82');
INSERT INTO `recommendation_books` VALUES ('2017-05-20', '90', '43', '80');
INSERT INTO `recommendation_books` VALUES ('2017-05-20', '90', '47', '85');
INSERT INTO `recommendation_books` VALUES ('2017-05-20', '90', '14', '96');
INSERT INTO `recommendation_books` VALUES ('2017-05-20', '91', '42', '86');
INSERT INTO `recommendation_books` VALUES ('2017-05-20', '91', '26', '87');
INSERT INTO `recommendation_books` VALUES ('2017-05-20', '91', '48', '94');
INSERT INTO `recommendation_books` VALUES ('2017-05-20', '91', '38', '88');
INSERT INTO `recommendation_books` VALUES ('2017-05-20', '92', '9', '85');
INSERT INTO `recommendation_books` VALUES ('2017-05-20', '92', '17', '92');
INSERT INTO `recommendation_books` VALUES ('2017-05-20', '92', '4', '98');
INSERT INTO `recommendation_books` VALUES ('2017-05-20', '92', '8', '81');
INSERT INTO `recommendation_books` VALUES ('2017-05-20', '93', '45', '95');
INSERT INTO `recommendation_books` VALUES ('2017-05-20', '93', '13', '80');
INSERT INTO `recommendation_books` VALUES ('2017-05-20', '93', '11', '82');
INSERT INTO `recommendation_books` VALUES ('2017-05-20', '93', '18', '93');
INSERT INTO `recommendation_books` VALUES ('2017-05-20', '94', '37', '82');
INSERT INTO `recommendation_books` VALUES ('2017-05-20', '94', '44', '99');
INSERT INTO `recommendation_books` VALUES ('2017-05-20', '94', '13', '96');
INSERT INTO `recommendation_books` VALUES ('2017-05-20', '94', '1', '86');
INSERT INTO `recommendation_books` VALUES ('2017-05-20', '95', '1', '86');
INSERT INTO `recommendation_books` VALUES ('2017-05-20', '95', '38', '85');
INSERT INTO `recommendation_books` VALUES ('2017-05-20', '95', '18', '82');
INSERT INTO `recommendation_books` VALUES ('2017-05-20', '95', '18', '90');
INSERT INTO `recommendation_books` VALUES ('2017-05-20', '96', '7', '91');
INSERT INTO `recommendation_books` VALUES ('2017-05-20', '96', '48', '96');
INSERT INTO `recommendation_books` VALUES ('2017-05-20', '96', '17', '81');
INSERT INTO `recommendation_books` VALUES ('2017-05-20', '96', '15', '87');
INSERT INTO `recommendation_books` VALUES ('2017-05-20', '97', '6', '98');
INSERT INTO `recommendation_books` VALUES ('2017-05-20', '97', '4', '87');
INSERT INTO `recommendation_books` VALUES ('2017-05-20', '97', '49', '81');
INSERT INTO `recommendation_books` VALUES ('2017-05-20', '97', '2', '85');
INSERT INTO `recommendation_books` VALUES ('2017-05-20', '98', '34', '83');
INSERT INTO `recommendation_books` VALUES ('2017-05-20', '98', '32', '98');
INSERT INTO `recommendation_books` VALUES ('2017-05-20', '98', '22', '94');
INSERT INTO `recommendation_books` VALUES ('2017-05-20', '98', '37', '86');
INSERT INTO `recommendation_books` VALUES ('2017-05-20', '99', '48', '86');
INSERT INTO `recommendation_books` VALUES ('2017-05-20', '99', '44', '89');
INSERT INTO `recommendation_books` VALUES ('2017-05-20', '99', '44', '81');
INSERT INTO `recommendation_books` VALUES ('2017-05-20', '99', '37', '95');
INSERT INTO `recommendation_books` VALUES ('2017-05-20', '100', '32', '80');
INSERT INTO `recommendation_books` VALUES ('2017-05-20', '100', '12', '81');
INSERT INTO `recommendation_books` VALUES ('2017-05-20', '100', '18', '84');
INSERT INTO `recommendation_books` VALUES ('2017-05-20', '100', '30', '83');

-- ----------------------------
-- Table structure for search_books
-- ----------------------------
DROP TABLE IF EXISTS `search_books`;
CREATE TABLE `search_books` (
  `id` int(11) NOT NULL,
  `context` varchar(20) NOT NULL,
  `search_time` datetime NOT NULL,
  KEY `id` (`id`),
  CONSTRAINT `search_books_ibfk_1` FOREIGN KEY (`id`) REFERENCES `user_info` (`id`)
) ENGINE=InnoDB DEFAULT CHARSET=utf8;

-- ----------------------------
-- Records of search_books
-- ----------------------------

-- ----------------------------
-- Table structure for user
-- ----------------------------
DROP TABLE IF EXISTS `user`;
CREATE TABLE `user` (
  `id` int(11) NOT NULL AUTO_INCREMENT,
  `account` varchar(20) NOT NULL,
  `password` varchar(20) NOT NULL,
  `power` varchar(10) NOT NULL,
  `last_login_time` datetime NOT NULL,
  PRIMARY KEY (`id`),
  UNIQUE KEY `account` (`account`)
) ENGINE=InnoDB AUTO_INCREMENT=114 DEFAULT CHARSET=utf8;

-- ----------------------------
-- Records of user
-- ----------------------------
INSERT INTO `user` VALUES ('1', 'test1', '123qwe', '用户', '2017-05-18 22:50:02');
INSERT INTO `user` VALUES ('2', 'test2', '123qwe', '用户', '2017-05-18 22:50:02');
INSERT INTO `user` VALUES ('3', 'test3', '123qwe', '用户', '2017-05-18 22:50:02');
INSERT INTO `user` VALUES ('4', 'test4', '123qwe', '用户', '2017-05-18 22:50:02');
INSERT INTO `user` VALUES ('5', 'test5', '123qwe', '用户', '2017-05-18 22:50:02');
INSERT INTO `user` VALUES ('6', 'test6', '123qwe', '用户', '2017-05-18 22:50:02');
INSERT INTO `user` VALUES ('7', 'test7', '123qwe', '用户', '2017-05-18 22:50:02');
INSERT INTO `user` VALUES ('8', 'test8', '123qwe', '用户', '2017-05-18 22:50:03');
INSERT INTO `user` VALUES ('9', 'test9', '123qwe', '用户', '2017-05-18 22:50:03');
INSERT INTO `user` VALUES ('10', 'test10', '123qwe', '用户', '2017-05-18 22:50:03');
INSERT INTO `user` VALUES ('11', 'test11', '123qwe', '用户', '2017-05-18 22:50:03');
INSERT INTO `user` VALUES ('12', 'test12', '123qwe', '用户', '2017-05-18 22:50:03');
INSERT INTO `user` VALUES ('13', 'test13', '123qwe', '用户', '2017-05-18 22:50:03');
INSERT INTO `user` VALUES ('14', 'test14', '123qwe', '用户', '2017-05-18 22:50:03');
INSERT INTO `user` VALUES ('15', 'test15', '123qwe', '用户', '2017-05-18 22:50:03');
INSERT INTO `user` VALUES ('16', 'test16', '123qwe', '用户', '2017-05-18 22:50:03');
INSERT INTO `user` VALUES ('17', 'test17', '123qwe', '用户', '2017-05-18 22:50:03');
INSERT INTO `user` VALUES ('18', 'test18', '123qwe', '用户', '2017-05-18 22:50:03');
INSERT INTO `user` VALUES ('19', 'test19', '123qwe', '用户', '2017-05-18 22:50:03');
INSERT INTO `user` VALUES ('20', 'test20', '123qwe', '用户', '2017-05-18 22:50:03');
INSERT INTO `user` VALUES ('21', 'test21', '123qwe', '用户', '2017-05-18 22:50:03');
INSERT INTO `user` VALUES ('22', 'test22', '123qwe', '用户', '2017-05-18 22:50:03');
INSERT INTO `user` VALUES ('23', 'test23', '123qwe', '用户', '2017-05-18 22:50:03');
INSERT INTO `user` VALUES ('24', 'test24', '123qwe', '用户', '2017-05-18 22:50:03');
INSERT INTO `user` VALUES ('25', 'test25', '123qwe', '用户', '2017-05-18 22:50:03');
INSERT INTO `user` VALUES ('26', 'test26', '123qwe', '用户', '2017-05-18 22:50:03');
INSERT INTO `user` VALUES ('27', 'test27', '123qwe', '用户', '2017-05-18 22:50:03');
INSERT INTO `user` VALUES ('28', 'test28', '123qwe', '用户', '2017-05-18 22:50:03');
INSERT INTO `user` VALUES ('29', 'test29', '123qwe', '用户', '2017-05-18 22:50:03');
INSERT INTO `user` VALUES ('30', 'test30', '123qwe', '用户', '2017-05-18 22:50:03');
INSERT INTO `user` VALUES ('31', 'test31', '123qwe', '用户', '2017-05-18 22:50:03');
INSERT INTO `user` VALUES ('32', 'test32', '123qwe', '用户', '2017-05-18 22:50:04');
INSERT INTO `user` VALUES ('33', 'test33', '123qwe', '用户', '2017-05-18 22:50:04');
INSERT INTO `user` VALUES ('34', 'test34', '123qwe', '用户', '2017-05-18 22:50:04');
INSERT INTO `user` VALUES ('35', 'test35', '123qwe', '用户', '2017-05-18 22:50:04');
INSERT INTO `user` VALUES ('36', 'test36', '123qwe', '用户', '2017-05-18 22:50:04');
INSERT INTO `user` VALUES ('37', 'test37', '123qwe', '用户', '2017-05-18 22:50:04');
INSERT INTO `user` VALUES ('38', 'test38', '123qwe', '用户', '2017-05-18 22:50:04');
INSERT INTO `user` VALUES ('39', 'test39', '123qwe', '用户', '2017-05-18 22:50:04');
INSERT INTO `user` VALUES ('40', 'test40', '123qwe', '用户', '2017-05-18 22:50:04');
INSERT INTO `user` VALUES ('41', 'test41', '123qwe', '用户', '2017-05-18 22:50:04');
INSERT INTO `user` VALUES ('42', 'test42', '123qwe', '用户', '2017-05-18 22:50:04');
INSERT INTO `user` VALUES ('43', 'test43', '123qwe', '用户', '2017-05-18 22:50:04');
INSERT INTO `user` VALUES ('44', 'test44', '123qwe', '用户', '2017-05-18 22:50:04');
INSERT INTO `user` VALUES ('45', 'test45', '123qwe', '用户', '2017-05-18 22:50:04');
INSERT INTO `user` VALUES ('46', 'test46', '123qwe', '用户', '2017-05-18 22:50:04');
INSERT INTO `user` VALUES ('47', 'test47', '123qwe', '用户', '2017-05-18 22:50:04');
INSERT INTO `user` VALUES ('48', 'test48', '123qwe', '用户', '2017-05-18 22:50:04');
INSERT INTO `user` VALUES ('49', 'test49', '123qwe', '用户', '2017-05-18 22:50:04');
INSERT INTO `user` VALUES ('50', 'test50', '123qwe', '用户', '2017-05-18 22:50:04');
INSERT INTO `user` VALUES ('51', 'test51', '123qwe', '用户', '2017-05-18 22:50:04');
INSERT INTO `user` VALUES ('52', 'test52', '123qwe', '用户', '2017-05-18 22:50:04');
INSERT INTO `user` VALUES ('53', 'test53', '123qwe', '用户', '2017-05-18 22:50:04');
INSERT INTO `user` VALUES ('54', 'test54', '123qwe', '用户', '2017-05-18 22:50:05');
INSERT INTO `user` VALUES ('55', 'test55', '123qwe', '用户', '2017-05-18 22:50:05');
INSERT INTO `user` VALUES ('56', 'test56', '123qwe', '用户', '2017-05-18 22:50:05');
INSERT INTO `user` VALUES ('57', 'test57', '123qwe', '用户', '2017-05-18 22:50:05');
INSERT INTO `user` VALUES ('58', 'test58', '123qwe', '用户', '2017-05-18 22:50:05');
INSERT INTO `user` VALUES ('59', 'test59', '123qwe', '用户', '2017-05-18 22:50:05');
INSERT INTO `user` VALUES ('60', 'test60', '123qwe', '用户', '2017-05-18 22:50:05');
INSERT INTO `user` VALUES ('61', 'test61', '123qwe', '用户', '2017-05-18 22:50:05');
INSERT INTO `user` VALUES ('62', 'test62', '123qwe', '用户', '2017-05-18 22:50:05');
INSERT INTO `user` VALUES ('63', 'test63', '123qwe', '用户', '2017-05-18 22:50:05');
INSERT INTO `user` VALUES ('64', 'test64', '123qwe', '用户', '2017-05-18 22:50:05');
INSERT INTO `user` VALUES ('65', 'test65', '123qwe', '用户', '2017-05-18 22:50:05');
INSERT INTO `user` VALUES ('66', 'test66', '123qwe', '用户', '2017-05-18 22:50:05');
INSERT INTO `user` VALUES ('67', 'test67', '123qwe', '用户', '2017-05-18 22:50:05');
INSERT INTO `user` VALUES ('68', 'test68', '123qwe', '用户', '2017-05-18 22:50:05');
INSERT INTO `user` VALUES ('69', 'test69', '123qwe', '用户', '2017-05-18 22:50:05');
INSERT INTO `user` VALUES ('70', 'test70', '123qwe', '用户', '2017-05-18 22:50:05');
INSERT INTO `user` VALUES ('71', 'test71', '123qwe', '用户', '2017-05-18 22:50:05');
INSERT INTO `user` VALUES ('72', 'test72', '123qwe', '用户', '2017-05-18 22:50:05');
INSERT INTO `user` VALUES ('73', 'test73', '123qwe', '用户', '2017-05-18 22:50:05');
INSERT INTO `user` VALUES ('74', 'test74', '123qwe', '用户', '2017-05-18 22:50:05');
INSERT INTO `user` VALUES ('75', 'test75', '123qwe', '用户', '2017-05-18 22:50:05');
INSERT INTO `user` VALUES ('76', 'test76', '123qwe', '用户', '2017-05-18 22:50:05');
INSERT INTO `user` VALUES ('77', 'test77', '123qwe', '用户', '2017-05-18 22:50:05');
INSERT INTO `user` VALUES ('78', 'test78', '123qwe', '用户', '2017-05-18 22:50:05');
INSERT INTO `user` VALUES ('79', 'test79', '123qwe', '用户', '2017-05-18 22:50:05');
INSERT INTO `user` VALUES ('80', 'test80', '123qwe', '用户', '2017-05-18 22:50:05');
INSERT INTO `user` VALUES ('81', 'test81', '123qwe', '用户', '2017-05-18 22:50:05');
INSERT INTO `user` VALUES ('82', 'test82', '123qwe', '用户', '2017-05-18 22:50:05');
INSERT INTO `user` VALUES ('83', 'test83', '123qwe', '用户', '2017-05-18 22:50:05');
INSERT INTO `user` VALUES ('84', 'test84', '123qwe', '用户', '2017-05-18 22:50:05');
INSERT INTO `user` VALUES ('85', 'test85', '123qwe', '用户', '2017-05-18 22:50:05');
INSERT INTO `user` VALUES ('86', 'test86', '123qwe', '用户', '2017-05-18 22:50:05');
INSERT INTO `user` VALUES ('87', 'test87', '123qwe', '用户', '2017-05-18 22:50:06');
INSERT INTO `user` VALUES ('88', 'test88', '123qwe', '用户', '2017-05-18 22:50:06');
INSERT INTO `user` VALUES ('89', 'test89', '123qwe', '用户', '2017-05-18 22:50:06');
INSERT INTO `user` VALUES ('90', 'test90', '123qwe', '用户', '2017-05-18 22:50:06');
INSERT INTO `user` VALUES ('91', 'test91', '123qwe', '用户', '2017-05-18 22:50:06');
INSERT INTO `user` VALUES ('92', 'test92', '123qwe', '用户', '2017-05-18 22:50:06');
INSERT INTO `user` VALUES ('93', 'test93', '123qwe', '用户', '2017-05-18 22:50:06');
INSERT INTO `user` VALUES ('94', 'test94', '123qwe', '用户', '2017-05-18 22:50:06');
INSERT INTO `user` VALUES ('95', 'test95', '123qwe', '用户', '2017-05-18 22:50:06');
INSERT INTO `user` VALUES ('96', 'test96', '123qwe', '用户', '2017-05-18 22:50:06');
INSERT INTO `user` VALUES ('97', 'test97', '123qwe', '用户', '2017-05-18 22:50:06');
INSERT INTO `user` VALUES ('98', 'test98', '123qwe', '用户', '2017-05-18 22:50:06');
INSERT INTO `user` VALUES ('99', 'test99', '123qwe', '用户', '2017-05-18 22:50:06');
INSERT INTO `user` VALUES ('100', 'test100', '123qwe', '用户', '2017-05-18 22:50:06');
INSERT INTO `user` VALUES ('109', 'zhangsan', '123qwe', '用户', '2017-05-23 22:49:18');
INSERT INTO `user` VALUES ('110', 'lisi', '123qwe', '用户', '2017-05-23 22:55:48');
INSERT INTO `user` VALUES ('111', 'qwttqtq', 'qwgtqwtqw', '用户', '2017-05-23 22:58:58');
INSERT INTO `user` VALUES ('112', 'vavava', 'aVFAWV', '用户', '2017-05-23 23:00:07');
INSERT INTO `user` VALUES ('113', 'wangwu', '123qwe', '用户', '2017-05-24 10:12:04');

-- ----------------------------
-- Table structure for user_ext
-- ----------------------------
DROP TABLE IF EXISTS `user_ext`;
CREATE TABLE `user_ext` (
  `id` int(11) NOT NULL,
  `cellphone` varchar(20) DEFAULT NULL,
  `wechat` varchar(20) DEFAULT NULL,
  `qq` varchar(20) DEFAULT NULL,
  `level` varchar(20) NOT NULL,
  `if_vip` tinyint(4) NOT NULL,
  `vip_level` varchar(10) DEFAULT NULL,
  `balance` double NOT NULL,
  PRIMARY KEY (`id`),
  CONSTRAINT `user_ext_ibfk_1` FOREIGN KEY (`id`) REFERENCES `user_info` (`id`)
) ENGINE=InnoDB DEFAULT CHARSET=utf8;

-- ----------------------------
-- Records of user_ext
-- ----------------------------
INSERT INTO `user_ext` VALUES ('1', null, null, null, '青铜2', '0', 'vip2', '0');
INSERT INTO `user_ext` VALUES ('2', null, null, null, '青铜3', '0', null, '0');
INSERT INTO `user_ext` VALUES ('3', null, null, null, '青铜4', '0', null, '0');
INSERT INTO `user_ext` VALUES ('4', null, null, null, '青铜5', '0', null, '0');
INSERT INTO `user_ext` VALUES ('5', null, null, null, '白银1', '0', null, '0');
INSERT INTO `user_ext` VALUES ('6', null, null, null, '青铜2', '1', null, '0');
INSERT INTO `user_ext` VALUES ('7', null, null, null, '黄金3', '0', 'vip3', '0');
INSERT INTO `user_ext` VALUES ('8', null, null, null, '青铜4', '0', null, '0');
INSERT INTO `user_ext` VALUES ('9', null, null, null, '钻石5', '0', null, '0');
INSERT INTO `user_ext` VALUES ('10', null, null, null, '白银1', '0', null, '0');
INSERT INTO `user_ext` VALUES ('11', null, null, null, '青铜2', '0', null, '0');
INSERT INTO `user_ext` VALUES ('12', null, null, null, '青铜3', '1', null, '0');
INSERT INTO `user_ext` VALUES ('13', null, null, null, '青铜4', '0', 'vip4', '0');
INSERT INTO `user_ext` VALUES ('14', null, null, null, '黄金5', '0', null, '0');
INSERT INTO `user_ext` VALUES ('15', null, null, null, '白银1', '0', null, '0');
INSERT INTO `user_ext` VALUES ('16', null, null, null, '青铜2', '0', null, '0');
INSERT INTO `user_ext` VALUES ('17', null, null, null, '青铜3', '0', null, '0');
INSERT INTO `user_ext` VALUES ('18', null, null, null, '钻石4', '1', null, '0');
INSERT INTO `user_ext` VALUES ('19', null, null, null, '青铜5', '0', 'vip5', '0');
INSERT INTO `user_ext` VALUES ('20', null, null, null, '白银1', '0', null, '0');
INSERT INTO `user_ext` VALUES ('21', null, null, null, '黄金2', '0', null, '0');
INSERT INTO `user_ext` VALUES ('22', null, null, null, '青铜3', '0', null, '0');
INSERT INTO `user_ext` VALUES ('23', null, null, null, '青铜4', '0', null, '0');
INSERT INTO `user_ext` VALUES ('24', null, null, null, '青铜5', '1', null, '0');
INSERT INTO `user_ext` VALUES ('25', null, null, null, '白银1', '0', 'vip1', '0');
INSERT INTO `user_ext` VALUES ('26', null, null, null, '青铜2', '0', null, '0');
INSERT INTO `user_ext` VALUES ('27', null, null, null, '钻石3', '0', null, '0');
INSERT INTO `user_ext` VALUES ('28', null, null, null, '黄金4', '0', null, '0');
INSERT INTO `user_ext` VALUES ('29', null, null, null, '青铜5', '0', null, '0');
INSERT INTO `user_ext` VALUES ('30', null, null, null, '白银1', '1', null, '0');
INSERT INTO `user_ext` VALUES ('31', null, null, null, '青铜2', '0', 'vip2', '0');
INSERT INTO `user_ext` VALUES ('32', null, null, null, '青铜3', '0', null, '0');
INSERT INTO `user_ext` VALUES ('33', null, null, null, '青铜4', '0', null, '0');
INSERT INTO `user_ext` VALUES ('34', null, null, null, '青铜5', '0', null, '0');
INSERT INTO `user_ext` VALUES ('35', null, null, null, '黄金1', '0', null, '0');
INSERT INTO `user_ext` VALUES ('36', null, null, null, '钻石2', '1', null, '0');
INSERT INTO `user_ext` VALUES ('37', null, null, null, '青铜3', '0', 'vip3', '0');
INSERT INTO `user_ext` VALUES ('38', null, null, null, '青铜4', '0', null, '0');
INSERT INTO `user_ext` VALUES ('39', null, null, null, '青铜5', '0', null, '0');
INSERT INTO `user_ext` VALUES ('40', null, null, null, '白银1', '0', null, '0');
INSERT INTO `user_ext` VALUES ('41', null, null, null, '青铜2', '0', null, '0');
INSERT INTO `user_ext` VALUES ('42', null, null, null, '黄金3', '1', null, '0');
INSERT INTO `user_ext` VALUES ('43', null, null, null, '青铜4', '0', 'vip4', '0');
INSERT INTO `user_ext` VALUES ('44', null, null, null, '青铜5', '0', null, '0');
INSERT INTO `user_ext` VALUES ('45', null, null, null, '钻石1', '0', null, '0');
INSERT INTO `user_ext` VALUES ('46', null, null, null, '青铜2', '0', null, '0');
INSERT INTO `user_ext` VALUES ('47', null, null, null, '青铜3', '0', null, '0');
INSERT INTO `user_ext` VALUES ('48', null, null, null, '青铜4', '1', null, '0');
INSERT INTO `user_ext` VALUES ('49', null, null, null, '黄金5', '0', 'vip5', '0');
INSERT INTO `user_ext` VALUES ('50', null, null, null, '白银1', '0', null, '0');
INSERT INTO `user_ext` VALUES ('51', null, null, null, '青铜2', '0', null, '0');
INSERT INTO `user_ext` VALUES ('52', null, null, null, '青铜3', '0', null, '0');
INSERT INTO `user_ext` VALUES ('53', null, null, null, '青铜4', '0', null, '0');
INSERT INTO `user_ext` VALUES ('54', null, null, null, '钻石5', '1', null, '0');
INSERT INTO `user_ext` VALUES ('55', null, null, null, '白银1', '0', 'vip1', '0');
INSERT INTO `user_ext` VALUES ('56', null, null, null, '黄金2', '0', null, '0');
INSERT INTO `user_ext` VALUES ('57', null, null, null, '青铜3', '0', null, '0');
INSERT INTO `user_ext` VALUES ('58', null, null, null, '青铜4', '0', null, '0');
INSERT INTO `user_ext` VALUES ('59', null, null, null, '青铜5', '0', null, '0');
INSERT INTO `user_ext` VALUES ('60', null, null, null, '白银1', '1', null, '0');
INSERT INTO `user_ext` VALUES ('61', null, null, null, '青铜2', '0', 'vip2', '0');
INSERT INTO `user_ext` VALUES ('62', null, null, null, '青铜3', '0', null, '0');
INSERT INTO `user_ext` VALUES ('63', null, null, null, '钻石4', '0', null, '0');
INSERT INTO `user_ext` VALUES ('64', null, null, null, '青铜5', '0', null, '0');
INSERT INTO `user_ext` VALUES ('65', null, null, null, '白银1', '0', null, '0');
INSERT INTO `user_ext` VALUES ('66', null, null, null, '青铜2', '1', null, '0');
INSERT INTO `user_ext` VALUES ('67', null, null, null, '青铜3', '0', 'vip3', '0');
INSERT INTO `user_ext` VALUES ('68', null, null, null, '青铜4', '0', null, '0');
INSERT INTO `user_ext` VALUES ('69', null, null, null, '青铜5', '0', null, '0');
INSERT INTO `user_ext` VALUES ('70', null, null, null, '黄金1', '0', null, '0');
INSERT INTO `user_ext` VALUES ('71', null, null, null, '青铜2', '0', null, '0');
INSERT INTO `user_ext` VALUES ('72', null, null, null, '钻石3', '1', null, '0');
INSERT INTO `user_ext` VALUES ('73', null, null, null, '青铜4', '0', 'vip4', '0');
INSERT INTO `user_ext` VALUES ('74', null, null, null, '青铜5', '0', null, '0');
INSERT INTO `user_ext` VALUES ('75', null, null, null, '白银1', '0', null, '0');
INSERT INTO `user_ext` VALUES ('76', null, null, null, '青铜2', '0', null, '0');
INSERT INTO `user_ext` VALUES ('77', null, null, null, '黄金3', '0', null, '0');
INSERT INTO `user_ext` VALUES ('78', null, null, null, '青铜4', '1', null, '0');
INSERT INTO `user_ext` VALUES ('79', null, null, null, '青铜5', '0', 'vip5', '0');
INSERT INTO `user_ext` VALUES ('80', null, null, null, '白银1', '0', null, '0');
INSERT INTO `user_ext` VALUES ('81', null, null, null, '钻石2', '0', null, '0');
INSERT INTO `user_ext` VALUES ('82', null, null, null, '青铜3', '0', null, '0');
INSERT INTO `user_ext` VALUES ('83', null, null, null, '青铜4', '0', null, '0');
INSERT INTO `user_ext` VALUES ('84', null, null, null, '黄金5', '1', null, '0');
INSERT INTO `user_ext` VALUES ('85', null, null, null, '白银1', '0', 'vip1', '0');
INSERT INTO `user_ext` VALUES ('86', null, null, null, '青铜2', '0', null, '0');
INSERT INTO `user_ext` VALUES ('87', null, null, null, '青铜3', '0', null, '0');
INSERT INTO `user_ext` VALUES ('88', null, null, null, '青铜4', '0', null, '0');
INSERT INTO `user_ext` VALUES ('89', null, null, null, '青铜5', '0', null, '0');
INSERT INTO `user_ext` VALUES ('90', null, null, null, '钻石1', '1', null, '0');
INSERT INTO `user_ext` VALUES ('91', null, null, null, '黄金2', '0', 'vip2', '0');
INSERT INTO `user_ext` VALUES ('92', null, null, null, '青铜3', '0', null, '0');
INSERT INTO `user_ext` VALUES ('93', null, null, null, '青铜4', '0', null, '0');
INSERT INTO `user_ext` VALUES ('94', null, null, null, '青铜5', '0', null, '0');
INSERT INTO `user_ext` VALUES ('95', null, null, null, '白银1', '0', null, '0');
INSERT INTO `user_ext` VALUES ('96', null, null, null, '青铜2', '1', null, '0');
INSERT INTO `user_ext` VALUES ('97', null, null, null, '青铜3', '0', 'vip3', '0');
INSERT INTO `user_ext` VALUES ('98', null, null, null, '黄金4', '0', null, '0');
INSERT INTO `user_ext` VALUES ('99', null, null, null, '钻石5', '0', null, '0');
INSERT INTO `user_ext` VALUES ('100', null, null, null, '白银1', '0', null, '0');
INSERT INTO `user_ext` VALUES ('109', '', '', '', '青铜1', '0', null, '0');
INSERT INTO `user_ext` VALUES ('110', '', '', '', '青铜1', '0', null, '0');
INSERT INTO `user_ext` VALUES ('111', '', '', '', '青铜1', '0', null, '0');
INSERT INTO `user_ext` VALUES ('112', '', '', '', '青铜1', '0', null, '0');
INSERT INTO `user_ext` VALUES ('113', '', '', '', '青铜1', '0', null, '0');

-- ----------------------------
-- Table structure for user_info
-- ----------------------------
DROP TABLE IF EXISTS `user_info`;
CREATE TABLE `user_info` (
  `id` int(11) NOT NULL,
  `name` varchar(20) NOT NULL,
  `signature` varchar(100) DEFAULT NULL,
  `gender` varchar(10) NOT NULL,
  `career` varchar(10) NOT NULL,
  `picture` varchar(100) DEFAULT NULL,
  `birthday` date NOT NULL,
  `province` varchar(20) NOT NULL,
  `city` varchar(20) NOT NULL,
  PRIMARY KEY (`id`),
  CONSTRAINT `user_info_ibfk_1` FOREIGN KEY (`id`) REFERENCES `user` (`id`)
) ENGINE=InnoDB DEFAULT CHARSET=utf8;

-- ----------------------------
-- Records of user_info
-- ----------------------------
INSERT INTO `user_info` VALUES ('1', 'TestUser1', null, '女', '学生', 'user_picture/暂无照片.jpg', '1994-08-30', '北京', '北京');
INSERT INTO `user_info` VALUES ('2', 'TestUser2', null, '男', '学生', 'user_picture/暂无照片.jpg', '1994-08-30', '北京', '北京');
INSERT INTO `user_info` VALUES ('3', 'TestUser3', null, '女', '公务员', 'user_picture/暂无照片.jpg', '1994-08-30', '北京', '北京');
INSERT INTO `user_info` VALUES ('4', 'TestUser4', null, '男', '学生', 'user_picture/暂无照片.jpg', '1994-08-30', '北京', '北京');
INSERT INTO `user_info` VALUES ('5', 'TestUser5', null, '女', '教师', 'user_picture/暂无照片.jpg', '1994-08-30', '北京', '北京');
INSERT INTO `user_info` VALUES ('6', 'TestUser6', null, '男', '公务员', 'user_picture/暂无照片.jpg', '1994-08-30', '北京', '北京');
INSERT INTO `user_info` VALUES ('7', 'TestUser7', null, '女', '公司职员', 'user_picture/暂无照片.jpg', '1994-08-30', '北京', '北京');
INSERT INTO `user_info` VALUES ('8', 'TestUser8', null, '男', '学生', 'user_picture/暂无照片.jpg', '1994-08-30', '北京', '北京');
INSERT INTO `user_info` VALUES ('9', 'TestUser9', null, '女', '公务员', 'user_picture/暂无照片.jpg', '1994-08-30', '北京', '北京');
INSERT INTO `user_info` VALUES ('10', 'TestUser10', null, '男', '教师', 'user_picture/暂无照片.jpg', '1994-08-30', '北京', '北京');
INSERT INTO `user_info` VALUES ('11', 'TestUser11', null, '女', '学生', 'user_picture/暂无照片.jpg', '1994-08-30', '上海', '上海');
INSERT INTO `user_info` VALUES ('12', 'TestUser12', null, '男', '公务员', 'user_picture/暂无照片.jpg', '1994-08-30', '上海', '上海');
INSERT INTO `user_info` VALUES ('13', 'TestUser13', null, '女', '学生', 'user_picture/暂无照片.jpg', '1994-08-30', '上海', '上海');
INSERT INTO `user_info` VALUES ('14', 'TestUser14', null, '男', '公司职员', 'user_picture/暂无照片.jpg', '1994-08-30', '上海', '上海');
INSERT INTO `user_info` VALUES ('15', 'TestUser15', null, '女', '教师', 'user_picture/暂无照片.jpg', '1994-08-30', '上海', '上海');
INSERT INTO `user_info` VALUES ('16', 'TestUser16', null, '男', '学生', 'user_picture/暂无照片.jpg', '1994-08-30', '上海', '上海');
INSERT INTO `user_info` VALUES ('17', 'TestUser17', null, '女', '学生', 'user_picture/暂无照片.jpg', '1994-08-30', '上海', '上海');
INSERT INTO `user_info` VALUES ('18', 'TestUser18', null, '男', '公务员', 'user_picture/暂无照片.jpg', '1994-08-30', '上海', '上海');
INSERT INTO `user_info` VALUES ('19', 'TestUser19', null, '女', '学生', 'user_picture/暂无照片.jpg', '1994-08-30', '上海', '上海');
INSERT INTO `user_info` VALUES ('20', 'TestUser20', null, '男', '教师', 'user_picture/暂无照片.jpg', '1994-08-30', '上海', '上海');
INSERT INTO `user_info` VALUES ('21', 'TestUser21', null, '女', '公司职员', 'user_picture/暂无照片.jpg', '1994-08-30', '浙江', '杭州');
INSERT INTO `user_info` VALUES ('22', 'TestUser22', null, '男', '学生', 'user_picture/暂无照片.jpg', '1994-08-30', '浙江', '杭州');
INSERT INTO `user_info` VALUES ('23', 'TestUser23', null, '女', '学生', 'user_picture/暂无照片.jpg', '1994-08-30', '浙江', '杭州');
INSERT INTO `user_info` VALUES ('24', 'TestUser24', null, '男', '公务员', 'user_picture/暂无照片.jpg', '1994-08-30', '浙江', '杭州');
INSERT INTO `user_info` VALUES ('25', 'TestUser25', null, '女', '教师', 'user_picture/暂无照片.jpg', '1994-08-30', '浙江', '杭州');
INSERT INTO `user_info` VALUES ('26', 'TestUser26', null, '男', '学生', 'user_picture/暂无照片.jpg', '1994-08-30', '浙江', '杭州');
INSERT INTO `user_info` VALUES ('27', 'TestUser27', null, '女', '公务员', 'user_picture/暂无照片.jpg', '1994-08-30', '浙江', '杭州');
INSERT INTO `user_info` VALUES ('28', 'TestUser28', null, '男', '公司职员', 'user_picture/暂无照片.jpg', '1994-08-30', '浙江', '杭州');
INSERT INTO `user_info` VALUES ('29', 'TestUser29', null, '女', '学生', 'user_picture/暂无照片.jpg', '1994-08-30', '浙江', '杭州');
INSERT INTO `user_info` VALUES ('30', 'TestUser30', null, '男', '教师', 'user_picture/暂无照片.jpg', '1994-08-30', '浙江', '杭州');
INSERT INTO `user_info` VALUES ('31', 'TestUser31', null, '女', '学生', 'user_picture/暂无照片.jpg', '1994-08-30', '浙江', '宁波');
INSERT INTO `user_info` VALUES ('32', 'TestUser32', null, '男', '学生', 'user_picture/暂无照片.jpg', '1994-08-30', '浙江', '宁波');
INSERT INTO `user_info` VALUES ('33', 'TestUser33', null, '女', '公务员', 'user_picture/暂无照片.jpg', '1994-08-30', '浙江', '宁波');
INSERT INTO `user_info` VALUES ('34', 'TestUser34', null, '男', '学生', 'user_picture/暂无照片.jpg', '1994-08-30', '浙江', '宁波');
INSERT INTO `user_info` VALUES ('35', 'TestUser35', null, '女', '教师', 'user_picture/暂无照片.jpg', '1994-08-30', '浙江', '宁波');
INSERT INTO `user_info` VALUES ('36', 'TestUser36', null, '男', '公务员', 'user_picture/暂无照片.jpg', '1994-08-30', '浙江', '宁波');
INSERT INTO `user_info` VALUES ('37', 'TestUser37', null, '女', '学生', 'user_picture/暂无照片.jpg', '1994-08-30', '浙江', '宁波');
INSERT INTO `user_info` VALUES ('38', 'TestUser38', null, '男', '学生', 'user_picture/暂无照片.jpg', '1994-08-30', '浙江', '宁波');
INSERT INTO `user_info` VALUES ('39', 'TestUser39', null, '女', '公务员', 'user_picture/暂无照片.jpg', '1994-08-30', '浙江', '宁波');
INSERT INTO `user_info` VALUES ('40', 'TestUser40', null, '男', '教师', 'user_picture/暂无照片.jpg', '1994-08-30', '浙江', '宁波');
INSERT INTO `user_info` VALUES ('41', 'TestUser41', null, '女', '学生', 'user_picture/暂无照片.jpg', '1994-08-30', '江苏', '南京');
INSERT INTO `user_info` VALUES ('42', 'TestUser42', null, '男', '公司职员', 'user_picture/暂无照片.jpg', '1994-08-30', '江苏', '南京');
INSERT INTO `user_info` VALUES ('43', 'TestUser43', null, '女', '学生', 'user_picture/暂无照片.jpg', '1994-08-30', '江苏', '南京');
INSERT INTO `user_info` VALUES ('44', 'TestUser44', null, '男', '学生', 'user_picture/暂无照片.jpg', '1994-08-30', '江苏', '南京');
INSERT INTO `user_info` VALUES ('45', 'TestUser45', null, '女', '教师', 'user_picture/暂无照片.jpg', '1994-08-30', '江苏', '南京');
INSERT INTO `user_info` VALUES ('46', 'TestUser46', null, '男', '学生', 'user_picture/暂无照片.jpg', '1994-08-30', '江苏', '南京');
INSERT INTO `user_info` VALUES ('47', 'TestUser47', null, '女', '学生', 'user_picture/暂无照片.jpg', '1994-08-30', '江苏', '南京');
INSERT INTO `user_info` VALUES ('48', 'TestUser48', null, '男', '公务员', 'user_picture/暂无照片.jpg', '1994-08-30', '江苏', '南京');
INSERT INTO `user_info` VALUES ('49', 'TestUser49', null, '女', '公司职员', 'user_picture/暂无照片.jpg', '1994-08-30', '江苏', '南京');
INSERT INTO `user_info` VALUES ('50', 'TestUser50', null, '男', '教师', 'user_picture/暂无照片.jpg', '1994-08-30', '江苏', '南京');
INSERT INTO `user_info` VALUES ('51', 'TestUser51', null, '女', '公务员', 'user_picture/暂无照片.jpg', '1994-08-30', '江苏', '苏州');
INSERT INTO `user_info` VALUES ('52', 'TestUser52', null, '男', '学生', 'user_picture/暂无照片.jpg', '1994-08-30', '江苏', '苏州');
INSERT INTO `user_info` VALUES ('53', 'TestUser53', null, '女', '学生', 'user_picture/暂无照片.jpg', '1994-08-30', '江苏', '苏州');
INSERT INTO `user_info` VALUES ('54', 'TestUser54', null, '男', '公务员', 'user_picture/暂无照片.jpg', '1994-08-30', '江苏', '苏州');
INSERT INTO `user_info` VALUES ('55', 'TestUser55', null, '女', '教师', 'user_picture/暂无照片.jpg', '1994-08-30', '江苏', '苏州');
INSERT INTO `user_info` VALUES ('56', 'TestUser56', null, '男', '公司职员', 'user_picture/暂无照片.jpg', '1994-08-30', '江苏', '苏州');
INSERT INTO `user_info` VALUES ('57', 'TestUser57', null, '女', '公务员', 'user_picture/暂无照片.jpg', '1994-08-30', '江苏', '苏州');
INSERT INTO `user_info` VALUES ('58', 'TestUser58', null, '男', '学生', 'user_picture/暂无照片.jpg', '1994-08-30', '江苏', '苏州');
INSERT INTO `user_info` VALUES ('59', 'TestUser59', null, '女', '学生', 'user_picture/暂无照片.jpg', '1994-08-30', '江苏', '苏州');
INSERT INTO `user_info` VALUES ('60', 'TestUser60', null, '男', '教师', 'user_picture/暂无照片.jpg', '1994-08-30', '江苏', '苏州');
INSERT INTO `user_info` VALUES ('61', 'TestUser61', null, '女', '学生', 'user_picture/暂无照片.jpg', '1994-08-30', '福建', '福州');
INSERT INTO `user_info` VALUES ('62', 'TestUser62', null, '男', '学生', 'user_picture/暂无照片.jpg', '1994-08-30', '福建', '福州');
INSERT INTO `user_info` VALUES ('63', 'TestUser63', null, '女', '公司职员', 'user_picture/暂无照片.jpg', '1994-08-30', '福建', '福州');
INSERT INTO `user_info` VALUES ('64', 'TestUser64', null, '男', '学生', 'user_picture/暂无照片.jpg', '1994-08-30', '福建', '福州');
INSERT INTO `user_info` VALUES ('65', 'TestUser65', null, '女', '教师', 'user_picture/暂无照片.jpg', '1994-08-30', '福建', '福州');
INSERT INTO `user_info` VALUES ('66', 'TestUser66', null, '男', '公务员', 'user_picture/暂无照片.jpg', '1994-08-30', '福建', '福州');
INSERT INTO `user_info` VALUES ('67', 'TestUser67', null, '女', '学生', 'user_picture/暂无照片.jpg', '1994-08-30', '福建', '福州');
INSERT INTO `user_info` VALUES ('68', 'TestUser68', null, '男', '学生', 'user_picture/暂无照片.jpg', '1994-08-30', '福建', '福州');
INSERT INTO `user_info` VALUES ('69', 'TestUser69', null, '女', '公务员', 'user_picture/暂无照片.jpg', '1994-08-30', '福建', '福州');
INSERT INTO `user_info` VALUES ('70', 'TestUser70', null, '男', '教师', 'user_picture/暂无照片.jpg', '1994-08-30', '福建', '福州');
INSERT INTO `user_info` VALUES ('71', 'TestUser71', null, '女', '学生', 'user_picture/暂无照片.jpg', '1994-08-30', '福建', '厦门');
INSERT INTO `user_info` VALUES ('72', 'TestUser72', null, '男', '公务员', 'user_picture/暂无照片.jpg', '1994-08-30', '福建', '厦门');
INSERT INTO `user_info` VALUES ('73', 'TestUser73', null, '女', '学生', 'user_picture/暂无照片.jpg', '1994-08-30', '福建', '厦门');
INSERT INTO `user_info` VALUES ('74', 'TestUser74', null, '男', '学生', 'user_picture/暂无照片.jpg', '1994-08-30', '福建', '厦门');
INSERT INTO `user_info` VALUES ('75', 'TestUser75', null, '女', '教师', 'user_picture/暂无照片.jpg', '1994-08-30', '福建', '厦门');
INSERT INTO `user_info` VALUES ('76', 'TestUser76', null, '男', '学生', 'user_picture/暂无照片.jpg', '1994-08-30', '福建', '厦门');
INSERT INTO `user_info` VALUES ('77', 'TestUser77', null, '女', '公司职员', 'user_picture/暂无照片.jpg', '1994-08-30', '福建', '厦门');
INSERT INTO `user_info` VALUES ('78', 'TestUser78', null, '男', '公务员', 'user_picture/暂无照片.jpg', '1994-08-30', '福建', '厦门');
INSERT INTO `user_info` VALUES ('79', 'TestUser79', null, '女', '学生', 'user_picture/暂无照片.jpg', '1994-08-30', '福建', '厦门');
INSERT INTO `user_info` VALUES ('80', 'TestUser80', null, '男', '教师', 'user_picture/暂无照片.jpg', '1994-08-30', '福建', '厦门');
INSERT INTO `user_info` VALUES ('81', 'TestUser81', null, '女', '公务员', 'user_picture/暂无照片.jpg', '1994-08-30', '广东', '广州');
INSERT INTO `user_info` VALUES ('82', 'TestUser82', null, '男', '学生', 'user_picture/暂无照片.jpg', '1994-08-30', '广东', '广州');
INSERT INTO `user_info` VALUES ('83', 'TestUser83', null, '女', '学生', 'user_picture/暂无照片.jpg', '1994-08-30', '广东', '广州');
INSERT INTO `user_info` VALUES ('84', 'TestUser84', null, '男', '公司职员', 'user_picture/暂无照片.jpg', '1994-08-30', '广东', '广州');
INSERT INTO `user_info` VALUES ('85', 'TestUser85', null, '女', '教师', 'user_picture/暂无照片.jpg', '1994-08-30', '广东', '广州');
INSERT INTO `user_info` VALUES ('86', 'TestUser86', null, '男', '学生', 'user_picture/暂无照片.jpg', '1994-08-30', '广东', '广州');
INSERT INTO `user_info` VALUES ('87', 'TestUser87', null, '女', '公务员', 'user_picture/暂无照片.jpg', '1994-08-30', '广东', '广州');
INSERT INTO `user_info` VALUES ('88', 'TestUser88', null, '男', '学生', 'user_picture/暂无照片.jpg', '1994-08-30', '广东', '广州');
INSERT INTO `user_info` VALUES ('89', 'TestUser89', null, '女', '学生', 'user_picture/暂无照片.jpg', '1994-08-30', '广东', '广州');
INSERT INTO `user_info` VALUES ('90', 'TestUser90', null, '男', '教师', 'user_picture/暂无照片.jpg', '1994-08-30', '广东', '广州');
INSERT INTO `user_info` VALUES ('91', 'TestUser91', null, '女', '公司职员', 'user_picture/暂无照片.jpg', '1994-08-30', '广东', '深圳');
INSERT INTO `user_info` VALUES ('92', 'TestUser92', null, '男', '学生', 'user_picture/暂无照片.jpg', '1994-08-30', '广东', '深圳');
INSERT INTO `user_info` VALUES ('93', 'TestUser93', null, '女', '公务员', 'user_picture/暂无照片.jpg', '1994-08-30', '广东', '深圳');
INSERT INTO `user_info` VALUES ('94', 'TestUser94', null, '男', '学生', 'user_picture/暂无照片.jpg', '1994-08-30', '广东', '深圳');
INSERT INTO `user_info` VALUES ('95', 'TestUser95', null, '女', '教师', 'user_picture/暂无照片.jpg', '1994-08-30', '广东', '深圳');
INSERT INTO `user_info` VALUES ('96', 'TestUser96', null, '男', '公务员', 'user_picture/暂无照片.jpg', '1994-08-30', '广东', '深圳');
INSERT INTO `user_info` VALUES ('97', 'TestUser97', null, '女', '学生', 'user_picture/暂无照片.jpg', '1994-08-30', '广东', '深圳');
INSERT INTO `user_info` VALUES ('98', 'TestUser98', null, '男', '公司职员', 'user_picture/暂无照片.jpg', '1994-08-30', '广东', '深圳');
INSERT INTO `user_info` VALUES ('99', 'TestUser99', null, '女', '公务员', 'user_picture/暂无照片.jpg', '1994-08-30', '广东', '深圳');
INSERT INTO `user_info` VALUES ('100', 'TestUser100', null, '男', '教师', 'user_picture/暂无照片.jpg', '1994-08-30', '广东', '深圳');
INSERT INTO `user_info` VALUES ('109', 'zhangsan', '', 'ç·', 'å­¦ç', 'user_picture/暂无照片.jpg', '2017-05-23', 'çè', 'å°å·');
INSERT INTO `user_info` VALUES ('110', 'lisi', '', 'ç·', 'å­¦ç', 'user_picture/暂无照片.jpg', '2017-05-23', 'çè', 'å°å·');
INSERT INTO `user_info` VALUES ('111', 'gqegq', '', 'ç·', 'åæ¾', 'user_picture/暂无照片.jpg', '2017-05-04', 'çè', 'å°å·');
INSERT INTO `user_info` VALUES ('112', 'AEWGA', '', 'ç·', 'AV', 'user_picture/暂无照片.jpg', '2017-05-06', 'çè', 'å°å·');
INSERT INTO `user_info` VALUES ('113', 'wangwu', '', 'ç·', 'å­¦ç', 'user_picture/暂无照片.jpg', '2017-05-24', 'çè', 'å°å·');

-- ----------------------------
-- Table structure for writers_info
-- ----------------------------
DROP TABLE IF EXISTS `writers_info`;
CREATE TABLE `writers_info` (
  `writer_id` int(11) NOT NULL AUTO_INCREMENT,
  `writer_name` varchar(20) NOT NULL,
  `picture` varchar(100) DEFAULT NULL,
  `birthday` date DEFAULT NULL,
  `nation` varchar(20) DEFAULT NULL,
  `brief_introduction` text,
  `hot_degree` double NOT NULL,
  `if_contract` tinyint(4) NOT NULL,
  `identity_lable` varchar(50) NOT NULL,
  PRIMARY KEY (`writer_id`)
) ENGINE=InnoDB AUTO_INCREMENT=43 DEFAULT CHARSET=utf8;

-- ----------------------------
-- Records of writers_info
-- ----------------------------
INSERT INTO `writers_info` VALUES ('1', '林徽因', 'writer_picture/林徽因.jpg', '1904-06-10', '中国', '林徽因（1904年6月10日－1955年4月1日），女，汉族，福建闽县（今福州）人，出生于浙江杭州。原名林徽音，其名出自“《诗·大雅·思齐》：大姒嗣徽音，则百斯男”。后因常被人误认为当时一男作家“林微音”，故改名“徽因”。\r\n中国著名建筑师、诗人、作家，人民英雄纪念碑和中华人民共和国国徽深化方案的设计者之一、建筑师梁思成的第一任妻子。二十世纪三十年代初，同梁思成一起用现代科学方法研究中国古代建筑，成为这个学术领域的开拓者，后来在这方面获得了巨大的学术成就，为中国古代建筑研究奠定了坚实的科学基础。文学上，著有散文、诗歌、小说、剧本、译文和书信等，代表作《你是人间四月天》、《莲灯》、《九十九度中》等。其中，《你是人间四月天》最为大众熟知，广为传诵。', '99', '0', '中国著名建筑师、诗人、作家');
INSERT INTO `writers_info` VALUES ('2', '王国维', 'writer_picture/王国维.jpg', '1877-12-03', '中国', '王国维（1877年12月3日－1927年6月2日），初名国桢，字静安，亦字伯隅，初号礼堂，晚号观堂，又号永观，谥忠悫。汉族，浙江省海宁人。王国维是中国近、现代相交时期一位享有国际声誉的著名学者。\r\n王国维早年追求新学，接受资产阶级改良主义思想的影响，把西方哲学、美学思想与中国古典哲学、美学相融合，研究哲学与美学，形成了独特的美学思想体系，继而攻词曲戏剧，后又治史学、古文字学、考古学。郭沫若称他为新史学的开山，不止如此，他平生学无专师，自辟户牖，成就卓越，贡献突出，在教育、哲学、文学、戏曲、美学、史学、古文学等方面均有深诣和创新，为中华民族文化宝库留下了广博精深的学术遗产。', '99', '0', '近代享有国际声誉的著名学者');
INSERT INTO `writers_info` VALUES ('3', '亨利·戴维·梭罗', 'writer_picture/亨利·戴维·梭罗.jpg', '1817-07-12', '美国', '亨利·戴维·梭罗（Henry David Thoreau，1817-1862），美国作家、哲学家，超验主义代表人物，也是一位废奴主义及自然主义者，有无政府主义倾向，曾任职土地勘测员。\r\n毕业于哈佛大学，曾协助爱默生编辑评论季刊《日晷》。写有许多政论，反对美国与墨西哥的战争，一生支持废奴运动，他到处演讲倡导废奴，并抨击逃亡奴隶法。其思想深受爱默生影响，提倡回归本心，亲近自然。1845年，在距离康科德两英里的瓦尔登湖畔隐居两年，自耕自食，体验简朴和接近自然的生活，以此为题材写成的长篇散文《瓦尔登湖》（又译为《湖滨散记》）（1854），成为超验主义经典作品。梭罗才华横溢，一生共创作了二十多部一流的散文集，被称为自然随笔的创始者，其文简练有力，朴实自然，富有思想性，在美国19世纪散文中独树一帜。而《瓦尔登湖》在美国文学中被公认为是最受读者欢迎的非虚构作品。\r\n其他作品有政论《论公民的不服从义务》（又译为《消极抵抗》、《论公民抗命》、《公民不服从论》）（1849）、《没有规则的生活》（1863），游记《马萨诸塞自然史》、《康科德及梅里马克河畔一周》、《缅因森林》等。《瓦尔登湖》记载了他在瓦尔登湖的隐逸生活，而《公民不服从》则讨论面对政府和强权的不义，为公民主动拒绝遵守若干法律提出辩护。', '99', '0', '美国作家、哲学家，超验主义代表人物');
INSERT INTO `writers_info` VALUES ('4', '沈复', 'writer_picture/沈复.jpg', '1763-03-27', '中国', '沈复 （1763年—1832年），字三白，号梅逸，长洲（今江苏苏州），清代杰出的文学家。\r\n清乾隆二十八年（1763年）出生于姑苏城南沧浪亭畔士族文人之家。没有参加过科举考试，曾以卖画维持生计，十九岁入幕，此后四十余年流转于全国各地。后到苏州从事酒业。\r\n他与妻子陈芸感情甚好，因遭家庭变故，夫妻曾旅居外地，历经坎坷。妻子死后，他去四川充当幕僚，此后情况不明。\r\n著有自传体作品《浮生六记》六卷（后佚两卷），影响甚大，1936年林语堂曾将这部作品译成英文在国外出版。', '99', '0', '清代杰出的文学家');
INSERT INTO `writers_info` VALUES ('5', '周国平', 'writer_picture/周国平.jpg', '1745-07-25', '中国', '周国平，中国社会科学院哲学研究所研究员，中国当代著名学者、作家、哲学研究者，是中国研究哲学家尼采的著名学者之一。1945年生于上海，1967年毕业于北京大学哲学系，1981年毕业于中国社会科学院研究生院哲学系。\r\n著有：《尼采：在世纪的转折点上》《尼采与形而上学》，散文集《守望的距离》《各自的朝圣路》《安静》《善良丰富高贵》，纪实作品《妞妞：一个父亲的札记》《岁月与性情——我的心灵自传》《偶尔远行》《宝贝，宝贝》，随感集《人与永恒》《风中的纸屑》《碎句与短章》，诗集《忧伤的情欲》，以及《人生哲思录》《周国平人文讲演录》等，译有《尼采美学文选》《尼采诗集》《偶像的黄昏》等。', '99', '0', '当代著名学者、作家、哲学家');
INSERT INTO `writers_info` VALUES ('6', '贾平凹', 'writer_picture/贾平凹.jpg', '1952-02-21', '中国', '贾平凹，1952年2月21日生于陕西省商洛市丹凤县棣花镇，当代作家。\r\n1974年开始发表作品。1975年毕业于西北大学中文系。1978年凭借《满月儿》，获得首届全国优秀短篇小说奖。1982年发表作品《鬼城》《二月杏》。1992年创刊《美文》。1993年创作《废都》。2003年，先后担任西安建筑科技大学人文学院院长、文学院院长。2008年凭借《秦腔》，获得第七届茅盾文学奖。2011年凭借《古炉》 ，获得施耐庵文学奖 。\r\n2017年3月22日，澳门大学向贾平凹颁授了荣誉博士学位。', '99', '0', '《秦腔》的作者，获矛盾文学奖');
INSERT INTO `writers_info` VALUES ('7', '东野圭吾', 'writer_picture/东野圭吾.jpg', '1958-02-04', '日本', '东野圭吾（ひがしの けいご，Higashino Keigo），日本推理小说作家。代表作有《放学后》《秘密》《白夜行》《以眨眼干杯》《神探伽利略》《嫌疑人X的献身》《预知梦》《湖畔》等。\r\n1958年2月4日出生于日本大阪。毕业于大阪府立大学电气工学专业，之后在汽车零件供应商日本电装担任生产技术工程师，并进行推理小说的创作。1985年，凭借《放学后》获得第31回江户川乱步奖，从此成为职业作家，开始专职写作。\r\n1999年《秘密》获第52届日本推理作家协会奖，2006年《嫌疑人X的献身》获134届直木奖，东野圭吾从而达成了日本推理小说史上罕见的“三冠王”。\r\n2016年3月，第十届中国作家富豪榜子榜单“外国作家富豪榜”重磅发布，东野圭吾以2025万元的年度版税收入，荣登外国作家富豪榜第2位。2017年，东野圭吾小说《绑架游戏》将拍成网剧。', '99', '0', '日本推理小说作家');
INSERT INTO `writers_info` VALUES ('8', '克莱儿·麦克福尔', 'writer_picture/克莱儿·麦克福尔.jpg', null, '英国', '克莱儿·麦克福尔，居住在苏格兰格拉斯哥南部，是英国文坛备受瞩目的实力作家。\r\n她的作品往往在出其不意的情节架构中饱含感人至深的真情，贯穿着人生思索和人性独白。《摆渡人》是她最著名的作品，一举摘得五项世界文学大奖，版权销售33个国家，是令千万读者灵魂震颤的心灵治愈小说。', '99', '0', '英国文坛备受瞩目的实力作家');
INSERT INTO `writers_info` VALUES ('9', '加·泽文', 'writer_picture/加·泽文.jpg', '1977-01-01', '美国', '加·泽文 (Gabrielle Zevin ，1977— ) \r\n美国作家、电影剧本编剧。年轻并极富魅力，深爱阅读与创作，为《纽约时报书评》撰稿，现居洛杉矶。\r\n毕业于哈佛大学英美文学系，已经出版了八本小说，作品被翻译成二十多种语言。14岁时，她写了一封关于“枪与玫瑰乐团”的信函投给当地报社，措辞激烈，意外获得该报的乐评人一职，迈出了成为作家的第一步。一直以来，她对书、书店以及爱书人的未来，充满见解。她的第八本小说《岛上书店》在2014年以史无前例的最高票数，获选美国独立书商选书第一名。', '99', '0', '美国作家、《岛上书店》、《玛格丽特小镇》、《时光倒流的女孩》作者。');
INSERT INTO `writers_info` VALUES ('10', '太宰治', 'writer_picture/太宰治.jpg', '1909-06-19', '日本', '太宰治（だざい おさむ），本名津岛修治（つしま しゅうじ），日本小说家，日本战后无赖派文学代表作家。主要作品有小说《逆行》、《斜阳》和《人间失格》等。\r\n太宰治从学生时代起已希望成为作家，21岁时和银座咖啡馆女侍投海自杀未遂。1935年《晚年》一书中作品《逆行》列为第一届芥川奖的候选作品。结婚后，写出了《富岳百景》及《斜阳》等作品，成为当代流行作家。1948年6月13日深夜与崇拜他的女读者山崎富荣跳玉川上水自杀，时年39岁，留下了《人间失格》等作品。', '99', '0', '日本小说家，日本战后无赖派文学代表作家');
INSERT INTO `writers_info` VALUES ('11', '卡勒德·胡赛尼', 'writer_picture/卡勒德·胡赛尼.jpg', '1965-01-01', '美国', '卡勒德·胡赛尼（Khaled Hosseini），1965年生于阿富汗喀布尔市，后随父亲迁往美国。胡赛尼毕业于加州大学圣地亚哥医学系，现居加州。“立志拂去蒙在阿富汗普通民众面孔的尘灰，将背后灵魂的悸动展示给世人。”著有小说《追风筝的人》(The Kite Runner，2003）、《灿烂千阳》(A Thousand Splendid Suns，2007)、《群山回唱》（And the Mountains Echoed,2013）。作品全球销量超过4000万册。2006年，因其作品巨大的国际影响力，胡赛尼获得联合国人道主义奖，并受邀担任联合国难民署亲善大使。', '99', '0', '联合国人道主义奖，担任联合国难民署亲善大使');
INSERT INTO `writers_info` VALUES ('12', '黄仁宇', 'writer_picture/黄仁宇.jpg', '1916-06-25', '美国', '黄仁宇，美籍华人，1936年考入南开大学理学院机电工程系。抗日战争爆发后，黄仁宇辍学参军，1940年自成都中央军校毕业后，任陆军第十四师排长及代理连长，1943年加入驻印远征军，任新一军上尉参谋。后赴美求学，密歇根大学历史博士，以历史学家、中国历史明史专家，大历史观的倡导者而为世人所知。著有《万历十五年》、《中国大历史》等畅销书。', '99', '0', '美籍华人，教授');
INSERT INTO `writers_info` VALUES ('13', '当年明月', 'writer_picture/当年明月.jpg', '1979-01-01', '中国', '当年明月，本名石悦。1979年出生在宜昌一个普通干部家庭，曾经是广东顺德海关公务员，以《明朝那些事儿》成名于互联网，截至2014年《明朝那些事儿》累计销量过千万册，创下中国图书销量奇迹。\r\n2009年4月7日，作为全集结束本的《明朝那些事儿》第七册，已经完稿出版。2011年11月21日，“2011第六届中国作家富豪榜”重磅发布，当年明月以575万元的年度版税收入，荣登作家富豪榜第8位。\r\n石悦在隆化县的挂职时间为一年。据介绍，石悦到隆化县挂职副县长之前在国家环保部工作，而国家环保部一直和隆化县保持着良好的关系。此前，亦有环保部工作人员在该县挂职锻炼的先例。', '99', '1', '《明朝那些事儿》的作者');
INSERT INTO `writers_info` VALUES ('14', '彼得·弗兰科潘', 'writer_picture/暂无照片.jpg', null, '英国', '英国著名历史学家。牛津大学伍斯特学院高级研究员，牛津大学拜占庭研究中心主任。曾多次在哈佛大学、剑桥大学、牛津大学、耶鲁大学、普林斯顿大学、纽约大学等世界知名学府公开演讲。', '99', '0', '英国著名历史学家');
INSERT INTO `writers_info` VALUES ('15', '尤瓦尔·赫拉利', 'writer_picture/尤瓦尔·赫拉利.jpg', '1976-01-01', '以色列', '尤瓦尔·赫拉利（Yuval Noah Harari），1976年生，牛津大学历史学博士，现为耶路撒冷希伯来大学的历史系教授，青年怪才，全球瞩目的新锐历史学家。他擅长世界历史和宏观历史进程研究。在学术领域和大众出版领域都有很大的兴趣。《人类简史》让他一举成名，成为以色列超级畅销书，目前这本书已授20多个国家版权，在历史学之外，人类学、生态学、基因学等领域的知识信手拈来，根据图书改编的课程上传YOUTUBE后风靡全球，拥有大批青年粉丝。', '99', '0', '牛津大学历史学博士，耶路撒冷希伯来大学的历史系教授');
INSERT INTO `writers_info` VALUES ('16', '袁腾飞', 'writer_picture/袁腾飞.jpg', '1972-02-08', '中国', '袁腾飞，男，1972年2月生，北京人，中国著名历史老师，北京海淀区教师进修学校高级教师、历史教研员，海淀区历史学科带头人。从教十余年，常年担任高三历史教师，高中新课标历史教材（人教版）编写者之一。以授课语言简洁准确的灵活多变的授课语言向学生们传授历史知识。\r\n2008年下半年登上央视“百家讲坛”节目主讲“两宋风云”，并于翌年7-8月播出，由此一战成名。2010年4月再次主讲“塞北三朝之辽”。后来终止与央视合作，转而与泰学传媒合作制作大型历史讲座纪录片《腾飞五千年》。2011年，袁腾飞开通新浪微博，截止2015年9月18日，粉丝数已高达1134万人，微博上的标语为“读历史即是读人心”。\r\n出版图书《历史是个什么玩意儿》、《两宋风云》、《战争就是这么回事儿》等。先后被中国教育电视台“教育人生”和中央电视台“小崔说事”邀请录制节目，并荣登“2010第五届中国作家富豪榜”第21位。', '99', '1', '中国著名历史老师');
INSERT INTO `writers_info` VALUES ('17', '稻盛和夫', 'writer_picture/稻盛和夫.jpg', '1932-01-30', '日本', '稻盛和夫，1932年出生于日本鹿儿岛，鹿儿岛大学工学部毕业。27岁创办京都陶瓷株式会社（现名京瓷Kyocera），52岁创办第二电信（原名DDI，现名KDDI，目前在日本为仅次于NTT的第二大通讯公司），这两家公司又都在他的有生之年进入世界500强，两大事业皆以惊人的力道成长。', '99', '0', '创立了“盛和塾”');
INSERT INTO `writers_info` VALUES ('18', '付守永', 'writer_picture/付守永.jpg', null, '中国', '中国价值型企业研究中心 高级研究员价值型企业理论的创建者、实践者、传播者，曾任世界500强企业职业经理人，3年时间带领1500人的团队缔造30个亿的销售神话！中国教育培训产业的革新人物，北京大学经济管理学院 特聘讲师，被业界誉为“用生命演讲的人\"。\r\n五辰鸿道教育产业集团董事长、创始人付守永老师，经过对中国成长型企业近十年的研究，设计并完善了价值型企业理论体系，并受聘于中国价值型企业研究中心出任主任研究员。付守永老师曾担任世界500强企业职业经理人，3年时间带领1500人团队创造30多个亿的销售神话，畅销书《持续赢利》、《价值型企业》作者、被业界誉为“用生命演讲的人”。付守永老师的课程震撼、颠覆、系统、实战！\r\n顶尖实战派个人成长及销售训练师，倡导“顾客需求导向式”培训；', '99', '1', '北京大学经济管理学院特聘讲师');
INSERT INTO `writers_info` VALUES ('19', '德鲁克', 'writer_picture/德鲁克.jpg', '1909-11-19', '美国', '彼得·德鲁克小传，管理学科开创者，他被尊为“大师中的大师”、“现代管理学之父”，他的思想传播影响了130多个国家；他称自己是“社会生态学家”，他对社会学和经济学的影响深远，他的著作架起了从工业时代到知识时代的桥梁。 1909年彼得·德鲁克生于维也纳的一个书香', '99', '0', '现代管理学之父');
INSERT INTO `writers_info` VALUES ('20', '罗伯特·B·西奥迪尼', 'writer_picture/罗伯特·B·西奥迪尼.jpg', '1945-04-27', '美国', '罗伯特·B·西奥迪尼(Robert B. Cialdini)全球知名的说服术与影响力研究权威。他分别被威斯康星大学、北卡罗莱纳大学和哥伦比亚大学的心理学中授予本科、硕士和博士的学位。罗伯特·B·西奥迪尼(Robert B. Cialdini)博士是亚利桑那州立大学心理学名誉教授(Emeritus Professor Psychology)。他曾任美国人格与社会心理学协会（Society for Personality and Social Psychology）的主席，并获得消费心理协会（Society for Consumer Psychology）颁发的杰出科学贡献奖。他的研究发表在许多杂志上，包括《社会心理学手册》(Handbook of Social Psychology)、《个性与社会心理学杂志》(Journal of Personality and Social Psychology)等。他的著作《影响力》已被翻译成26种语言，在全球售出了200万册，并被《财富》杂志评选的75本必读的最睿智的图书之一。', '99', '0', '人格与社会心理学学会会长');
INSERT INTO `writers_info` VALUES ('21', '芭芭拉·明托', 'writer_picture/芭芭拉·明托.jpg', null, '美国', '芭芭拉·明托(Barbara Minto)在美国俄亥俄州克利夫兰市出生和长大。\r\n明托1961年进入哈佛商学院，为第一批女学员之一；1963年被麦肯锡顾问公司(McKinsey & Company)聘为该公司有史以来第一位女性顾问。她在写作方面的长才很快得到赏识，并于1966年被派往伦敦，负责提高麦肯锡公司日益增多的欧洲员工的写作能力。\r\n1973年她成立自己的公司Minto International, Inc.，推广明托金字塔原理(Minto Pyramid Principle)，针对商业或专业人士，以及在工作中需要撰写复杂的报告、研究论文、备忘录或简报文件的芸芸大众。\r\n三十多年来，致力于向人们传授金字塔原理，对象是那些接受过商业或专业培训，但在工作中需要撰写复杂的报告、研究性文章、备忘录或演示文稿的人士以及其他社会各界人士。迄今，明托已为美国、欧洲、澳大利亚、新西兰和中东等国家和地区的绝大部分公司和许多管理咨询公司讲过课，并在哈佛商学院、史丹佛商学院、芝加哥商学院、伦敦商学院，以及纽约州立大学等做过讲座。现在，金字塔原理已成为麦肯锡公司的公司标准，并被认为是麦肯锡公司组织结构的一个重要部分。', '99', '0', '金字塔原理奠基人');
INSERT INTO `writers_info` VALUES ('22', '吴晓波', 'writer_picture/吴晓波.jpg', '1968-09-09', '中国', '吴晓波，1968年出生，毕业于复旦大学新闻系。财经作家，“蓝狮子”财经图书出版人，曾任上海交通大学、暨南大学EMBA课程教授，常年从事公司研究。2009年被《南方人物周刊》评为年度“中国青年领袖”。\r\n2015年7月27日，成为绿地控股股份有限公司独董候选人。', '99', '1', '财经作家');
INSERT INTO `writers_info` VALUES ('23', '佐佐木圭一', 'writer_picture/佐佐木圭一.jpg', null, '日本', '日本沟通专家、广告鬼才、文案写作大师，毕业于日本国际型大学上智大学的研究生院，后进入日本知名广告公司博报堂工作。作者原本不擅长沟通和表达，在历经无数次尝试和失败后，发现了打动人心的语言奥秘，成为首位获得美国广告大奖“金铅笔奖”的日本人。他被视为亚洲最成功的广告策划人，前后共获得日本国内外51项大奖。\r\n作者曾于丰田汽车、大冢商会、USJ、索尼生命保险、东京大学、上智大学等机构，进行了超过300次的以说话为主题的演讲。曾主持NHK的《夕时》、日本电视台的《全世界最想上的课》、朝日电视台的《拜托了！排名》、东京电视台的《FOOT×BRAIN》等节目，在《an•an》杂志上发表多篇连载。目前正在为“提升日本的基础交流能力”而精力十足地展开活动。', '99', '0', '《所谓情商高，就是会说话》的作者');
INSERT INTO `writers_info` VALUES ('24', '埃克哈特·托利', 'writer_picture/暂无照片.jpg', null, '德国', '作者是《纽约时报》埃克哈特·托利', '99', '0', '剑桥大学研究员、导师');
INSERT INTO `writers_info` VALUES ('25', '张德芬', 'writer_picture/张德芬.jpg', null, '中国', '张德芬，女，生于台湾，作家。台湾大学企管系毕业，担任台湾电视公司新闻记者/主播多年后，去美国加州大学洛杉矶分校取得了企管硕士（MBA）的学位。2002年开始，她受到启发与指引，辞去高薪的工作，专心研修瑜伽以及各类心灵成长课程。', '99', '1', '身心灵作家');
INSERT INTO `writers_info` VALUES ('26', '慕颜歌', 'writer_picture/暂无照片.jpg', null, '中国', '   慕颜歌，一个选择拥抱世间温暖的治愈师，一个行走在文字世界里的灵动舞者，感情细腻、喜欢思考、长期致力于心理研究，著述和译作颇多。\r\n   作品包括《让未来的你，感谢现在拼命的自己》《这一生为自己而活》《人生有多残酷，你就该有多坚强》等。', '99', '1', '作家、翻译、心理咨询师');
INSERT INTO `writers_info` VALUES ('27', '李尚龙', 'writer_picture/李尚龙.jpg', '1990-04-18', '中国', '李尚龙 \r\n\r\n百万畅销书作家、中国优质新偶像，青年导演、编剧，考虫网联合创始人。 \r\n\r\n曾荣获CCTV\"希望之星\"英语风采大赛北京市冠军，全国季军。 \r\n从重点军校毅然退学，加入\"新东方\"，成为广受学生追捧的年轻派英语老师。 \r\n北影进修后，导演作品《断梦人》《回不去的流年》，在博纳影城上映。 \r\n继续前行，成立\"龙影部落\"工作室，联合创立考虫网。 \r\n在不断努力、拼搏的人生道路上，出版了百万畅销书《你只是看起来很努力》《你所谓的稳定，不过是在浪费生命》。 \r\n获\"当当2015年度影响力作家\"\"亚马逊中国2015年度新锐作家\"\"微博2016十大影响力文化大V\"等称号。 ', '99', '1', '青年作家');
INSERT INTO `writers_info` VALUES ('28', '史蒂芬·柯维', 'writer_picture/史蒂芬·柯维.jpg', '1932-10-24', '美国', '史蒂芬·柯维（Stephen Richards Covey，1932年10月24日－2012年7月16日），是美国著名的管理学大师。曾被美国《时代周刊》誉为“思想巨匠”，“人类潜能的导师”，并入选影响美国历史进程的25位人物之一。他是柯维领导中心的创始人，也是富兰克林柯维公司（Franklin Covey）的联合主席。他是世界500强企业众望所归的新智慧学家，是美国家喻户晓的启蒙家。他的《高效能人士的7个习惯》一书销量过亿册，并被翻译成28种语言出版。他的另一本书《领导者准则》也是畅销书。', '99', '0', '美国著名的管理学大师、励志大师');
INSERT INTO `writers_info` VALUES ('29', '丰子恺', 'writer_picture/丰子恺.jpg', '1898-11-09', '中国', '丰子恺（1898年11月9日－1975年9月15日），光绪二十四年生，浙江省嘉兴市桐乡市石门镇人。原名丰润，又名仁、仍，号子觊，后改为子恺，笔名TK，以中西融合画法创作漫画以及散文而著名。', '99', '0', '画家、散文家、美术教育家');
INSERT INTO `writers_info` VALUES ('30', '白岩松', 'writer_picture/白岩松.jpg', '1968-08-20', '中国', '白岩松，1968年8月20日出生于内蒙古自治区呼伦贝尔市，中国内地节目主持人、记者，毕业于中国传媒大学新闻系。\r\n1993年，白岩松参与创办《东方时空》，并推出了《东方之子》等栏目 。1997年主持了香港回归、三峡大坝截流等节目直播。1999年参加了澳门回归直播、国庆五十周年庆典转播。 2000年被授予“中国十大杰出青年” 。2003年，开始主持中央电视台新闻频道的新闻专题节目《中国周刊》（后更名为《新闻周刊》）。担任2004和2008年两届奥运火炬手 。2009年，荣获“话语主持群星会年度终身成就奖”。2010年，获得“优秀播音员主持”奖 。2016年8月6日，在里约奥运会开幕式关键词中，“段子手”白岩松上榜，排名第四', '99', '0', '中国内地节目主持人、记者');
INSERT INTO `writers_info` VALUES ('31', '汪曾祺', 'writer_picture/汪曾祺.jpg', '1920-03-05', '中国', '汪曾祺，江苏高邮人，1920年3月5日出生，中国当代作家、散文家、戏剧家、京派作家的代表人物。被誉为“抒情的人道主义者，中国最后一个纯粹的文人，中国最后一个士大夫。”汪曾祺在短篇小说创作上颇有成就，对戏剧与民间文艺也有深入钻研。作品有《受戒》《晚饭花集》《逝水》《晚翠文谈》等。', '99', '0', '中国当代作家、散文家、戏剧家');
INSERT INTO `writers_info` VALUES ('32', '三毛', 'writer_picture/三毛.jpg', '1943-03-26', '中国', '三毛（1943—1991），女，原名陈懋（mào）平（后改名为陈平），中国现代作家，1943年出生于重庆，1948年，随父母迁居台湾。1967年赴西班牙留学，后去德国、美国等。1973年定居西属撒哈拉沙漠和荷西结婚。1981年回台后，曾在文化大学任教，1984年辞去教职，而以写作、演讲为重心。', '99', '0', '中国当代作家、散文家、戏剧家');
INSERT INTO `writers_info` VALUES ('33', '高铭', 'writer_picture/高铭.jpg', '1974-01-01', '中国', '高铭，男，汉族。生于1974年的北京。任职于某公司项目总监。2010年出版了一本《天才在左疯子在右》，他本人因为这本书为大家所熟悉。', '99', '0', '出版国内第一本精神病人访谈手记――《天才在左疯子在右》');
INSERT INTO `writers_info` VALUES ('34', '凯特·汤普森', 'writer_picture/凯特·汤普森.jpg', '1956-01-01', '英国', '凯特·汤普森，爱尔兰传统音乐表演文学硕士，非凡的故事讲述者，具有独特想象力的作家。喜欢赛马、旅行和小提琴。她是唯一一个四度获得爱尔兰*文学奖——比斯托奖的作者。已出版《炼金术士的学徒》《诱骗者》等作品。', '99', '0', '英国作家');
INSERT INTO `writers_info` VALUES ('35', '陈忠实', 'writer_picture/陈忠实.jpg', '1942-08-01', '中国', '陈忠实，男，中国当代著名作家，中国作家协会副主席。《白鹿原》是其成名著作，其他代表作有短篇小说集《乡村》、《到老白杨树背后去》，以及文论集《创作感受谈》。 中篇小说集《初夏》、《四妹子》，《陈忠实小说自选集》，《陈忠实文集》，散文集《告别白鸽》等。\r\n1997年获茅盾文学奖，其中《白鹿原》被教育部列入“大学生必读”系列，已发行逾160万册，被改编成秦腔、话剧、舞剧、电影等多种艺术形式。2006年12月15日，“2006第一届中国作家富豪榜”重磅发布，陈忠实以455万元的版税收入，荣登作家富豪榜第13位，引发广泛关注。', '99', '0', '中国当代著名作家，中国作家协会副主席');
INSERT INTO `writers_info` VALUES ('36', '吕思勉', 'writer_picture/吕思勉.jpg', '1884-02-27', '中国', '吕思勉（1884.2.27—1957.10.9），字诚之，笔名驽牛、程芸、芸等。汉族，江苏常州人。中国近代历史学家、国学大师。与钱穆、陈垣、陈寅恪并称为“现代中国四大史学家”（严耕望语）。毕生致力于历史研究和历史教育工作，先后在常州府中学堂、南通国文专修科、上海私立甲种商业学校、沈阳高等师范学校、苏州省立第一师范学校、沪江大学、光华大学等校任教，曾担任光华大学历史系主任、代校长。早年还曾在上海中华书局、上海商务印书馆任编辑。1951年入华东师范大学历史系任教，被评为历史学一级教授。\r\n吕思勉史学代表作品有《白话本国史》《吕著中国通史》《秦汉史》《先秦史》《两晋南北朝史》《隋唐五代史》《吕思勉读史札记》《宋代文学》《先秦学术概论》《中国民族史》《中国制度史》《文字学四种》《吕思勉读史札记》等。', '99', '0', '中国近代历史学家、国学大师');
INSERT INTO `writers_info` VALUES ('37', '西蒙·蒙蒂菲奥里', 'writer_picture/暂无照片.jpg', '1965-01-01', '英国', '西蒙·蒙蒂菲奥里，（Simon Sebag Montefiore），生于1965年，曾在剑桥大学攻读历史，英国皇家文学学会研究员。\r\n耶路撒冷旧城外第一座犹太住宅区的建造者摩西·蒙蒂菲奥里爵士的曾孙，纪录片《耶路撒冷：一座圣城的诞生》（Jerusalem: The Making of a Holy City）主持人。其作品被翻译成三十五种语言，畅销多个国家，曾获得英国科斯塔传记奖、美国《洛杉矶时报》传记图书奖、法国政治传记大奖，以及奥地利克莱斯基政治文学奖等众多大奖。《新闻周刊》评论蒙蒂菲奥里说，他能将庞大的历史书籍写成极为好看的惊悚作品；他知道怎样才能让历史变得浅显易懂；他的博学、睿智使人忍不住想向美国国务卿推荐，聘请他担任幕僚。', '99', '0', '英国皇家文学学会研究员');
INSERT INTO `writers_info` VALUES ('38', '高晓松', 'writer_picture/高晓松.jpg', '1969-11-14', '中国', '高晓松，1969年11月14日生于北京，祖籍浙江杭州  。音乐人、词曲创作者、制作人、导演、脱口秀节目主持人。\r\n1988年考入清华大学电子工程系，后退学进入北京电影学院导演系研究生预备班学习  。早期事业以电视编剧、音乐创作及制作人为主。1994年出版《校园民谣》合辑，1996年推出个人作品集《青春无悔》。1996年高晓松和宋柯创办了“麦田音乐”独立品牌，后发展成唱片公司太合麦田。1999年自编自导爱情电影《那时花开》。2002年自编自导并作曲电影《我心飞翔》，该片获得法国里昂电影节最高奖和美国雪城电影节评委会奖。时常担任各大选秀比赛评委。2011年9月9日自编自导电影《大武生》上映。2012年3月主持脱口秀栏目《晓说》开始播出。2015年7月15日下午阿里巴巴集团宣布，成立阿里音乐集团，高晓松加盟阿里音乐，出任董事长。\r\n2016年 9月19日，阿里巴巴文化娱乐集团（筹）董事长兼CEO俞永福在内部发表公开信，阿里音乐原董事长高晓松已出任阿里娱乐战略委员会主席。\r\n2011年11月8日因醉驾被判六个月拘役的高晓松从北京东城区看守所获释。2014年6月28日高晓松发布离婚声明，已与设计师妻子徐粲金于2013年6月签署离婚协议。', '99', '0', '音乐人、词曲创作者、制作人、导演、脱口秀节目主持人');
INSERT INTO `writers_info` VALUES ('39', '维克托·迈尔-舍恩伯格', 'writer_picture/维克托·迈尔-舍恩伯格.jpg', '1966-01-01', '奥地利', '维克托·迈尔-舍恩伯格是十余年潜心研究数据科学的技术权威，是最早洞见大数据时代发展趋势的数据科学家之一，也是最受人尊敬的权威发言人之一。\r\n担任耶鲁大学、芝加哥大学、弗吉尼亚大学、圣地亚哥大学、维也纳大学的客座教授。', '99', '0', '数据科学家');
INSERT INTO `writers_info` VALUES ('40', '戴尔·卡耐基', 'writer_picture/戴尔·卡耐基.jpg', '1888-11-24', '美国', '戴尔·卡耐基（Dale Carnegie，1888年11月24日—1955年11月1日），美国著名人际关系学大师，美国现代成人教育之父，西方现代人际关系教育的奠基人，被誉为是20世纪最伟大的心灵导师和成功学大师。\r\n戴尔·卡耐基利用大量普通人不断努力取得成功的故事，通过演讲和书唤起无数陷入迷惘者的斗志，激励他们取得辉煌的成功。其在1936年出版的著作《人性的弱点》，70年来始终被西方世界视为社交技巧的圣经之一。他在1912年创立卡耐基训练班，以教导人们人际沟通及处理压力的技巧。', '99', '0', '美国著名人际关系学大师、美国现代成人教育之父');
INSERT INTO `writers_info` VALUES ('41', '俞敏洪', 'writer_picture/俞敏洪.jpg', '1962-10-15', '中国', '俞敏洪，1962年10月15日出生于江苏省江阴市夏港街道，新东方教育集团创始人，英语教学与管理专家。担任新东方教育集团董事长、洪泰基金联合创始人、中国青年企业家协会副会长、中华全国青年联合会委员等职。\r\n1980年考入北京大学西语系，本科毕业后留校任教；1991年从北大辞职，1993年创办北京新东方学校，2006年带领新东方在美国纽约证交所上市，2009年获得CCTV年度经济人物，2012年获得中国最具影响力的50位商界领袖。2014年11月26日，携手华泰联合证券前董事长盛希泰共同创立洪泰基金。2015年5月，客串出演大型历史揭秘电影《旋风九日》。', '99', '0', '新东方教育集团创始人');
INSERT INTO `writers_info` VALUES ('42', '吴军', 'writer_picture/吴军.jpg', null, '美国', '吴军，原腾讯副总裁。吴军博士是当前Google中日韩文搜索算法的主要设计者。著有《数学之美》、《浪潮之巅》和《文明之光》。\r\n吴军是一个还不错的摄影爱好者，一个古典音乐迷，喜欢享受高质量的影视，比如Blu-ray的电影。平时偶尔会修理园子，甚至做点木匠活。每年旅游很多次。\r\n2012年6月15日，吴军发出微博，暗示已经从腾讯离职。', '99', '0', '当前Google中日韩文搜索算法的主要设计者');
